2024-12-04 14:50:21.863647,2024-12-04 14:50:23.408033,154562366887264,0x60,0x55,0xf9,0xda,0x92,0x8c,0x0,0x0,0x0,0x0,0x0,0x0,0x0,0x0,0x0,0x0,0x0,0x0,0x0,0x0,0x0,0x0,0x0,0x0,0x58,0xcf,0x79,0x38,0xe1,0x70,0x0,0x0,0x68,0x67,0x25,0x22,0xae,0xe6,0x0,0x0,0x68,0x67,0x25,0x25,0xf0,0xf0,0x0,0x0,0x68,0x67,0x25,0x22,0xbb,0x26,0x0,0x0,0,26,26
2024-12-04 14:50:21.863647,2024-12-04 14:50:23.408033,253635571574632,0x68,0x67,0x25,0x22,0xae,0xe6,0x0,0x0,0x0,0x0,0x0,0x0,0x0,0x0,0x0,0x0,0x0,0x0,0x0,0x0,0x0,0x0,0x0,0x0,0x60,0x55,0xf9,0xda,0x92,0x8c,0x0,0x0,0x0,0x0,0x0,0x0,0x0,0x0,0x0,0x0,0x60,0x55,0xf9,0xda,0x92,0xdc,0x0,0x0,0x68,0x67,0x25,0x25,0xe7,0xd6,0x0,0x0,0,26,26
2024-12-04 14:50:21.863647,2024-12-04 14:50:23.408033,249459652515168,0x60,0x55,0xf9,0xd9,0xe1,0xe2,0x0,0x0,0x0,0x0,0x0,0x0,0x0,0x0,0x0,0x0,0x0,0x0,0x0,0x0,0x0,0x0,0x0,0x0,0x0,0x0,0x0,0x0,0x0,0x0,0x0,0x0,0x0,0x0,0x0,0x0,0x0,0x0,0x0,0x0,0x68,0x67,0x25,0x25,0xfd,0x54,0x0,0x0,0x68,0x67,0x25,0x24,0x8c,0x2a,0x0,0x0,0,26,26
2024-12-04 14:50:21.863647,2024-12-04 14:50:23.408033,176373471995752,0x68,0x67,0x25,0x26,0x69,0xa0,0x0,0x0,0x0,0x0,0x0,0x0,0x0,0x0,0x0,0x0,0x0,0x0,0x0,0x0,0x0,0x0,0x0,0x0,0x68,0x67,0x25,0x23,0xb4,0x68,0x0,0x0,0x0,0x0,0x0,0x0,0x0,0x0,0x0,0x0,0x58,0xcf,0x79,0x38,0xe2,0xe4,0x0,0x0,0x0,0x0,0x0,0x0,0x0,0x0,0x0,0x0,0,26,26
2024-12-04 14:50:21.863647,2024-12-04 14:50:23.408033,46781390219112,0x68,0x67,0x25,0x24,0x8c,0x2a,0x0,0x0,0x0,0x0,0x0,0x0,0x0,0x0,0x0,0x0,0x0,0x0,0x0,0x0,0x0,0x0,0x0,0x0,0x0,0x0,0x0,0x0,0x0,0x0,0x0,0x0,0x0,0x0,0x0,0x0,0x0,0x0,0x0,0x0,0x60,0x55,0xf9,0xd9,0xe1,0xe2,0x0,0x0,0x68,0x67,0x25,0x25,0xff,0x7e,0x0,0x0,0,26,26
2024-12-04 14:50:21.863647,2024-12-04 14:50:23.408033,185113696888680,0x68,0x67,0x25,0x24,0x5c,0xa8,0x0,0x0,0x0,0x0,0x0,0x0,0x0,0x0,0x0,0x0,0x0,0x0,0x0,0x0,0x0,0x0,0x0,0x0,0x0,0x0,0x0,0x0,0x0,0x0,0x0,0x0,0x68,0x67,0x25,0x22,0xbb,0x26,0x0,0x0,0x58,0xcf,0x79,0x38,0xe1,0x70,0x0,0x0,0x68,0x67,0x25,0x25,0xfb,0x5c,0x0,0x0,0,26,26
2024-12-04 14:50:21.863647,2024-12-04 14:50:23.408033,93446226667368,0x68,0x67,0x25,0x25,0xfd,0x54,0x0,0x0,0x0,0x0,0x0,0x0,0x0,0x0,0x0,0x0,0x0,0x0,0x0,0x0,0x0,0x0,0x0,0x0,0x68,0x67,0x25,0x25,0xe7,0x28,0x0,0x0,0x0,0x0,0x0,0x0,0x0,0x0,0x0,0x0,0x68,0x67,0x25,0x23,0xb4,0x68,0x0,0x0,0x60,0x55,0xf9,0xd9,0xe1,0xe2,0x0,0x0,0,26,26
2024-12-04 14:50:21.863647,2024-12-04 14:50:23.408033,53580323448680,0x68,0x67,0x25,0x24,0xbb,0x30,0x0,0x0,0x0,0x0,0x0,0x0,0x0,0x0,0x0,0x0,0x0,0x0,0x0,0x0,0x0,0x0,0x0,0x0,0x0,0x0,0x0,0x0,0x0,0x0,0x0,0x0,0x68,0x67,0x25,0x25,0xf0,0xf0,0x0,0x0,0x0,0x0,0x0,0x0,0x0,0x0,0x0,0x0,0x58,0xcf,0x79,0x38,0xe1,0x70,0x0,0x0,0,26,26
2024-12-04 14:50:21.863647,2024-12-04 14:50:23.408033,275865245668704,0x60,0x55,0xf9,0xe1,0xe5,0xfa,0x0,0x0,0x0,0x0,0x0,0x0,0x0,0x0,0x0,0x0,0x0,0x0,0x0,0x0,0x0,0x0,0x0,0x0,0x0,0x0,0x0,0x0,0x0,0x0,0x0,0x0,0x0,0x0,0x0,0x0,0x0,0x0,0x0,0x0,0x68,0x67,0x25,0x22,0xa5,0x34,0x0,0x0,0x68,0x67,0x25,0x22,0xb0,0x5e,0x0,0x0,0,26,26
2024-12-04 14:50:21.863647,2024-12-04 14:50:23.408033,52777198118760,0x68,0x67,0x25,0x26,0x0,0x30,0x0,0x0,0x0,0x0,0x0,0x0,0x0,0x0,0x0,0x0,0x0,0x0,0x0,0x0,0x0,0x0,0x0,0x0,0x0,0x0,0x0,0x0,0x0,0x0,0x0,0x0,0x0,0x0,0x0,0x0,0x0,0x0,0x0,0x0,0x68,0x67,0x25,0x22,0xb0,0x5e,0x0,0x0,0x68,0x67,0x25,0x22,0xbb,0x7e,0x0,0x0,0,26,26
2024-12-04 14:50:21.863647,2024-12-04 14:50:23.408033,42585173616488,0x68,0x67,0x25,0x22,0xbb,0x26,0x0,0x0,0x0,0x0,0x0,0x0,0x0,0x0,0x0,0x0,0x0,0x0,0x0,0x0,0x0,0x0,0x0,0x0,0x68,0x67,0x25,0x24,0x5c,0xa8,0x0,0x0,0x68,0x67,0x25,0x25,0xe7,0xd6,0x0,0x0,0x60,0x55,0xf9,0xda,0x92,0x8c,0x0,0x0,0x68,0x67,0x25,0x26,0x29,0xd4,0x0,0x0,0,26,26
2024-12-04 14:50:21.863647,2024-12-04 14:50:23.408033,242523297109344,0x60,0x55,0xf9,0xda,0x92,0xdc,0x0,0x0,0x0,0x0,0x0,0x0,0x0,0x0,0x0,0x0,0x0,0x0,0x0,0x0,0x0,0x0,0x0,0x0,0x68,0x67,0x25,0x25,0xf0,0xf0,0x0,0x0,0x0,0x0,0x0,0x0,0x0,0x0,0x0,0x0,0x0,0x0,0x0,0x0,0x0,0x0,0x0,0x0,0x68,0x67,0x25,0x22,0xae,0xe6,0x0,0x0,0,26,26
2024-12-04 14:50:21.863647,2024-12-04 14:50:23.408033,236288248997736,0x68,0x67,0x25,0x25,0xe7,0xd6,0x0,0x0,0x0,0x0,0x0,0x0,0x0,0x0,0x0,0x0,0x0,0x0,0x0,0x0,0x0,0x0,0x0,0x0,0x68,0x67,0x25,0x22,0xbb,0x26,0x0,0x0,0x0,0x0,0x0,0x0,0x0,0x0,0x0,0x0,0x68,0x67,0x25,0x22,0xae,0xe6,0x0,0x0,0x58,0xcf,0x79,0x38,0xe2,0xe4,0x0,0x0,0,26,26
2024-12-04 14:50:21.863647,2024-12-04 14:50:23.408033,116732278166880,0x60,0x55,0xf9,0xd9,0x2a,0x6a,0x0,0x0,0x0,0x0,0x0,0x0,0x0,0x0,0x0,0x0,0x0,0x0,0x0,0x0,0x0,0x0,0x0,0x0,0x0,0x0,0x0,0x0,0x0,0x0,0x0,0x0,0x68,0x67,0x25,0x23,0xb4,0x68,0x0,0x0,0x68,0x67,0x25,0x25,0xfb,0x5c,0x0,0x0,0x68,0x67,0x25,0x25,0xe7,0x28,0x0,0x0,0,26,26
2024-12-04 14:50:21.863647,2024-12-04 14:50:23.408033,57883847124840,0x68,0x67,0x25,0x22,0xa5,0x34,0x0,0x0,0x0,0x0,0x0,0x0,0x0,0x0,0x0,0x0,0x0,0x0,0x0,0x0,0x0,0x0,0x0,0x0,0x0,0x0,0x0,0x0,0x0,0x0,0x0,0x0,0x0,0x0,0x0,0x0,0x0,0x0,0x0,0x0,0x68,0x67,0x25,0x25,0xff,0x7e,0x0,0x0,0x60,0x55,0xf9,0xe1,0xe5,0xfa,0x0,0x0,0,26,26
2024-12-04 14:50:21.863647,2024-12-04 14:50:23.408033,44973225764712,0x68,0x67,0x25,0x25,0xe7,0x28,0x0,0x0,0x0,0x0,0x0,0x0,0x0,0x0,0x0,0x0,0x0,0x0,0x0,0x0,0x0,0x0,0x0,0x0,0x0,0x0,0x0,0x0,0x0,0x0,0x0,0x0,0x68,0x67,0x25,0x25,0xfd,0x54,0x0,0x0,0x60,0x55,0xf9,0xd9,0x2a,0x6a,0x0,0x0,0x0,0x0,0x0,0x0,0x0,0x0,0x0,0x0,0,26,26
2024-12-04 14:50:21.863647,2024-12-04 14:50:23.408033,53790793623400,0x68,0x67,0x25,0x25,0xec,0x30,0x0,0x0,0x0,0x0,0x0,0x0,0x0,0x0,0x0,0x0,0x0,0x0,0x0,0x0,0x0,0x0,0x0,0x0,0x0,0x0,0x0,0x0,0x0,0x0,0x0,0x0,0x58,0xcf,0x79,0x38,0xe1,0x70,0x0,0x0,0x0,0x0,0x0,0x0,0x0,0x0,0x0,0x0,0x0,0x0,0x0,0x0,0x0,0x0,0x0,0x0,0,26,26
2024-12-04 14:50:21.863647,2024-12-04 14:50:23.408033,104110580131688,0x68,0x67,0x25,0x22,0xb0,0x5e,0x0,0x0,0x0,0x0,0x0,0x0,0x0,0x0,0x0,0x0,0x0,0x0,0x0,0x0,0x0,0x0,0x0,0x0,0x0,0x0,0x0,0x0,0x0,0x0,0x0,0x0,0x0,0x0,0x0,0x0,0x0,0x0,0x0,0x0,0x60,0x55,0xf9,0xe1,0xe5,0xfa,0x0,0x0,0x68,0x67,0x25,0x26,0x0,0x30,0x0,0x0,0,26,26
2024-12-04 14:50:21.863647,2024-12-04 14:50:23.408033,264914206025576,0x68,0x67,0x25,0x25,0xf0,0xf0,0x0,0x0,0x0,0x0,0x0,0x0,0x0,0x0,0x0,0x0,0x0,0x0,0x0,0x0,0x0,0x0,0x0,0x0,0x68,0x67,0x25,0x24,0xbb,0x30,0x0,0x0,0x60,0x55,0xf9,0xda,0x92,0xdc,0x0,0x0,0x0,0x0,0x0,0x0,0x0,0x0,0x0,0x0,0x60,0x55,0xf9,0xda,0x92,0x8c,0x0,0x0,0,26,26
2024-12-04 14:50:21.863647,2024-12-04 14:50:23.408033,251660261248856,0x58,0xcf,0x79,0x38,0xe2,0xe4,0x0,0x0,0x0,0x0,0x0,0x0,0x0,0x0,0x0,0x0,0x0,0x0,0x0,0x0,0x0,0x0,0x0,0x0,0x68,0x67,0x25,0x26,0x29,0xd4,0x0,0x0,0x0,0x0,0x0,0x0,0x0,0x0,0x0,0x0,0x68,0x67,0x25,0x25,0xe7,0xd6,0x0,0x0,0x68,0x67,0x25,0x26,0x69,0xa0,0x0,0x0,0,26,26
2024-12-04 14:50:21.863647,2024-12-04 14:50:23.408033,124112617459544,0x58,0xcf,0x79,0x38,0xe1,0x70,0x0,0x0,0x0,0x0,0x0,0x0,0x0,0x0,0x0,0x0,0x0,0x0,0x0,0x0,0x0,0x0,0x0,0x0,0x68,0x67,0x25,0x25,0xec,0x30,0x0,0x0,0x60,0x55,0xf9,0xda,0x92,0x8c,0x0,0x0,0x68,0x67,0x25,0x24,0xbb,0x30,0x0,0x0,0x68,0x67,0x25,0x24,0x5c,0xa8,0x0,0x0,0,26,26
2024-12-04 14:50:21.863647,2024-12-04 14:50:23.408033,233273198733160,0x68,0x67,0x25,0x26,0x29,0xd4,0x0,0x0,0x0,0x0,0x0,0x0,0x0,0x0,0x0,0x0,0x0,0x0,0x0,0x0,0x0,0x0,0x0,0x0,0x68,0x67,0x25,0x25,0xfb,0x5c,0x0,0x0,0x58,0xcf,0x79,0x38,0xe2,0xe4,0x0,0x0,0x68,0x67,0x25,0x22,0xbb,0x26,0x0,0x0,0x68,0x67,0x25,0x23,0xb4,0x68,0x0,0x0,0,26,26
2024-12-04 14:50:21.863647,2024-12-04 14:50:23.408033,102233729754984,0x68,0x67,0x25,0x25,0xfb,0x5c,0x0,0x0,0x0,0x0,0x0,0x0,0x0,0x0,0x0,0x0,0x0,0x0,0x0,0x0,0x0,0x0,0x0,0x0,0x0,0x0,0x0,0x0,0x0,0x0,0x0,0x0,0x68,0x67,0x25,0x26,0x29,0xd4,0x0,0x0,0x68,0x67,0x25,0x24,0x5c,0xa8,0x0,0x0,0x60,0x55,0xf9,0xd9,0x2a,0x6a,0x0,0x0,0,26,26
2024-12-04 14:50:21.863647,2024-12-04 14:50:23.408033,115122893055848,0x68,0x67,0x25,0x23,0xb4,0x68,0x0,0x0,0x0,0x0,0x0,0x0,0x0,0x0,0x0,0x0,0x0,0x0,0x0,0x0,0x0,0x0,0x0,0x0,0x60,0x55,0xf9,0xd9,0x2a,0x6a,0x0,0x0,0x68,0x67,0x25,0x26,0x69,0xa0,0x0,0x0,0x68,0x67,0x25,0x26,0x29,0xd4,0x0,0x0,0x68,0x67,0x25,0x25,0xfd,0x54,0x0,0x0,0,26,26
2024-12-04 14:50:21.863647,2024-12-04 14:50:23.408033,139634304968552,0x68,0x67,0x25,0x25,0xff,0x7e,0x0,0x0,0x0,0x0,0x0,0x0,0x0,0x0,0x0,0x0,0x0,0x0,0x0,0x0,0x0,0x0,0x0,0x0,0x0,0x0,0x0,0x0,0x0,0x0,0x0,0x0,0x0,0x0,0x0,0x0,0x0,0x0,0x0,0x0,0x68,0x67,0x25,0x24,0x8c,0x2a,0x0,0x0,0x68,0x67,0x25,0x22,0xa5,0x34,0x0,0x0,0,26,26
2024-12-04 14:50:21.863647,2024-12-04 14:50:23.408033,139342196860776,0x68,0x67,0x25,0x22,0xbb,0x7e,0x0,0x0,0x0,0x0,0x0,0x0,0x0,0x0,0x0,0x0,0x0,0x0,0x0,0x0,0x0,0x0,0x0,0x0,0x0,0x0,0x0,0x0,0x0,0x0,0x0,0x0,0x0,0x0,0x0,0x0,0x0,0x0,0x0,0x0,0x68,0x67,0x25,0x26,0x0,0x30,0x0,0x0,0x0,0x0,0x0,0x0,0x0,0x0,0x0,0x0,0,26,26
2024-12-04 14:50:33.425917,2024-12-04 14:50:34.202060,154562366887264,0x60,0x55,0xf9,0xda,0x92,0x8c,0x0,0x0,0x0,0x0,0x0,0x0,0x0,0x0,0x0,0x0,0x0,0x0,0x0,0x0,0x0,0x0,0x0,0x0,0x58,0xcf,0x79,0x38,0xe1,0x70,0x0,0x0,0x68,0x67,0x25,0x22,0xae,0xe6,0x0,0x0,0x68,0x67,0x25,0x25,0xf0,0xf0,0x0,0x0,0x68,0x67,0x25,0x22,0xbb,0x26,0x0,0x0,1,26,26
2024-12-04 14:50:33.425917,2024-12-04 14:50:34.202060,253635571574632,0x68,0x67,0x25,0x22,0xae,0xe6,0x0,0x0,0x0,0x0,0x0,0x0,0x0,0x0,0x0,0x0,0x0,0x0,0x0,0x0,0x0,0x0,0x0,0x0,0x60,0x55,0xf9,0xda,0x92,0x8c,0x0,0x0,0x0,0x0,0x0,0x0,0x0,0x0,0x0,0x0,0x60,0x55,0xf9,0xda,0x92,0xdc,0x0,0x0,0x68,0x67,0x25,0x25,0xe7,0xd6,0x0,0x0,1,26,26
2024-12-04 14:50:33.425917,2024-12-04 14:50:34.202060,249459652515168,0x60,0x55,0xf9,0xd9,0xe1,0xe2,0x0,0x0,0x0,0x0,0x0,0x0,0x0,0x0,0x0,0x0,0x0,0x0,0x0,0x0,0x0,0x0,0x0,0x0,0x0,0x0,0x0,0x0,0x0,0x0,0x0,0x0,0x0,0x0,0x0,0x0,0x0,0x0,0x0,0x0,0x68,0x67,0x25,0x25,0xfd,0x54,0x0,0x0,0x68,0x67,0x25,0x24,0x8c,0x2a,0x0,0x0,1,26,26
2024-12-04 14:50:33.425917,2024-12-04 14:50:34.202060,176373471995752,0x68,0x67,0x25,0x26,0x69,0xa0,0x0,0x0,0x0,0x0,0x0,0x0,0x0,0x0,0x0,0x0,0x0,0x0,0x0,0x0,0x0,0x0,0x0,0x0,0x68,0x67,0x25,0x23,0xb4,0x68,0x0,0x0,0x0,0x0,0x0,0x0,0x0,0x0,0x0,0x0,0x58,0xcf,0x79,0x38,0xe2,0xe4,0x0,0x0,0x0,0x0,0x0,0x0,0x0,0x0,0x0,0x0,1,26,26
2024-12-04 14:50:33.425917,2024-12-04 14:50:34.202060,46781390219112,0x68,0x67,0x25,0x24,0x8c,0x2a,0x0,0x0,0x0,0x0,0x0,0x0,0x0,0x0,0x0,0x0,0x0,0x0,0x0,0x0,0x0,0x0,0x0,0x0,0x0,0x0,0x0,0x0,0x0,0x0,0x0,0x0,0x0,0x0,0x0,0x0,0x0,0x0,0x0,0x0,0x60,0x55,0xf9,0xd9,0xe1,0xe2,0x0,0x0,0x68,0x67,0x25,0x25,0xff,0x7e,0x0,0x0,1,26,26
2024-12-04 14:50:33.425917,2024-12-04 14:50:34.202060,185113696888680,0x68,0x67,0x25,0x24,0x5c,0xa8,0x0,0x0,0x0,0x0,0x0,0x0,0x0,0x0,0x0,0x0,0x0,0x0,0x0,0x0,0x0,0x0,0x0,0x0,0x0,0x0,0x0,0x0,0x0,0x0,0x0,0x0,0x68,0x67,0x25,0x22,0xbb,0x26,0x0,0x0,0x58,0xcf,0x79,0x38,0xe1,0x70,0x0,0x0,0x68,0x67,0x25,0x25,0xfb,0x5c,0x0,0x0,1,26,26
2024-12-04 14:50:33.425917,2024-12-04 14:50:34.202060,93446226667368,0x68,0x67,0x25,0x25,0xfd,0x54,0x0,0x0,0x0,0x0,0x0,0x0,0x0,0x0,0x0,0x0,0x0,0x0,0x0,0x0,0x0,0x0,0x0,0x0,0x68,0x67,0x25,0x25,0xe7,0x28,0x0,0x0,0x0,0x0,0x0,0x0,0x0,0x0,0x0,0x0,0x68,0x67,0x25,0x23,0xb4,0x68,0x0,0x0,0x60,0x55,0xf9,0xd9,0xe1,0xe2,0x0,0x0,1,26,26
2024-12-04 14:50:33.425917,2024-12-04 14:50:34.202060,53580323448680,0x68,0x67,0x25,0x24,0xbb,0x30,0x0,0x0,0x0,0x0,0x0,0x0,0x0,0x0,0x0,0x0,0x0,0x0,0x0,0x0,0x0,0x0,0x0,0x0,0x0,0x0,0x0,0x0,0x0,0x0,0x0,0x0,0x68,0x67,0x25,0x25,0xf0,0xf0,0x0,0x0,0x0,0x0,0x0,0x0,0x0,0x0,0x0,0x0,0x58,0xcf,0x79,0x38,0xe1,0x70,0x0,0x0,1,26,26
2024-12-04 14:50:33.425917,2024-12-04 14:50:34.202060,275865245668704,0x60,0x55,0xf9,0xe1,0xe5,0xfa,0x0,0x0,0x0,0x0,0x0,0x0,0x0,0x0,0x0,0x0,0x0,0x0,0x0,0x0,0x0,0x0,0x0,0x0,0x0,0x0,0x0,0x0,0x0,0x0,0x0,0x0,0x0,0x0,0x0,0x0,0x0,0x0,0x0,0x0,0x68,0x67,0x25,0x22,0xa5,0x34,0x0,0x0,0x68,0x67,0x25,0x22,0xb0,0x5e,0x0,0x0,1,26,26
2024-12-04 14:50:33.425917,2024-12-04 14:50:34.202060,52777198118760,0x68,0x67,0x25,0x26,0x0,0x30,0x0,0x0,0x0,0x0,0x0,0x0,0x0,0x0,0x0,0x0,0x0,0x0,0x0,0x0,0x0,0x0,0x0,0x0,0x0,0x0,0x0,0x0,0x0,0x0,0x0,0x0,0x0,0x0,0x0,0x0,0x0,0x0,0x0,0x0,0x68,0x67,0x25,0x22,0xb0,0x5e,0x0,0x0,0x68,0x67,0x25,0x22,0xbb,0x7e,0x0,0x0,1,26,26
2024-12-04 14:50:33.425917,2024-12-04 14:50:34.202060,42585173616488,0x68,0x67,0x25,0x22,0xbb,0x26,0x0,0x0,0x0,0x0,0x0,0x0,0x0,0x0,0x0,0x0,0x0,0x0,0x0,0x0,0x0,0x0,0x0,0x0,0x68,0x67,0x25,0x24,0x5c,0xa8,0x0,0x0,0x68,0x67,0x25,0x25,0xe7,0xd6,0x0,0x0,0x60,0x55,0xf9,0xda,0x92,0x8c,0x0,0x0,0x68,0x67,0x25,0x26,0x29,0xd4,0x0,0x0,1,26,26
2024-12-04 14:50:33.425917,2024-12-04 14:50:34.202060,242523297109344,0x60,0x55,0xf9,0xda,0x92,0xdc,0x0,0x0,0x0,0x0,0x0,0x0,0x0,0x0,0x0,0x0,0x0,0x0,0x0,0x0,0x0,0x0,0x0,0x0,0x68,0x67,0x25,0x25,0xf0,0xf0,0x0,0x0,0x0,0x0,0x0,0x0,0x0,0x0,0x0,0x0,0x0,0x0,0x0,0x0,0x0,0x0,0x0,0x0,0x68,0x67,0x25,0x22,0xae,0xe6,0x0,0x0,1,26,26
2024-12-04 14:50:33.425917,2024-12-04 14:50:34.202060,236288248997736,0x68,0x67,0x25,0x25,0xe7,0xd6,0x0,0x0,0x0,0x0,0x0,0x0,0x0,0x0,0x0,0x0,0x0,0x0,0x0,0x0,0x0,0x0,0x0,0x0,0x68,0x67,0x25,0x22,0xbb,0x26,0x0,0x0,0x0,0x0,0x0,0x0,0x0,0x0,0x0,0x0,0x68,0x67,0x25,0x22,0xae,0xe6,0x0,0x0,0x58,0xcf,0x79,0x38,0xe2,0xe4,0x0,0x0,1,26,26
2024-12-04 14:50:33.425917,2024-12-04 14:50:34.202060,116732278166880,0x60,0x55,0xf9,0xd9,0x2a,0x6a,0x0,0x0,0x0,0x0,0x0,0x0,0x0,0x0,0x0,0x0,0x0,0x0,0x0,0x0,0x0,0x0,0x0,0x0,0x0,0x0,0x0,0x0,0x0,0x0,0x0,0x0,0x68,0x67,0x25,0x23,0xb4,0x68,0x0,0x0,0x68,0x67,0x25,0x25,0xfb,0x5c,0x0,0x0,0x68,0x67,0x25,0x25,0xe7,0x28,0x0,0x0,1,26,26
2024-12-04 14:50:33.425917,2024-12-04 14:50:34.202060,57883847124840,0x68,0x67,0x25,0x22,0xa5,0x34,0x0,0x0,0x0,0x0,0x0,0x0,0x0,0x0,0x0,0x0,0x0,0x0,0x0,0x0,0x0,0x0,0x0,0x0,0x0,0x0,0x0,0x0,0x0,0x0,0x0,0x0,0x0,0x0,0x0,0x0,0x0,0x0,0x0,0x0,0x68,0x67,0x25,0x25,0xff,0x7e,0x0,0x0,0x60,0x55,0xf9,0xe1,0xe5,0xfa,0x0,0x0,1,26,26
2024-12-04 14:50:33.425917,2024-12-04 14:50:34.202060,44973225764712,0x68,0x67,0x25,0x25,0xe7,0x28,0x0,0x0,0x0,0x0,0x0,0x0,0x0,0x0,0x0,0x0,0x0,0x0,0x0,0x0,0x0,0x0,0x0,0x0,0x0,0x0,0x0,0x0,0x0,0x0,0x0,0x0,0x68,0x67,0x25,0x25,0xfd,0x54,0x0,0x0,0x60,0x55,0xf9,0xd9,0x2a,0x6a,0x0,0x0,0x0,0x0,0x0,0x0,0x0,0x0,0x0,0x0,1,26,26
2024-12-04 14:50:33.425917,2024-12-04 14:50:34.202060,53790793623400,0x68,0x67,0x25,0x25,0xec,0x30,0x0,0x0,0x0,0x0,0x0,0x0,0x0,0x0,0x0,0x0,0x0,0x0,0x0,0x0,0x0,0x0,0x0,0x0,0x0,0x0,0x0,0x0,0x0,0x0,0x0,0x0,0x58,0xcf,0x79,0x38,0xe1,0x70,0x0,0x0,0x0,0x0,0x0,0x0,0x0,0x0,0x0,0x0,0x0,0x0,0x0,0x0,0x0,0x0,0x0,0x0,1,26,26
2024-12-04 14:50:33.425917,2024-12-04 14:50:34.202060,104110580131688,0x68,0x67,0x25,0x22,0xb0,0x5e,0x0,0x0,0x0,0x0,0x0,0x0,0x0,0x0,0x0,0x0,0x0,0x0,0x0,0x0,0x0,0x0,0x0,0x0,0x0,0x0,0x0,0x0,0x0,0x0,0x0,0x0,0x0,0x0,0x0,0x0,0x0,0x0,0x0,0x0,0x60,0x55,0xf9,0xe1,0xe5,0xfa,0x0,0x0,0x68,0x67,0x25,0x26,0x0,0x30,0x0,0x0,1,26,26
2024-12-04 14:50:33.425917,2024-12-04 14:50:34.202060,264914206025576,0x68,0x67,0x25,0x25,0xf0,0xf0,0x0,0x0,0x0,0x0,0x0,0x0,0x0,0x0,0x0,0x0,0x0,0x0,0x0,0x0,0x0,0x0,0x0,0x0,0x68,0x67,0x25,0x24,0xbb,0x30,0x0,0x0,0x60,0x55,0xf9,0xda,0x92,0xdc,0x0,0x0,0x0,0x0,0x0,0x0,0x0,0x0,0x0,0x0,0x60,0x55,0xf9,0xda,0x92,0x8c,0x0,0x0,1,26,26
2024-12-04 14:50:33.425917,2024-12-04 14:50:34.202060,251660261248856,0x58,0xcf,0x79,0x38,0xe2,0xe4,0x0,0x0,0x0,0x0,0x0,0x0,0x0,0x0,0x0,0x0,0x0,0x0,0x0,0x0,0x0,0x0,0x0,0x0,0x68,0x67,0x25,0x26,0x29,0xd4,0x0,0x0,0x0,0x0,0x0,0x0,0x0,0x0,0x0,0x0,0x68,0x67,0x25,0x25,0xe7,0xd6,0x0,0x0,0x68,0x67,0x25,0x26,0x69,0xa0,0x0,0x0,1,26,26
2024-12-04 14:50:33.425917,2024-12-04 14:50:34.202060,124112617459544,0x58,0xcf,0x79,0x38,0xe1,0x70,0x0,0x0,0x0,0x0,0x0,0x0,0x0,0x0,0x0,0x0,0x0,0x0,0x0,0x0,0x0,0x0,0x0,0x0,0x68,0x67,0x25,0x25,0xec,0x30,0x0,0x0,0x60,0x55,0xf9,0xda,0x92,0x8c,0x0,0x0,0x68,0x67,0x25,0x24,0xbb,0x30,0x0,0x0,0x68,0x67,0x25,0x24,0x5c,0xa8,0x0,0x0,1,26,26
2024-12-04 14:50:33.425917,2024-12-04 14:50:34.202060,233273198733160,0x68,0x67,0x25,0x26,0x29,0xd4,0x0,0x0,0x0,0x0,0x0,0x0,0x0,0x0,0x0,0x0,0x0,0x0,0x0,0x0,0x0,0x0,0x0,0x0,0x68,0x67,0x25,0x25,0xfb,0x5c,0x0,0x0,0x58,0xcf,0x79,0x38,0xe2,0xe4,0x0,0x0,0x68,0x67,0x25,0x22,0xbb,0x26,0x0,0x0,0x68,0x67,0x25,0x23,0xb4,0x68,0x0,0x0,1,26,26
2024-12-04 14:50:33.425917,2024-12-04 14:50:34.202060,102233729754984,0x68,0x67,0x25,0x25,0xfb,0x5c,0x0,0x0,0x0,0x0,0x0,0x0,0x0,0x0,0x0,0x0,0x0,0x0,0x0,0x0,0x0,0x0,0x0,0x0,0x0,0x0,0x0,0x0,0x0,0x0,0x0,0x0,0x68,0x67,0x25,0x26,0x29,0xd4,0x0,0x0,0x68,0x67,0x25,0x24,0x5c,0xa8,0x0,0x0,0x60,0x55,0xf9,0xd9,0x2a,0x6a,0x0,0x0,1,26,26
2024-12-04 14:50:33.425917,2024-12-04 14:50:34.202060,115122893055848,0x68,0x67,0x25,0x23,0xb4,0x68,0x0,0x0,0x0,0x0,0x0,0x0,0x0,0x0,0x0,0x0,0x0,0x0,0x0,0x0,0x0,0x0,0x0,0x0,0x60,0x55,0xf9,0xd9,0x2a,0x6a,0x0,0x0,0x68,0x67,0x25,0x26,0x69,0xa0,0x0,0x0,0x68,0x67,0x25,0x26,0x29,0xd4,0x0,0x0,0x68,0x67,0x25,0x25,0xfd,0x54,0x0,0x0,1,26,26
2024-12-04 14:50:33.425917,2024-12-04 14:50:34.202060,139634304968552,0x68,0x67,0x25,0x25,0xff,0x7e,0x0,0x0,0x0,0x0,0x0,0x0,0x0,0x0,0x0,0x0,0x0,0x0,0x0,0x0,0x0,0x0,0x0,0x0,0x0,0x0,0x0,0x0,0x0,0x0,0x0,0x0,0x0,0x0,0x0,0x0,0x0,0x0,0x0,0x0,0x68,0x67,0x25,0x24,0x8c,0x2a,0x0,0x0,0x68,0x67,0x25,0x22,0xa5,0x34,0x0,0x0,1,26,26
2024-12-04 14:50:33.425917,2024-12-04 14:50:34.202060,139342196860776,0x68,0x67,0x25,0x22,0xbb,0x7e,0x0,0x0,0x0,0x0,0x0,0x0,0x0,0x0,0x0,0x0,0x0,0x0,0x0,0x0,0x0,0x0,0x0,0x0,0x0,0x0,0x0,0x0,0x0,0x0,0x0,0x0,0x0,0x0,0x0,0x0,0x0,0x0,0x0,0x0,0x68,0x67,0x25,0x26,0x0,0x30,0x0,0x0,0x0,0x0,0x0,0x0,0x0,0x0,0x0,0x0,1,26,26
2024-12-04 14:50:44.206331,2024-12-04 14:50:44.913238,154562366887264,0x60,0x55,0xf9,0xda,0x92,0x8c,0x0,0x0,0x0,0x0,0x0,0x0,0x0,0x0,0x0,0x0,0x0,0x0,0x0,0x0,0x0,0x0,0x0,0x0,0x58,0xcf,0x79,0x38,0xe1,0x70,0x0,0x0,0x68,0x67,0x25,0x22,0xae,0xe6,0x0,0x0,0x68,0x67,0x25,0x25,0xf0,0xf0,0x0,0x0,0x68,0x67,0x25,0x22,0xbb,0x26,0x0,0x0,2,26,26
2024-12-04 14:50:44.206331,2024-12-04 14:50:44.913238,253635571574632,0x68,0x67,0x25,0x22,0xae,0xe6,0x0,0x0,0x0,0x0,0x0,0x0,0x0,0x0,0x0,0x0,0x0,0x0,0x0,0x0,0x0,0x0,0x0,0x0,0x60,0x55,0xf9,0xda,0x92,0x8c,0x0,0x0,0x0,0x0,0x0,0x0,0x0,0x0,0x0,0x0,0x60,0x55,0xf9,0xda,0x92,0xdc,0x0,0x0,0x68,0x67,0x25,0x25,0xe7,0xd6,0x0,0x0,2,26,26
2024-12-04 14:50:44.206331,2024-12-04 14:50:44.913238,249459652515168,0x60,0x55,0xf9,0xd9,0xe1,0xe2,0x0,0x0,0x0,0x0,0x0,0x0,0x0,0x0,0x0,0x0,0x0,0x0,0x0,0x0,0x0,0x0,0x0,0x0,0x0,0x0,0x0,0x0,0x0,0x0,0x0,0x0,0x0,0x0,0x0,0x0,0x0,0x0,0x0,0x0,0x68,0x67,0x25,0x25,0xfd,0x54,0x0,0x0,0x68,0x67,0x25,0x24,0x8c,0x2a,0x0,0x0,2,26,26
2024-12-04 14:50:44.206331,2024-12-04 14:50:44.913238,176373471995752,0x68,0x67,0x25,0x26,0x69,0xa0,0x0,0x0,0x0,0x0,0x0,0x0,0x0,0x0,0x0,0x0,0x0,0x0,0x0,0x0,0x0,0x0,0x0,0x0,0x68,0x67,0x25,0x23,0xb4,0x68,0x0,0x0,0x0,0x0,0x0,0x0,0x0,0x0,0x0,0x0,0x58,0xcf,0x79,0x38,0xe2,0xe4,0x0,0x0,0x0,0x0,0x0,0x0,0x0,0x0,0x0,0x0,2,26,26
2024-12-04 14:50:44.206331,2024-12-04 14:50:44.913238,46781390219112,0x68,0x67,0x25,0x24,0x8c,0x2a,0x0,0x0,0x0,0x0,0x0,0x0,0x0,0x0,0x0,0x0,0x0,0x0,0x0,0x0,0x0,0x0,0x0,0x0,0x0,0x0,0x0,0x0,0x0,0x0,0x0,0x0,0x0,0x0,0x0,0x0,0x0,0x0,0x0,0x0,0x60,0x55,0xf9,0xd9,0xe1,0xe2,0x0,0x0,0x68,0x67,0x25,0x25,0xff,0x7e,0x0,0x0,2,26,26
2024-12-04 14:50:44.206331,2024-12-04 14:50:44.913238,185113696888680,0x68,0x67,0x25,0x24,0x5c,0xa8,0x0,0x0,0x0,0x0,0x0,0x0,0x0,0x0,0x0,0x0,0x0,0x0,0x0,0x0,0x0,0x0,0x0,0x0,0x0,0x0,0x0,0x0,0x0,0x0,0x0,0x0,0x68,0x67,0x25,0x22,0xbb,0x26,0x0,0x0,0x58,0xcf,0x79,0x38,0xe1,0x70,0x0,0x0,0x68,0x67,0x25,0x25,0xfb,0x5c,0x0,0x0,2,26,26
2024-12-04 14:50:44.206331,2024-12-04 14:50:44.913238,93446226667368,0x68,0x67,0x25,0x25,0xfd,0x54,0x0,0x0,0x0,0x0,0x0,0x0,0x0,0x0,0x0,0x0,0x0,0x0,0x0,0x0,0x0,0x0,0x0,0x0,0x68,0x67,0x25,0x25,0xe7,0x28,0x0,0x0,0x0,0x0,0x0,0x0,0x0,0x0,0x0,0x0,0x68,0x67,0x25,0x23,0xb4,0x68,0x0,0x0,0x60,0x55,0xf9,0xd9,0xe1,0xe2,0x0,0x0,2,26,26
2024-12-04 14:50:44.206331,2024-12-04 14:50:44.913238,53580323448680,0x68,0x67,0x25,0x24,0xbb,0x30,0x0,0x0,0x0,0x0,0x0,0x0,0x0,0x0,0x0,0x0,0x0,0x0,0x0,0x0,0x0,0x0,0x0,0x0,0x0,0x0,0x0,0x0,0x0,0x0,0x0,0x0,0x68,0x67,0x25,0x25,0xf0,0xf0,0x0,0x0,0x0,0x0,0x0,0x0,0x0,0x0,0x0,0x0,0x58,0xcf,0x79,0x38,0xe1,0x70,0x0,0x0,2,26,26
2024-12-04 14:50:44.206331,2024-12-04 14:50:44.913238,275865245668704,0x60,0x55,0xf9,0xe1,0xe5,0xfa,0x0,0x0,0x0,0x0,0x0,0x0,0x0,0x0,0x0,0x0,0x0,0x0,0x0,0x0,0x0,0x0,0x0,0x0,0x0,0x0,0x0,0x0,0x0,0x0,0x0,0x0,0x0,0x0,0x0,0x0,0x0,0x0,0x0,0x0,0x68,0x67,0x25,0x22,0xa5,0x34,0x0,0x0,0x68,0x67,0x25,0x22,0xb0,0x5e,0x0,0x0,2,26,26
2024-12-04 14:50:44.206331,2024-12-04 14:50:44.913238,52777198118760,0x68,0x67,0x25,0x26,0x0,0x30,0x0,0x0,0x0,0x0,0x0,0x0,0x0,0x0,0x0,0x0,0x0,0x0,0x0,0x0,0x0,0x0,0x0,0x0,0x0,0x0,0x0,0x0,0x0,0x0,0x0,0x0,0x0,0x0,0x0,0x0,0x0,0x0,0x0,0x0,0x68,0x67,0x25,0x22,0xb0,0x5e,0x0,0x0,0x68,0x67,0x25,0x22,0xbb,0x7e,0x0,0x0,2,26,26
2024-12-04 14:50:44.206331,2024-12-04 14:50:44.913238,42585173616488,0x68,0x67,0x25,0x22,0xbb,0x26,0x0,0x0,0x0,0x0,0x0,0x0,0x0,0x0,0x0,0x0,0x0,0x0,0x0,0x0,0x0,0x0,0x0,0x0,0x68,0x67,0x25,0x24,0x5c,0xa8,0x0,0x0,0x68,0x67,0x25,0x25,0xe7,0xd6,0x0,0x0,0x60,0x55,0xf9,0xda,0x92,0x8c,0x0,0x0,0x68,0x67,0x25,0x26,0x29,0xd4,0x0,0x0,2,26,26
2024-12-04 14:50:44.206331,2024-12-04 14:50:44.913238,242523297109344,0x60,0x55,0xf9,0xda,0x92,0xdc,0x0,0x0,0x0,0x0,0x0,0x0,0x0,0x0,0x0,0x0,0x0,0x0,0x0,0x0,0x0,0x0,0x0,0x0,0x68,0x67,0x25,0x25,0xf0,0xf0,0x0,0x0,0x0,0x0,0x0,0x0,0x0,0x0,0x0,0x0,0x0,0x0,0x0,0x0,0x0,0x0,0x0,0x0,0x68,0x67,0x25,0x22,0xae,0xe6,0x0,0x0,2,26,26
2024-12-04 14:50:44.206331,2024-12-04 14:50:44.913238,236288248997736,0x68,0x67,0x25,0x25,0xe7,0xd6,0x0,0x0,0x0,0x0,0x0,0x0,0x0,0x0,0x0,0x0,0x0,0x0,0x0,0x0,0x0,0x0,0x0,0x0,0x68,0x67,0x25,0x22,0xbb,0x26,0x0,0x0,0x0,0x0,0x0,0x0,0x0,0x0,0x0,0x0,0x68,0x67,0x25,0x22,0xae,0xe6,0x0,0x0,0x58,0xcf,0x79,0x38,0xe2,0xe4,0x0,0x0,2,26,26
2024-12-04 14:50:44.206331,2024-12-04 14:50:44.913238,116732278166880,0x60,0x55,0xf9,0xd9,0x2a,0x6a,0x0,0x0,0x0,0x0,0x0,0x0,0x0,0x0,0x0,0x0,0x0,0x0,0x0,0x0,0x0,0x0,0x0,0x0,0x0,0x0,0x0,0x0,0x0,0x0,0x0,0x0,0x68,0x67,0x25,0x23,0xb4,0x68,0x0,0x0,0x68,0x67,0x25,0x25,0xfb,0x5c,0x0,0x0,0x68,0x67,0x25,0x25,0xe7,0x28,0x0,0x0,2,26,26
2024-12-04 14:50:44.206331,2024-12-04 14:50:44.913238,57883847124840,0x68,0x67,0x25,0x22,0xa5,0x34,0x0,0x0,0x0,0x0,0x0,0x0,0x0,0x0,0x0,0x0,0x0,0x0,0x0,0x0,0x0,0x0,0x0,0x0,0x0,0x0,0x0,0x0,0x0,0x0,0x0,0x0,0x0,0x0,0x0,0x0,0x0,0x0,0x0,0x0,0x68,0x67,0x25,0x25,0xff,0x7e,0x0,0x0,0x60,0x55,0xf9,0xe1,0xe5,0xfa,0x0,0x0,2,26,26
2024-12-04 14:50:44.206331,2024-12-04 14:50:44.913238,44973225764712,0x68,0x67,0x25,0x25,0xe7,0x28,0x0,0x0,0x0,0x0,0x0,0x0,0x0,0x0,0x0,0x0,0x0,0x0,0x0,0x0,0x0,0x0,0x0,0x0,0x0,0x0,0x0,0x0,0x0,0x0,0x0,0x0,0x68,0x67,0x25,0x25,0xfd,0x54,0x0,0x0,0x60,0x55,0xf9,0xd9,0x2a,0x6a,0x0,0x0,0x0,0x0,0x0,0x0,0x0,0x0,0x0,0x0,2,26,26
2024-12-04 14:50:44.206331,2024-12-04 14:50:44.913238,53790793623400,0x68,0x67,0x25,0x25,0xec,0x30,0x0,0x0,0x0,0x0,0x0,0x0,0x0,0x0,0x0,0x0,0x0,0x0,0x0,0x0,0x0,0x0,0x0,0x0,0x0,0x0,0x0,0x0,0x0,0x0,0x0,0x0,0x58,0xcf,0x79,0x38,0xe1,0x70,0x0,0x0,0x0,0x0,0x0,0x0,0x0,0x0,0x0,0x0,0x0,0x0,0x0,0x0,0x0,0x0,0x0,0x0,2,26,26
2024-12-04 14:50:44.206331,2024-12-04 14:50:44.913238,104110580131688,0x68,0x67,0x25,0x22,0xb0,0x5e,0x0,0x0,0x0,0x0,0x0,0x0,0x0,0x0,0x0,0x0,0x0,0x0,0x0,0x0,0x0,0x0,0x0,0x0,0x0,0x0,0x0,0x0,0x0,0x0,0x0,0x0,0x0,0x0,0x0,0x0,0x0,0x0,0x0,0x0,0x60,0x55,0xf9,0xe1,0xe5,0xfa,0x0,0x0,0x68,0x67,0x25,0x26,0x0,0x30,0x0,0x0,2,26,26
2024-12-04 14:50:44.206331,2024-12-04 14:50:44.913238,264914206025576,0x68,0x67,0x25,0x25,0xf0,0xf0,0x0,0x0,0x0,0x0,0x0,0x0,0x0,0x0,0x0,0x0,0x0,0x0,0x0,0x0,0x0,0x0,0x0,0x0,0x68,0x67,0x25,0x24,0xbb,0x30,0x0,0x0,0x60,0x55,0xf9,0xda,0x92,0xdc,0x0,0x0,0x0,0x0,0x0,0x0,0x0,0x0,0x0,0x0,0x60,0x55,0xf9,0xda,0x92,0x8c,0x0,0x0,2,26,26
2024-12-04 14:50:44.206331,2024-12-04 14:50:44.913238,251660261248856,0x58,0xcf,0x79,0x38,0xe2,0xe4,0x0,0x0,0x0,0x0,0x0,0x0,0x0,0x0,0x0,0x0,0x0,0x0,0x0,0x0,0x0,0x0,0x0,0x0,0x68,0x67,0x25,0x26,0x29,0xd4,0x0,0x0,0x0,0x0,0x0,0x0,0x0,0x0,0x0,0x0,0x68,0x67,0x25,0x25,0xe7,0xd6,0x0,0x0,0x68,0x67,0x25,0x26,0x69,0xa0,0x0,0x0,2,26,26
2024-12-04 14:50:44.206331,2024-12-04 14:50:44.913238,124112617459544,0x58,0xcf,0x79,0x38,0xe1,0x70,0x0,0x0,0x0,0x0,0x0,0x0,0x0,0x0,0x0,0x0,0x0,0x0,0x0,0x0,0x0,0x0,0x0,0x0,0x68,0x67,0x25,0x25,0xec,0x30,0x0,0x0,0x60,0x55,0xf9,0xda,0x92,0x8c,0x0,0x0,0x68,0x67,0x25,0x24,0xbb,0x30,0x0,0x0,0x68,0x67,0x25,0x24,0x5c,0xa8,0x0,0x0,2,26,26
2024-12-04 14:50:44.206331,2024-12-04 14:50:44.913238,233273198733160,0x68,0x67,0x25,0x26,0x29,0xd4,0x0,0x0,0x0,0x0,0x0,0x0,0x0,0x0,0x0,0x0,0x0,0x0,0x0,0x0,0x0,0x0,0x0,0x0,0x68,0x67,0x25,0x25,0xfb,0x5c,0x0,0x0,0x58,0xcf,0x79,0x38,0xe2,0xe4,0x0,0x0,0x68,0x67,0x25,0x22,0xbb,0x26,0x0,0x0,0x68,0x67,0x25,0x23,0xb4,0x68,0x0,0x0,2,26,26
2024-12-04 14:50:44.206331,2024-12-04 14:50:44.913238,102233729754984,0x68,0x67,0x25,0x25,0xfb,0x5c,0x0,0x0,0x0,0x0,0x0,0x0,0x0,0x0,0x0,0x0,0x0,0x0,0x0,0x0,0x0,0x0,0x0,0x0,0x0,0x0,0x0,0x0,0x0,0x0,0x0,0x0,0x68,0x67,0x25,0x26,0x29,0xd4,0x0,0x0,0x68,0x67,0x25,0x24,0x5c,0xa8,0x0,0x0,0x60,0x55,0xf9,0xd9,0x2a,0x6a,0x0,0x0,2,26,26
2024-12-04 14:50:44.206331,2024-12-04 14:50:44.913238,115122893055848,0x68,0x67,0x25,0x23,0xb4,0x68,0x0,0x0,0x0,0x0,0x0,0x0,0x0,0x0,0x0,0x0,0x0,0x0,0x0,0x0,0x0,0x0,0x0,0x0,0x60,0x55,0xf9,0xd9,0x2a,0x6a,0x0,0x0,0x68,0x67,0x25,0x26,0x69,0xa0,0x0,0x0,0x68,0x67,0x25,0x26,0x29,0xd4,0x0,0x0,0x68,0x67,0x25,0x25,0xfd,0x54,0x0,0x0,2,26,26
2024-12-04 14:50:44.206331,2024-12-04 14:50:44.913238,139634304968552,0x68,0x67,0x25,0x25,0xff,0x7e,0x0,0x0,0x0,0x0,0x0,0x0,0x0,0x0,0x0,0x0,0x0,0x0,0x0,0x0,0x0,0x0,0x0,0x0,0x0,0x0,0x0,0x0,0x0,0x0,0x0,0x0,0x0,0x0,0x0,0x0,0x0,0x0,0x0,0x0,0x68,0x67,0x25,0x24,0x8c,0x2a,0x0,0x0,0x68,0x67,0x25,0x22,0xa5,0x34,0x0,0x0,2,26,26
2024-12-04 14:50:44.206331,2024-12-04 14:50:44.913238,139342196860776,0x68,0x67,0x25,0x22,0xbb,0x7e,0x0,0x0,0x0,0x0,0x0,0x0,0x0,0x0,0x0,0x0,0x0,0x0,0x0,0x0,0x0,0x0,0x0,0x0,0x0,0x0,0x0,0x0,0x0,0x0,0x0,0x0,0x0,0x0,0x0,0x0,0x0,0x0,0x0,0x0,0x68,0x67,0x25,0x26,0x0,0x30,0x0,0x0,0x0,0x0,0x0,0x0,0x0,0x0,0x0,0x0,2,26,26
2024-12-04 14:50:54.932823,2024-12-04 14:50:55.748583,154562366887264,0x60,0x55,0xf9,0xda,0x92,0x8c,0x0,0x0,0x0,0x0,0x0,0x0,0x0,0x0,0x0,0x0,0x0,0x0,0x0,0x0,0x0,0x0,0x0,0x0,0x58,0xcf,0x79,0x38,0xe1,0x70,0x0,0x0,0x68,0x67,0x25,0x22,0xae,0xe6,0x0,0x0,0x68,0x67,0x25,0x25,0xf0,0xf0,0x0,0x0,0x68,0x67,0x25,0x22,0xbb,0x26,0x0,0x0,3,26,26
2024-12-04 14:50:54.932823,2024-12-04 14:50:55.748583,253635571574632,0x68,0x67,0x25,0x22,0xae,0xe6,0x0,0x0,0x0,0x0,0x0,0x0,0x0,0x0,0x0,0x0,0x0,0x0,0x0,0x0,0x0,0x0,0x0,0x0,0x60,0x55,0xf9,0xda,0x92,0x8c,0x0,0x0,0x0,0x0,0x0,0x0,0x0,0x0,0x0,0x0,0x60,0x55,0xf9,0xda,0x92,0xdc,0x0,0x0,0x68,0x67,0x25,0x25,0xe7,0xd6,0x0,0x0,3,26,26
2024-12-04 14:50:54.932823,2024-12-04 14:50:55.748583,249459652515168,0x60,0x55,0xf9,0xd9,0xe1,0xe2,0x0,0x0,0x0,0x0,0x0,0x0,0x0,0x0,0x0,0x0,0x0,0x0,0x0,0x0,0x0,0x0,0x0,0x0,0x0,0x0,0x0,0x0,0x0,0x0,0x0,0x0,0x0,0x0,0x0,0x0,0x0,0x0,0x0,0x0,0x68,0x67,0x25,0x25,0xfd,0x54,0x0,0x0,0x68,0x67,0x25,0x24,0x8c,0x2a,0x0,0x0,3,26,26
2024-12-04 14:50:54.932823,2024-12-04 14:50:55.748583,176373471995752,0x68,0x67,0x25,0x26,0x69,0xa0,0x0,0x0,0x0,0x0,0x0,0x0,0x0,0x0,0x0,0x0,0x0,0x0,0x0,0x0,0x0,0x0,0x0,0x0,0x68,0x67,0x25,0x23,0xb4,0x68,0x0,0x0,0x0,0x0,0x0,0x0,0x0,0x0,0x0,0x0,0x58,0xcf,0x79,0x38,0xe2,0xe4,0x0,0x0,0x0,0x0,0x0,0x0,0x0,0x0,0x0,0x0,3,26,26
2024-12-04 14:50:54.932823,2024-12-04 14:50:55.748583,46781390219112,0x68,0x67,0x25,0x24,0x8c,0x2a,0x0,0x0,0x0,0x0,0x0,0x0,0x0,0x0,0x0,0x0,0x0,0x0,0x0,0x0,0x0,0x0,0x0,0x0,0x0,0x0,0x0,0x0,0x0,0x0,0x0,0x0,0x0,0x0,0x0,0x0,0x0,0x0,0x0,0x0,0x60,0x55,0xf9,0xd9,0xe1,0xe2,0x0,0x0,0x68,0x67,0x25,0x25,0xff,0x7e,0x0,0x0,3,26,26
2024-12-04 14:50:54.932823,2024-12-04 14:50:55.748583,185113696888680,0x68,0x67,0x25,0x24,0x5c,0xa8,0x0,0x0,0x0,0x0,0x0,0x0,0x0,0x0,0x0,0x0,0x0,0x0,0x0,0x0,0x0,0x0,0x0,0x0,0x0,0x0,0x0,0x0,0x0,0x0,0x0,0x0,0x68,0x67,0x25,0x22,0xbb,0x26,0x0,0x0,0x58,0xcf,0x79,0x38,0xe1,0x70,0x0,0x0,0x68,0x67,0x25,0x25,0xfb,0x5c,0x0,0x0,3,26,26
2024-12-04 14:50:54.932823,2024-12-04 14:50:55.748583,93446226667368,0x68,0x67,0x25,0x25,0xfd,0x54,0x0,0x0,0x0,0x0,0x0,0x0,0x0,0x0,0x0,0x0,0x0,0x0,0x0,0x0,0x0,0x0,0x0,0x0,0x68,0x67,0x25,0x25,0xe7,0x28,0x0,0x0,0x0,0x0,0x0,0x0,0x0,0x0,0x0,0x0,0x68,0x67,0x25,0x23,0xb4,0x68,0x0,0x0,0x60,0x55,0xf9,0xd9,0xe1,0xe2,0x0,0x0,3,26,26
2024-12-04 14:50:54.932823,2024-12-04 14:50:55.748583,53580323448680,0x68,0x67,0x25,0x24,0xbb,0x30,0x0,0x0,0x0,0x0,0x0,0x0,0x0,0x0,0x0,0x0,0x0,0x0,0x0,0x0,0x0,0x0,0x0,0x0,0x0,0x0,0x0,0x0,0x0,0x0,0x0,0x0,0x68,0x67,0x25,0x25,0xf0,0xf0,0x0,0x0,0x0,0x0,0x0,0x0,0x0,0x0,0x0,0x0,0x58,0xcf,0x79,0x38,0xe1,0x70,0x0,0x0,3,26,26
2024-12-04 14:50:54.932823,2024-12-04 14:50:55.748583,275865245668704,0x60,0x55,0xf9,0xe1,0xe5,0xfa,0x0,0x0,0x0,0x0,0x0,0x0,0x0,0x0,0x0,0x0,0x0,0x0,0x0,0x0,0x0,0x0,0x0,0x0,0x0,0x0,0x0,0x0,0x0,0x0,0x0,0x0,0x0,0x0,0x0,0x0,0x0,0x0,0x0,0x0,0x68,0x67,0x25,0x22,0xa5,0x34,0x0,0x0,0x68,0x67,0x25,0x22,0xb0,0x5e,0x0,0x0,3,26,26
2024-12-04 14:50:54.932823,2024-12-04 14:50:55.748583,52777198118760,0x68,0x67,0x25,0x26,0x0,0x30,0x0,0x0,0x0,0x0,0x0,0x0,0x0,0x0,0x0,0x0,0x0,0x0,0x0,0x0,0x0,0x0,0x0,0x0,0x0,0x0,0x0,0x0,0x0,0x0,0x0,0x0,0x0,0x0,0x0,0x0,0x0,0x0,0x0,0x0,0x68,0x67,0x25,0x22,0xb0,0x5e,0x0,0x0,0x68,0x67,0x25,0x22,0xbb,0x7e,0x0,0x0,3,26,26
2024-12-04 14:50:54.932823,2024-12-04 14:50:55.748583,42585173616488,0x68,0x67,0x25,0x22,0xbb,0x26,0x0,0x0,0x0,0x0,0x0,0x0,0x0,0x0,0x0,0x0,0x0,0x0,0x0,0x0,0x0,0x0,0x0,0x0,0x68,0x67,0x25,0x24,0x5c,0xa8,0x0,0x0,0x68,0x67,0x25,0x25,0xe7,0xd6,0x0,0x0,0x60,0x55,0xf9,0xda,0x92,0x8c,0x0,0x0,0x68,0x67,0x25,0x26,0x29,0xd4,0x0,0x0,3,26,26
2024-12-04 14:50:54.932823,2024-12-04 14:50:55.748583,242523297109344,0x60,0x55,0xf9,0xda,0x92,0xdc,0x0,0x0,0x0,0x0,0x0,0x0,0x0,0x0,0x0,0x0,0x0,0x0,0x0,0x0,0x0,0x0,0x0,0x0,0x68,0x67,0x25,0x25,0xf0,0xf0,0x0,0x0,0x0,0x0,0x0,0x0,0x0,0x0,0x0,0x0,0x0,0x0,0x0,0x0,0x0,0x0,0x0,0x0,0x68,0x67,0x25,0x22,0xae,0xe6,0x0,0x0,3,26,26
2024-12-04 14:50:54.932823,2024-12-04 14:50:55.748583,236288248997736,0x68,0x67,0x25,0x25,0xe7,0xd6,0x0,0x0,0x0,0x0,0x0,0x0,0x0,0x0,0x0,0x0,0x0,0x0,0x0,0x0,0x0,0x0,0x0,0x0,0x68,0x67,0x25,0x22,0xbb,0x26,0x0,0x0,0x0,0x0,0x0,0x0,0x0,0x0,0x0,0x0,0x68,0x67,0x25,0x22,0xae,0xe6,0x0,0x0,0x58,0xcf,0x79,0x38,0xe2,0xe4,0x0,0x0,3,26,26
2024-12-04 14:50:54.932823,2024-12-04 14:50:55.748583,116732278166880,0x60,0x55,0xf9,0xd9,0x2a,0x6a,0x0,0x0,0x0,0x0,0x0,0x0,0x0,0x0,0x0,0x0,0x0,0x0,0x0,0x0,0x0,0x0,0x0,0x0,0x0,0x0,0x0,0x0,0x0,0x0,0x0,0x0,0x68,0x67,0x25,0x23,0xb4,0x68,0x0,0x0,0x68,0x67,0x25,0x25,0xfb,0x5c,0x0,0x0,0x68,0x67,0x25,0x25,0xe7,0x28,0x0,0x0,3,26,26
2024-12-04 14:50:54.932823,2024-12-04 14:50:55.748583,57883847124840,0x68,0x67,0x25,0x22,0xa5,0x34,0x0,0x0,0x0,0x0,0x0,0x0,0x0,0x0,0x0,0x0,0x0,0x0,0x0,0x0,0x0,0x0,0x0,0x0,0x0,0x0,0x0,0x0,0x0,0x0,0x0,0x0,0x0,0x0,0x0,0x0,0x0,0x0,0x0,0x0,0x68,0x67,0x25,0x25,0xff,0x7e,0x0,0x0,0x60,0x55,0xf9,0xe1,0xe5,0xfa,0x0,0x0,3,26,26
2024-12-04 14:50:54.932823,2024-12-04 14:50:55.748583,44973225764712,0x68,0x67,0x25,0x25,0xe7,0x28,0x0,0x0,0x0,0x0,0x0,0x0,0x0,0x0,0x0,0x0,0x0,0x0,0x0,0x0,0x0,0x0,0x0,0x0,0x0,0x0,0x0,0x0,0x0,0x0,0x0,0x0,0x68,0x67,0x25,0x25,0xfd,0x54,0x0,0x0,0x60,0x55,0xf9,0xd9,0x2a,0x6a,0x0,0x0,0x0,0x0,0x0,0x0,0x0,0x0,0x0,0x0,3,26,26
2024-12-04 14:50:54.932823,2024-12-04 14:50:55.748583,53790793623400,0x68,0x67,0x25,0x25,0xec,0x30,0x0,0x0,0x0,0x0,0x0,0x0,0x0,0x0,0x0,0x0,0x0,0x0,0x0,0x0,0x0,0x0,0x0,0x0,0x0,0x0,0x0,0x0,0x0,0x0,0x0,0x0,0x58,0xcf,0x79,0x38,0xe1,0x70,0x0,0x0,0x0,0x0,0x0,0x0,0x0,0x0,0x0,0x0,0x0,0x0,0x0,0x0,0x0,0x0,0x0,0x0,3,26,26
2024-12-04 14:50:54.932823,2024-12-04 14:50:55.748583,104110580131688,0x68,0x67,0x25,0x22,0xb0,0x5e,0x0,0x0,0x0,0x0,0x0,0x0,0x0,0x0,0x0,0x0,0x0,0x0,0x0,0x0,0x0,0x0,0x0,0x0,0x0,0x0,0x0,0x0,0x0,0x0,0x0,0x0,0x0,0x0,0x0,0x0,0x0,0x0,0x0,0x0,0x60,0x55,0xf9,0xe1,0xe5,0xfa,0x0,0x0,0x68,0x67,0x25,0x26,0x0,0x30,0x0,0x0,3,26,26
2024-12-04 14:50:54.932823,2024-12-04 14:50:55.748583,264914206025576,0x68,0x67,0x25,0x25,0xf0,0xf0,0x0,0x0,0x0,0x0,0x0,0x0,0x0,0x0,0x0,0x0,0x0,0x0,0x0,0x0,0x0,0x0,0x0,0x0,0x68,0x67,0x25,0x24,0xbb,0x30,0x0,0x0,0x60,0x55,0xf9,0xda,0x92,0xdc,0x0,0x0,0x0,0x0,0x0,0x0,0x0,0x0,0x0,0x0,0x60,0x55,0xf9,0xda,0x92,0x8c,0x0,0x0,3,26,26
2024-12-04 14:50:54.932823,2024-12-04 14:50:55.748583,251660261248856,0x58,0xcf,0x79,0x38,0xe2,0xe4,0x0,0x0,0x0,0x0,0x0,0x0,0x0,0x0,0x0,0x0,0x0,0x0,0x0,0x0,0x0,0x0,0x0,0x0,0x68,0x67,0x25,0x26,0x29,0xd4,0x0,0x0,0x0,0x0,0x0,0x0,0x0,0x0,0x0,0x0,0x68,0x67,0x25,0x25,0xe7,0xd6,0x0,0x0,0x68,0x67,0x25,0x26,0x69,0xa0,0x0,0x0,3,26,26
2024-12-04 14:50:54.932823,2024-12-04 14:50:55.748583,124112617459544,0x58,0xcf,0x79,0x38,0xe1,0x70,0x0,0x0,0x0,0x0,0x0,0x0,0x0,0x0,0x0,0x0,0x0,0x0,0x0,0x0,0x0,0x0,0x0,0x0,0x68,0x67,0x25,0x25,0xec,0x30,0x0,0x0,0x60,0x55,0xf9,0xda,0x92,0x8c,0x0,0x0,0x68,0x67,0x25,0x24,0xbb,0x30,0x0,0x0,0x68,0x67,0x25,0x24,0x5c,0xa8,0x0,0x0,3,26,26
2024-12-04 14:50:54.932823,2024-12-04 14:50:55.748583,233273198733160,0x68,0x67,0x25,0x26,0x29,0xd4,0x0,0x0,0x0,0x0,0x0,0x0,0x0,0x0,0x0,0x0,0x0,0x0,0x0,0x0,0x0,0x0,0x0,0x0,0x68,0x67,0x25,0x25,0xfb,0x5c,0x0,0x0,0x58,0xcf,0x79,0x38,0xe2,0xe4,0x0,0x0,0x68,0x67,0x25,0x22,0xbb,0x26,0x0,0x0,0x68,0x67,0x25,0x23,0xb4,0x68,0x0,0x0,3,26,26
2024-12-04 14:50:54.932823,2024-12-04 14:50:55.748583,102233729754984,0x68,0x67,0x25,0x25,0xfb,0x5c,0x0,0x0,0x0,0x0,0x0,0x0,0x0,0x0,0x0,0x0,0x0,0x0,0x0,0x0,0x0,0x0,0x0,0x0,0x0,0x0,0x0,0x0,0x0,0x0,0x0,0x0,0x68,0x67,0x25,0x26,0x29,0xd4,0x0,0x0,0x68,0x67,0x25,0x24,0x5c,0xa8,0x0,0x0,0x60,0x55,0xf9,0xd9,0x2a,0x6a,0x0,0x0,3,26,26
2024-12-04 14:50:54.932823,2024-12-04 14:50:55.748583,115122893055848,0x68,0x67,0x25,0x23,0xb4,0x68,0x0,0x0,0x0,0x0,0x0,0x0,0x0,0x0,0x0,0x0,0x0,0x0,0x0,0x0,0x0,0x0,0x0,0x0,0x60,0x55,0xf9,0xd9,0x2a,0x6a,0x0,0x0,0x68,0x67,0x25,0x26,0x69,0xa0,0x0,0x0,0x68,0x67,0x25,0x26,0x29,0xd4,0x0,0x0,0x68,0x67,0x25,0x25,0xfd,0x54,0x0,0x0,3,26,26
2024-12-04 14:50:54.932823,2024-12-04 14:50:55.748583,139634304968552,0x68,0x67,0x25,0x25,0xff,0x7e,0x0,0x0,0x0,0x0,0x0,0x0,0x0,0x0,0x0,0x0,0x0,0x0,0x0,0x0,0x0,0x0,0x0,0x0,0x0,0x0,0x0,0x0,0x0,0x0,0x0,0x0,0x0,0x0,0x0,0x0,0x0,0x0,0x0,0x0,0x68,0x67,0x25,0x24,0x8c,0x2a,0x0,0x0,0x68,0x67,0x25,0x22,0xa5,0x34,0x0,0x0,3,26,26
2024-12-04 14:50:54.932823,2024-12-04 14:50:55.748583,139342196860776,0x68,0x67,0x25,0x22,0xbb,0x7e,0x0,0x0,0x0,0x0,0x0,0x0,0x0,0x0,0x0,0x0,0x0,0x0,0x0,0x0,0x0,0x0,0x0,0x0,0x0,0x0,0x0,0x0,0x0,0x0,0x0,0x0,0x0,0x0,0x0,0x0,0x0,0x0,0x0,0x0,0x68,0x67,0x25,0x26,0x0,0x30,0x0,0x0,0x0,0x0,0x0,0x0,0x0,0x0,0x0,0x0,3,26,26
2024-12-04 14:51:05.762457,2024-12-04 14:51:06.658135,154562366887264,0x60,0x55,0xf9,0xda,0x92,0x8c,0x0,0x0,0x0,0x0,0x0,0x0,0x0,0x0,0x0,0x0,0x0,0x0,0x0,0x0,0x0,0x0,0x0,0x0,0x58,0xcf,0x79,0x38,0xe1,0x70,0x0,0x0,0x68,0x67,0x25,0x22,0xae,0xe6,0x0,0x0,0x68,0x67,0x25,0x25,0xf0,0xf0,0x0,0x0,0x68,0x67,0x25,0x22,0xbb,0x26,0x0,0x0,4,26,26
2024-12-04 14:51:05.762457,2024-12-04 14:51:06.658135,253635571574632,0x68,0x67,0x25,0x22,0xae,0xe6,0x0,0x0,0x0,0x0,0x0,0x0,0x0,0x0,0x0,0x0,0x0,0x0,0x0,0x0,0x0,0x0,0x0,0x0,0x60,0x55,0xf9,0xda,0x92,0x8c,0x0,0x0,0x0,0x0,0x0,0x0,0x0,0x0,0x0,0x0,0x60,0x55,0xf9,0xda,0x92,0xdc,0x0,0x0,0x68,0x67,0x25,0x25,0xe7,0xd6,0x0,0x0,4,26,26
2024-12-04 14:51:05.762457,2024-12-04 14:51:06.658135,249459652515168,0x60,0x55,0xf9,0xd9,0xe1,0xe2,0x0,0x0,0x0,0x0,0x0,0x0,0x0,0x0,0x0,0x0,0x0,0x0,0x0,0x0,0x0,0x0,0x0,0x0,0x0,0x0,0x0,0x0,0x0,0x0,0x0,0x0,0x0,0x0,0x0,0x0,0x0,0x0,0x0,0x0,0x68,0x67,0x25,0x25,0xfd,0x54,0x0,0x0,0x68,0x67,0x25,0x24,0x8c,0x2a,0x0,0x0,4,26,26
2024-12-04 14:51:05.762457,2024-12-04 14:51:06.658135,176373471995752,0x68,0x67,0x25,0x26,0x69,0xa0,0x0,0x0,0x0,0x0,0x0,0x0,0x0,0x0,0x0,0x0,0x0,0x0,0x0,0x0,0x0,0x0,0x0,0x0,0x68,0x67,0x25,0x23,0xb4,0x68,0x0,0x0,0x0,0x0,0x0,0x0,0x0,0x0,0x0,0x0,0x58,0xcf,0x79,0x38,0xe2,0xe4,0x0,0x0,0x0,0x0,0x0,0x0,0x0,0x0,0x0,0x0,4,26,26
2024-12-04 14:51:05.762457,2024-12-04 14:51:06.658135,46781390219112,0x68,0x67,0x25,0x24,0x8c,0x2a,0x0,0x0,0x0,0x0,0x0,0x0,0x0,0x0,0x0,0x0,0x0,0x0,0x0,0x0,0x0,0x0,0x0,0x0,0x0,0x0,0x0,0x0,0x0,0x0,0x0,0x0,0x0,0x0,0x0,0x0,0x0,0x0,0x0,0x0,0x60,0x55,0xf9,0xd9,0xe1,0xe2,0x0,0x0,0x68,0x67,0x25,0x25,0xff,0x7e,0x0,0x0,4,26,26
2024-12-04 14:51:05.762457,2024-12-04 14:51:06.658135,185113696888680,0x68,0x67,0x25,0x24,0x5c,0xa8,0x0,0x0,0x0,0x0,0x0,0x0,0x0,0x0,0x0,0x0,0x0,0x0,0x0,0x0,0x0,0x0,0x0,0x0,0x0,0x0,0x0,0x0,0x0,0x0,0x0,0x0,0x68,0x67,0x25,0x22,0xbb,0x26,0x0,0x0,0x58,0xcf,0x79,0x38,0xe1,0x70,0x0,0x0,0x68,0x67,0x25,0x25,0xfb,0x5c,0x0,0x0,4,26,26
2024-12-04 14:51:05.762457,2024-12-04 14:51:06.658135,93446226667368,0x68,0x67,0x25,0x25,0xfd,0x54,0x0,0x0,0x0,0x0,0x0,0x0,0x0,0x0,0x0,0x0,0x0,0x0,0x0,0x0,0x0,0x0,0x0,0x0,0x68,0x67,0x25,0x25,0xe7,0x28,0x0,0x0,0x0,0x0,0x0,0x0,0x0,0x0,0x0,0x0,0x68,0x67,0x25,0x23,0xb4,0x68,0x0,0x0,0x60,0x55,0xf9,0xd9,0xe1,0xe2,0x0,0x0,4,26,26
2024-12-04 14:51:05.762457,2024-12-04 14:51:06.658135,53580323448680,0x68,0x67,0x25,0x24,0xbb,0x30,0x0,0x0,0x0,0x0,0x0,0x0,0x0,0x0,0x0,0x0,0x0,0x0,0x0,0x0,0x0,0x0,0x0,0x0,0x0,0x0,0x0,0x0,0x0,0x0,0x0,0x0,0x68,0x67,0x25,0x25,0xf0,0xf0,0x0,0x0,0x0,0x0,0x0,0x0,0x0,0x0,0x0,0x0,0x58,0xcf,0x79,0x38,0xe1,0x70,0x0,0x0,4,26,26
2024-12-04 14:51:05.762457,2024-12-04 14:51:06.658135,275865245668704,0x60,0x55,0xf9,0xe1,0xe5,0xfa,0x0,0x0,0x0,0x0,0x0,0x0,0x0,0x0,0x0,0x0,0x0,0x0,0x0,0x0,0x0,0x0,0x0,0x0,0x0,0x0,0x0,0x0,0x0,0x0,0x0,0x0,0x0,0x0,0x0,0x0,0x0,0x0,0x0,0x0,0x68,0x67,0x25,0x22,0xa5,0x34,0x0,0x0,0x68,0x67,0x25,0x22,0xb0,0x5e,0x0,0x0,4,26,26
2024-12-04 14:51:05.762457,2024-12-04 14:51:06.658135,52777198118760,0x68,0x67,0x25,0x26,0x0,0x30,0x0,0x0,0x0,0x0,0x0,0x0,0x0,0x0,0x0,0x0,0x0,0x0,0x0,0x0,0x0,0x0,0x0,0x0,0x0,0x0,0x0,0x0,0x0,0x0,0x0,0x0,0x0,0x0,0x0,0x0,0x0,0x0,0x0,0x0,0x68,0x67,0x25,0x22,0xb0,0x5e,0x0,0x0,0x68,0x67,0x25,0x22,0xbb,0x7e,0x0,0x0,4,26,26
2024-12-04 14:51:05.762457,2024-12-04 14:51:06.658135,42585173616488,0x68,0x67,0x25,0x22,0xbb,0x26,0x0,0x0,0x0,0x0,0x0,0x0,0x0,0x0,0x0,0x0,0x0,0x0,0x0,0x0,0x0,0x0,0x0,0x0,0x68,0x67,0x25,0x24,0x5c,0xa8,0x0,0x0,0x68,0x67,0x25,0x25,0xe7,0xd6,0x0,0x0,0x60,0x55,0xf9,0xda,0x92,0x8c,0x0,0x0,0x68,0x67,0x25,0x26,0x29,0xd4,0x0,0x0,4,26,26
2024-12-04 14:51:05.762457,2024-12-04 14:51:06.658135,242523297109344,0x60,0x55,0xf9,0xda,0x92,0xdc,0x0,0x0,0x0,0x0,0x0,0x0,0x0,0x0,0x0,0x0,0x0,0x0,0x0,0x0,0x0,0x0,0x0,0x0,0x68,0x67,0x25,0x25,0xf0,0xf0,0x0,0x0,0x0,0x0,0x0,0x0,0x0,0x0,0x0,0x0,0x0,0x0,0x0,0x0,0x0,0x0,0x0,0x0,0x68,0x67,0x25,0x22,0xae,0xe6,0x0,0x0,4,26,26
2024-12-04 14:51:05.762457,2024-12-04 14:51:06.658135,236288248997736,0x68,0x67,0x25,0x25,0xe7,0xd6,0x0,0x0,0x0,0x0,0x0,0x0,0x0,0x0,0x0,0x0,0x0,0x0,0x0,0x0,0x0,0x0,0x0,0x0,0x68,0x67,0x25,0x22,0xbb,0x26,0x0,0x0,0x0,0x0,0x0,0x0,0x0,0x0,0x0,0x0,0x68,0x67,0x25,0x22,0xae,0xe6,0x0,0x0,0x58,0xcf,0x79,0x38,0xe2,0xe4,0x0,0x0,4,26,26
2024-12-04 14:51:05.762457,2024-12-04 14:51:06.658135,116732278166880,0x60,0x55,0xf9,0xd9,0x2a,0x6a,0x0,0x0,0x0,0x0,0x0,0x0,0x0,0x0,0x0,0x0,0x0,0x0,0x0,0x0,0x0,0x0,0x0,0x0,0x0,0x0,0x0,0x0,0x0,0x0,0x0,0x0,0x68,0x67,0x25,0x23,0xb4,0x68,0x0,0x0,0x68,0x67,0x25,0x25,0xfb,0x5c,0x0,0x0,0x68,0x67,0x25,0x25,0xe7,0x28,0x0,0x0,4,26,26
2024-12-04 14:51:05.762457,2024-12-04 14:51:06.658135,57883847124840,0x68,0x67,0x25,0x22,0xa5,0x34,0x0,0x0,0x0,0x0,0x0,0x0,0x0,0x0,0x0,0x0,0x0,0x0,0x0,0x0,0x0,0x0,0x0,0x0,0x0,0x0,0x0,0x0,0x0,0x0,0x0,0x0,0x0,0x0,0x0,0x0,0x0,0x0,0x0,0x0,0x68,0x67,0x25,0x25,0xff,0x7e,0x0,0x0,0x60,0x55,0xf9,0xe1,0xe5,0xfa,0x0,0x0,4,26,26
2024-12-04 14:51:05.762457,2024-12-04 14:51:06.658135,44973225764712,0x68,0x67,0x25,0x25,0xe7,0x28,0x0,0x0,0x0,0x0,0x0,0x0,0x0,0x0,0x0,0x0,0x0,0x0,0x0,0x0,0x0,0x0,0x0,0x0,0x0,0x0,0x0,0x0,0x0,0x0,0x0,0x0,0x68,0x67,0x25,0x25,0xfd,0x54,0x0,0x0,0x60,0x55,0xf9,0xd9,0x2a,0x6a,0x0,0x0,0x0,0x0,0x0,0x0,0x0,0x0,0x0,0x0,4,26,26
2024-12-04 14:51:05.762457,2024-12-04 14:51:06.658135,53790793623400,0x68,0x67,0x25,0x25,0xec,0x30,0x0,0x0,0x0,0x0,0x0,0x0,0x0,0x0,0x0,0x0,0x0,0x0,0x0,0x0,0x0,0x0,0x0,0x0,0x0,0x0,0x0,0x0,0x0,0x0,0x0,0x0,0x58,0xcf,0x79,0x38,0xe1,0x70,0x0,0x0,0x0,0x0,0x0,0x0,0x0,0x0,0x0,0x0,0x0,0x0,0x0,0x0,0x0,0x0,0x0,0x0,4,26,26
2024-12-04 14:51:05.762457,2024-12-04 14:51:06.658135,104110580131688,0x68,0x67,0x25,0x22,0xb0,0x5e,0x0,0x0,0x0,0x0,0x0,0x0,0x0,0x0,0x0,0x0,0x0,0x0,0x0,0x0,0x0,0x0,0x0,0x0,0x0,0x0,0x0,0x0,0x0,0x0,0x0,0x0,0x0,0x0,0x0,0x0,0x0,0x0,0x0,0x0,0x60,0x55,0xf9,0xe1,0xe5,0xfa,0x0,0x0,0x68,0x67,0x25,0x26,0x0,0x30,0x0,0x0,4,26,26
2024-12-04 14:51:05.762457,2024-12-04 14:51:06.658135,264914206025576,0x68,0x67,0x25,0x25,0xf0,0xf0,0x0,0x0,0x0,0x0,0x0,0x0,0x0,0x0,0x0,0x0,0x0,0x0,0x0,0x0,0x0,0x0,0x0,0x0,0x68,0x67,0x25,0x24,0xbb,0x30,0x0,0x0,0x60,0x55,0xf9,0xda,0x92,0xdc,0x0,0x0,0x0,0x0,0x0,0x0,0x0,0x0,0x0,0x0,0x60,0x55,0xf9,0xda,0x92,0x8c,0x0,0x0,4,26,26
2024-12-04 14:51:05.762457,2024-12-04 14:51:06.658135,251660261248856,0x58,0xcf,0x79,0x38,0xe2,0xe4,0x0,0x0,0x0,0x0,0x0,0x0,0x0,0x0,0x0,0x0,0x0,0x0,0x0,0x0,0x0,0x0,0x0,0x0,0x68,0x67,0x25,0x26,0x29,0xd4,0x0,0x0,0x0,0x0,0x0,0x0,0x0,0x0,0x0,0x0,0x68,0x67,0x25,0x25,0xe7,0xd6,0x0,0x0,0x68,0x67,0x25,0x26,0x69,0xa0,0x0,0x0,4,26,26
2024-12-04 14:51:05.762457,2024-12-04 14:51:06.658135,124112617459544,0x58,0xcf,0x79,0x38,0xe1,0x70,0x0,0x0,0x0,0x0,0x0,0x0,0x0,0x0,0x0,0x0,0x0,0x0,0x0,0x0,0x0,0x0,0x0,0x0,0x68,0x67,0x25,0x25,0xec,0x30,0x0,0x0,0x60,0x55,0xf9,0xda,0x92,0x8c,0x0,0x0,0x68,0x67,0x25,0x24,0xbb,0x30,0x0,0x0,0x68,0x67,0x25,0x24,0x5c,0xa8,0x0,0x0,4,26,26
2024-12-04 14:51:05.762457,2024-12-04 14:51:06.658135,233273198733160,0x68,0x67,0x25,0x26,0x29,0xd4,0x0,0x0,0x0,0x0,0x0,0x0,0x0,0x0,0x0,0x0,0x0,0x0,0x0,0x0,0x0,0x0,0x0,0x0,0x68,0x67,0x25,0x25,0xfb,0x5c,0x0,0x0,0x58,0xcf,0x79,0x38,0xe2,0xe4,0x0,0x0,0x68,0x67,0x25,0x22,0xbb,0x26,0x0,0x0,0x68,0x67,0x25,0x23,0xb4,0x68,0x0,0x0,4,26,26
2024-12-04 14:51:05.762457,2024-12-04 14:51:06.658135,102233729754984,0x68,0x67,0x25,0x25,0xfb,0x5c,0x0,0x0,0x0,0x0,0x0,0x0,0x0,0x0,0x0,0x0,0x0,0x0,0x0,0x0,0x0,0x0,0x0,0x0,0x0,0x0,0x0,0x0,0x0,0x0,0x0,0x0,0x68,0x67,0x25,0x26,0x29,0xd4,0x0,0x0,0x68,0x67,0x25,0x24,0x5c,0xa8,0x0,0x0,0x60,0x55,0xf9,0xd9,0x2a,0x6a,0x0,0x0,4,26,26
2024-12-04 14:51:05.762457,2024-12-04 14:51:06.658135,115122893055848,0x68,0x67,0x25,0x23,0xb4,0x68,0x0,0x0,0x0,0x0,0x0,0x0,0x0,0x0,0x0,0x0,0x0,0x0,0x0,0x0,0x0,0x0,0x0,0x0,0x60,0x55,0xf9,0xd9,0x2a,0x6a,0x0,0x0,0x68,0x67,0x25,0x26,0x69,0xa0,0x0,0x0,0x68,0x67,0x25,0x26,0x29,0xd4,0x0,0x0,0x68,0x67,0x25,0x25,0xfd,0x54,0x0,0x0,4,26,26
2024-12-04 14:51:05.762457,2024-12-04 14:51:06.658135,139634304968552,0x68,0x67,0x25,0x25,0xff,0x7e,0x0,0x0,0x0,0x0,0x0,0x0,0x0,0x0,0x0,0x0,0x0,0x0,0x0,0x0,0x0,0x0,0x0,0x0,0x0,0x0,0x0,0x0,0x0,0x0,0x0,0x0,0x0,0x0,0x0,0x0,0x0,0x0,0x0,0x0,0x68,0x67,0x25,0x24,0x8c,0x2a,0x0,0x0,0x68,0x67,0x25,0x22,0xa5,0x34,0x0,0x0,4,26,26
2024-12-04 14:51:05.762457,2024-12-04 14:51:06.658135,139342196860776,0x68,0x67,0x25,0x22,0xbb,0x7e,0x0,0x0,0x0,0x0,0x0,0x0,0x0,0x0,0x0,0x0,0x0,0x0,0x0,0x0,0x0,0x0,0x0,0x0,0x0,0x0,0x0,0x0,0x0,0x0,0x0,0x0,0x0,0x0,0x0,0x0,0x0,0x0,0x0,0x0,0x68,0x67,0x25,0x26,0x0,0x30,0x0,0x0,0x0,0x0,0x0,0x0,0x0,0x0,0x0,0x0,4,26,26
2024-12-04 14:51:16.667062,2024-12-04 14:51:17.320182,154562366887264,0x60,0x55,0xf9,0xda,0x92,0x8c,0x0,0x0,0x0,0x0,0x0,0x0,0x0,0x0,0x0,0x0,0x0,0x0,0x0,0x0,0x0,0x0,0x0,0x0,0x58,0xcf,0x79,0x38,0xe1,0x70,0x0,0x0,0x68,0x67,0x25,0x22,0xae,0xe6,0x0,0x0,0x68,0x67,0x25,0x25,0xf0,0xf0,0x0,0x0,0x68,0x67,0x25,0x22,0xbb,0x26,0x0,0x0,5,26,26
2024-12-04 14:51:16.667062,2024-12-04 14:51:17.320182,253635571574632,0x68,0x67,0x25,0x22,0xae,0xe6,0x0,0x0,0x0,0x0,0x0,0x0,0x0,0x0,0x0,0x0,0x0,0x0,0x0,0x0,0x0,0x0,0x0,0x0,0x60,0x55,0xf9,0xda,0x92,0x8c,0x0,0x0,0x0,0x0,0x0,0x0,0x0,0x0,0x0,0x0,0x60,0x55,0xf9,0xda,0x92,0xdc,0x0,0x0,0x68,0x67,0x25,0x25,0xe7,0xd6,0x0,0x0,5,26,26
2024-12-04 14:51:16.667062,2024-12-04 14:51:17.320182,249459652515168,0x60,0x55,0xf9,0xd9,0xe1,0xe2,0x0,0x0,0x0,0x0,0x0,0x0,0x0,0x0,0x0,0x0,0x0,0x0,0x0,0x0,0x0,0x0,0x0,0x0,0x0,0x0,0x0,0x0,0x0,0x0,0x0,0x0,0x0,0x0,0x0,0x0,0x0,0x0,0x0,0x0,0x68,0x67,0x25,0x25,0xfd,0x54,0x0,0x0,0x68,0x67,0x25,0x24,0x8c,0x2a,0x0,0x0,5,26,26
2024-12-04 14:51:16.667062,2024-12-04 14:51:17.320182,176373471995752,0x68,0x67,0x25,0x26,0x69,0xa0,0x0,0x0,0x0,0x0,0x0,0x0,0x0,0x0,0x0,0x0,0x0,0x0,0x0,0x0,0x0,0x0,0x0,0x0,0x68,0x67,0x25,0x23,0xb4,0x68,0x0,0x0,0x0,0x0,0x0,0x0,0x0,0x0,0x0,0x0,0x58,0xcf,0x79,0x38,0xe2,0xe4,0x0,0x0,0x0,0x0,0x0,0x0,0x0,0x0,0x0,0x0,5,26,26
2024-12-04 14:51:16.667062,2024-12-04 14:51:17.320182,46781390219112,0x68,0x67,0x25,0x24,0x8c,0x2a,0x0,0x0,0x0,0x0,0x0,0x0,0x0,0x0,0x0,0x0,0x0,0x0,0x0,0x0,0x0,0x0,0x0,0x0,0x0,0x0,0x0,0x0,0x0,0x0,0x0,0x0,0x0,0x0,0x0,0x0,0x0,0x0,0x0,0x0,0x60,0x55,0xf9,0xd9,0xe1,0xe2,0x0,0x0,0x68,0x67,0x25,0x25,0xff,0x7e,0x0,0x0,5,26,26
2024-12-04 14:51:16.667062,2024-12-04 14:51:17.320182,185113696888680,0x68,0x67,0x25,0x24,0x5c,0xa8,0x0,0x0,0x0,0x0,0x0,0x0,0x0,0x0,0x0,0x0,0x0,0x0,0x0,0x0,0x0,0x0,0x0,0x0,0x0,0x0,0x0,0x0,0x0,0x0,0x0,0x0,0x68,0x67,0x25,0x22,0xbb,0x26,0x0,0x0,0x58,0xcf,0x79,0x38,0xe1,0x70,0x0,0x0,0x68,0x67,0x25,0x25,0xfb,0x5c,0x0,0x0,5,26,26
2024-12-04 14:51:16.667062,2024-12-04 14:51:17.320182,93446226667368,0x68,0x67,0x25,0x25,0xfd,0x54,0x0,0x0,0x0,0x0,0x0,0x0,0x0,0x0,0x0,0x0,0x0,0x0,0x0,0x0,0x0,0x0,0x0,0x0,0x68,0x67,0x25,0x25,0xe7,0x28,0x0,0x0,0x0,0x0,0x0,0x0,0x0,0x0,0x0,0x0,0x68,0x67,0x25,0x23,0xb4,0x68,0x0,0x0,0x60,0x55,0xf9,0xd9,0xe1,0xe2,0x0,0x0,5,26,26
2024-12-04 14:51:16.667062,2024-12-04 14:51:17.320182,53580323448680,0x68,0x67,0x25,0x24,0xbb,0x30,0x0,0x0,0x0,0x0,0x0,0x0,0x0,0x0,0x0,0x0,0x0,0x0,0x0,0x0,0x0,0x0,0x0,0x0,0x0,0x0,0x0,0x0,0x0,0x0,0x0,0x0,0x68,0x67,0x25,0x25,0xf0,0xf0,0x0,0x0,0x0,0x0,0x0,0x0,0x0,0x0,0x0,0x0,0x58,0xcf,0x79,0x38,0xe1,0x70,0x0,0x0,5,26,26
2024-12-04 14:51:16.667062,2024-12-04 14:51:17.320182,275865245668704,0x60,0x55,0xf9,0xe1,0xe5,0xfa,0x0,0x0,0x0,0x0,0x0,0x0,0x0,0x0,0x0,0x0,0x0,0x0,0x0,0x0,0x0,0x0,0x0,0x0,0x0,0x0,0x0,0x0,0x0,0x0,0x0,0x0,0x0,0x0,0x0,0x0,0x0,0x0,0x0,0x0,0x68,0x67,0x25,0x22,0xa5,0x34,0x0,0x0,0x68,0x67,0x25,0x22,0xb0,0x5e,0x0,0x0,5,26,26
2024-12-04 14:51:16.667062,2024-12-04 14:51:17.320182,52777198118760,0x68,0x67,0x25,0x26,0x0,0x30,0x0,0x0,0x0,0x0,0x0,0x0,0x0,0x0,0x0,0x0,0x0,0x0,0x0,0x0,0x0,0x0,0x0,0x0,0x0,0x0,0x0,0x0,0x0,0x0,0x0,0x0,0x0,0x0,0x0,0x0,0x0,0x0,0x0,0x0,0x68,0x67,0x25,0x22,0xb0,0x5e,0x0,0x0,0x68,0x67,0x25,0x22,0xbb,0x7e,0x0,0x0,5,26,26
2024-12-04 14:51:16.667062,2024-12-04 14:51:17.320182,42585173616488,0x68,0x67,0x25,0x22,0xbb,0x26,0x0,0x0,0x0,0x0,0x0,0x0,0x0,0x0,0x0,0x0,0x0,0x0,0x0,0x0,0x0,0x0,0x0,0x0,0x68,0x67,0x25,0x24,0x5c,0xa8,0x0,0x0,0x68,0x67,0x25,0x25,0xe7,0xd6,0x0,0x0,0x60,0x55,0xf9,0xda,0x92,0x8c,0x0,0x0,0x68,0x67,0x25,0x26,0x29,0xd4,0x0,0x0,5,26,26
2024-12-04 14:51:16.667062,2024-12-04 14:51:17.320182,242523297109344,0x60,0x55,0xf9,0xda,0x92,0xdc,0x0,0x0,0x0,0x0,0x0,0x0,0x0,0x0,0x0,0x0,0x0,0x0,0x0,0x0,0x0,0x0,0x0,0x0,0x68,0x67,0x25,0x25,0xf0,0xf0,0x0,0x0,0x0,0x0,0x0,0x0,0x0,0x0,0x0,0x0,0x0,0x0,0x0,0x0,0x0,0x0,0x0,0x0,0x68,0x67,0x25,0x22,0xae,0xe6,0x0,0x0,5,26,26
2024-12-04 14:51:16.667062,2024-12-04 14:51:17.320182,236288248997736,0x68,0x67,0x25,0x25,0xe7,0xd6,0x0,0x0,0x0,0x0,0x0,0x0,0x0,0x0,0x0,0x0,0x0,0x0,0x0,0x0,0x0,0x0,0x0,0x0,0x68,0x67,0x25,0x22,0xbb,0x26,0x0,0x0,0x0,0x0,0x0,0x0,0x0,0x0,0x0,0x0,0x68,0x67,0x25,0x22,0xae,0xe6,0x0,0x0,0x58,0xcf,0x79,0x38,0xe2,0xe4,0x0,0x0,5,26,26
2024-12-04 14:51:16.667062,2024-12-04 14:51:17.320182,116732278166880,0x60,0x55,0xf9,0xd9,0x2a,0x6a,0x0,0x0,0x0,0x0,0x0,0x0,0x0,0x0,0x0,0x0,0x0,0x0,0x0,0x0,0x0,0x0,0x0,0x0,0x0,0x0,0x0,0x0,0x0,0x0,0x0,0x0,0x68,0x67,0x25,0x23,0xb4,0x68,0x0,0x0,0x68,0x67,0x25,0x25,0xfb,0x5c,0x0,0x0,0x68,0x67,0x25,0x25,0xe7,0x28,0x0,0x0,5,26,26
2024-12-04 14:51:16.667062,2024-12-04 14:51:17.320182,57883847124840,0x68,0x67,0x25,0x22,0xa5,0x34,0x0,0x0,0x0,0x0,0x0,0x0,0x0,0x0,0x0,0x0,0x0,0x0,0x0,0x0,0x0,0x0,0x0,0x0,0x0,0x0,0x0,0x0,0x0,0x0,0x0,0x0,0x0,0x0,0x0,0x0,0x0,0x0,0x0,0x0,0x68,0x67,0x25,0x25,0xff,0x7e,0x0,0x0,0x60,0x55,0xf9,0xe1,0xe5,0xfa,0x0,0x0,5,26,26
2024-12-04 14:51:16.667062,2024-12-04 14:51:17.320182,44973225764712,0x68,0x67,0x25,0x25,0xe7,0x28,0x0,0x0,0x0,0x0,0x0,0x0,0x0,0x0,0x0,0x0,0x0,0x0,0x0,0x0,0x0,0x0,0x0,0x0,0x0,0x0,0x0,0x0,0x0,0x0,0x0,0x0,0x68,0x67,0x25,0x25,0xfd,0x54,0x0,0x0,0x60,0x55,0xf9,0xd9,0x2a,0x6a,0x0,0x0,0x0,0x0,0x0,0x0,0x0,0x0,0x0,0x0,5,26,26
2024-12-04 14:51:16.667062,2024-12-04 14:51:17.320182,53790793623400,0x68,0x67,0x25,0x25,0xec,0x30,0x0,0x0,0x0,0x0,0x0,0x0,0x0,0x0,0x0,0x0,0x0,0x0,0x0,0x0,0x0,0x0,0x0,0x0,0x0,0x0,0x0,0x0,0x0,0x0,0x0,0x0,0x58,0xcf,0x79,0x38,0xe1,0x70,0x0,0x0,0x0,0x0,0x0,0x0,0x0,0x0,0x0,0x0,0x0,0x0,0x0,0x0,0x0,0x0,0x0,0x0,5,26,26
2024-12-04 14:51:16.667062,2024-12-04 14:51:17.320182,104110580131688,0x68,0x67,0x25,0x22,0xb0,0x5e,0x0,0x0,0x0,0x0,0x0,0x0,0x0,0x0,0x0,0x0,0x0,0x0,0x0,0x0,0x0,0x0,0x0,0x0,0x0,0x0,0x0,0x0,0x0,0x0,0x0,0x0,0x0,0x0,0x0,0x0,0x0,0x0,0x0,0x0,0x60,0x55,0xf9,0xe1,0xe5,0xfa,0x0,0x0,0x68,0x67,0x25,0x26,0x0,0x30,0x0,0x0,5,26,26
2024-12-04 14:51:16.667062,2024-12-04 14:51:17.320182,264914206025576,0x68,0x67,0x25,0x25,0xf0,0xf0,0x0,0x0,0x0,0x0,0x0,0x0,0x0,0x0,0x0,0x0,0x0,0x0,0x0,0x0,0x0,0x0,0x0,0x0,0x68,0x67,0x25,0x24,0xbb,0x30,0x0,0x0,0x60,0x55,0xf9,0xda,0x92,0xdc,0x0,0x0,0x0,0x0,0x0,0x0,0x0,0x0,0x0,0x0,0x60,0x55,0xf9,0xda,0x92,0x8c,0x0,0x0,5,26,26
2024-12-04 14:51:16.667062,2024-12-04 14:51:17.320182,251660261248856,0x58,0xcf,0x79,0x38,0xe2,0xe4,0x0,0x0,0x0,0x0,0x0,0x0,0x0,0x0,0x0,0x0,0x0,0x0,0x0,0x0,0x0,0x0,0x0,0x0,0x68,0x67,0x25,0x26,0x29,0xd4,0x0,0x0,0x0,0x0,0x0,0x0,0x0,0x0,0x0,0x0,0x68,0x67,0x25,0x25,0xe7,0xd6,0x0,0x0,0x68,0x67,0x25,0x26,0x69,0xa0,0x0,0x0,5,26,26
2024-12-04 14:51:16.667062,2024-12-04 14:51:17.320182,124112617459544,0x58,0xcf,0x79,0x38,0xe1,0x70,0x0,0x0,0x0,0x0,0x0,0x0,0x0,0x0,0x0,0x0,0x0,0x0,0x0,0x0,0x0,0x0,0x0,0x0,0x68,0x67,0x25,0x25,0xec,0x30,0x0,0x0,0x60,0x55,0xf9,0xda,0x92,0x8c,0x0,0x0,0x68,0x67,0x25,0x24,0xbb,0x30,0x0,0x0,0x68,0x67,0x25,0x24,0x5c,0xa8,0x0,0x0,5,26,26
2024-12-04 14:51:16.667062,2024-12-04 14:51:17.320182,233273198733160,0x68,0x67,0x25,0x26,0x29,0xd4,0x0,0x0,0x0,0x0,0x0,0x0,0x0,0x0,0x0,0x0,0x0,0x0,0x0,0x0,0x0,0x0,0x0,0x0,0x68,0x67,0x25,0x25,0xfb,0x5c,0x0,0x0,0x58,0xcf,0x79,0x38,0xe2,0xe4,0x0,0x0,0x68,0x67,0x25,0x22,0xbb,0x26,0x0,0x0,0x68,0x67,0x25,0x23,0xb4,0x68,0x0,0x0,5,26,26
2024-12-04 14:51:16.667062,2024-12-04 14:51:17.320182,102233729754984,0x68,0x67,0x25,0x25,0xfb,0x5c,0x0,0x0,0x0,0x0,0x0,0x0,0x0,0x0,0x0,0x0,0x0,0x0,0x0,0x0,0x0,0x0,0x0,0x0,0x0,0x0,0x0,0x0,0x0,0x0,0x0,0x0,0x68,0x67,0x25,0x26,0x29,0xd4,0x0,0x0,0x68,0x67,0x25,0x24,0x5c,0xa8,0x0,0x0,0x60,0x55,0xf9,0xd9,0x2a,0x6a,0x0,0x0,5,26,26
2024-12-04 14:51:16.667062,2024-12-04 14:51:17.320182,115122893055848,0x68,0x67,0x25,0x23,0xb4,0x68,0x0,0x0,0x0,0x0,0x0,0x0,0x0,0x0,0x0,0x0,0x0,0x0,0x0,0x0,0x0,0x0,0x0,0x0,0x60,0x55,0xf9,0xd9,0x2a,0x6a,0x0,0x0,0x68,0x67,0x25,0x26,0x69,0xa0,0x0,0x0,0x68,0x67,0x25,0x26,0x29,0xd4,0x0,0x0,0x68,0x67,0x25,0x25,0xfd,0x54,0x0,0x0,5,26,26
2024-12-04 14:51:16.667062,2024-12-04 14:51:17.320182,139634304968552,0x68,0x67,0x25,0x25,0xff,0x7e,0x0,0x0,0x0,0x0,0x0,0x0,0x0,0x0,0x0,0x0,0x0,0x0,0x0,0x0,0x0,0x0,0x0,0x0,0x0,0x0,0x0,0x0,0x0,0x0,0x0,0x0,0x0,0x0,0x0,0x0,0x0,0x0,0x0,0x0,0x68,0x67,0x25,0x24,0x8c,0x2a,0x0,0x0,0x68,0x67,0x25,0x22,0xa5,0x34,0x0,0x0,5,26,26
2024-12-04 14:51:16.667062,2024-12-04 14:51:17.320182,139342196860776,0x68,0x67,0x25,0x22,0xbb,0x7e,0x0,0x0,0x0,0x0,0x0,0x0,0x0,0x0,0x0,0x0,0x0,0x0,0x0,0x0,0x0,0x0,0x0,0x0,0x0,0x0,0x0,0x0,0x0,0x0,0x0,0x0,0x0,0x0,0x0,0x0,0x0,0x0,0x0,0x0,0x68,0x67,0x25,0x26,0x0,0x30,0x0,0x0,0x0,0x0,0x0,0x0,0x0,0x0,0x0,0x0,5,26,26
2024-12-04 14:51:27.341348,2024-12-04 14:51:29.219416,154562366887264,0x60,0x55,0xf9,0xda,0x92,0x8c,0x0,0x0,0x0,0x0,0x0,0x0,0x0,0x0,0x0,0x0,0x0,0x0,0x0,0x0,0x0,0x0,0x0,0x0,0x58,0xcf,0x79,0x38,0xe1,0x70,0x0,0x0,0x68,0x67,0x25,0x22,0xae,0xe6,0x0,0x0,0x68,0x67,0x25,0x25,0xf0,0xf0,0x0,0x0,0x68,0x67,0x25,0x22,0xbb,0x26,0x0,0x0,6,26,26
2024-12-04 14:51:27.341348,2024-12-04 14:51:29.219416,253635571574632,0x68,0x67,0x25,0x22,0xae,0xe6,0x0,0x0,0x0,0x0,0x0,0x0,0x0,0x0,0x0,0x0,0x0,0x0,0x0,0x0,0x0,0x0,0x0,0x0,0x60,0x55,0xf9,0xda,0x92,0x8c,0x0,0x0,0x0,0x0,0x0,0x0,0x0,0x0,0x0,0x0,0x60,0x55,0xf9,0xda,0x92,0xdc,0x0,0x0,0x68,0x67,0x25,0x25,0xe7,0xd6,0x0,0x0,6,26,26
2024-12-04 14:51:27.341348,2024-12-04 14:51:29.219416,249459652515168,0x60,0x55,0xf9,0xd9,0xe1,0xe2,0x0,0x0,0x0,0x0,0x0,0x0,0x0,0x0,0x0,0x0,0x0,0x0,0x0,0x0,0x0,0x0,0x0,0x0,0x0,0x0,0x0,0x0,0x0,0x0,0x0,0x0,0x0,0x0,0x0,0x0,0x0,0x0,0x0,0x0,0x68,0x67,0x25,0x25,0xfd,0x54,0x0,0x0,0x68,0x67,0x25,0x24,0x8c,0x2a,0x0,0x0,6,26,26
2024-12-04 14:51:27.341348,2024-12-04 14:51:29.219416,176373471995752,0x68,0x67,0x25,0x26,0x69,0xa0,0x0,0x0,0x0,0x0,0x0,0x0,0x0,0x0,0x0,0x0,0x0,0x0,0x0,0x0,0x0,0x0,0x0,0x0,0x68,0x67,0x25,0x23,0xb4,0x68,0x0,0x0,0x0,0x0,0x0,0x0,0x0,0x0,0x0,0x0,0x58,0xcf,0x79,0x38,0xe2,0xe4,0x0,0x0,0x0,0x0,0x0,0x0,0x0,0x0,0x0,0x0,6,26,26
2024-12-04 14:51:27.341348,2024-12-04 14:51:29.219416,46781390219112,0x68,0x67,0x25,0x24,0x8c,0x2a,0x0,0x0,0x0,0x0,0x0,0x0,0x0,0x0,0x0,0x0,0x0,0x0,0x0,0x0,0x0,0x0,0x0,0x0,0x0,0x0,0x0,0x0,0x0,0x0,0x0,0x0,0x0,0x0,0x0,0x0,0x0,0x0,0x0,0x0,0x60,0x55,0xf9,0xd9,0xe1,0xe2,0x0,0x0,0x68,0x67,0x25,0x25,0xff,0x7e,0x0,0x0,6,26,26
2024-12-04 14:51:27.341348,2024-12-04 14:51:29.219416,185113696888680,0x68,0x67,0x25,0x24,0x5c,0xa8,0x0,0x0,0x0,0x0,0x0,0x0,0x0,0x0,0x0,0x0,0x0,0x0,0x0,0x0,0x0,0x0,0x0,0x0,0x0,0x0,0x0,0x0,0x0,0x0,0x0,0x0,0x68,0x67,0x25,0x22,0xbb,0x26,0x0,0x0,0x58,0xcf,0x79,0x38,0xe1,0x70,0x0,0x0,0x68,0x67,0x25,0x25,0xfb,0x5c,0x0,0x0,6,26,26
2024-12-04 14:51:27.341348,2024-12-04 14:51:29.219416,93446226667368,0x68,0x67,0x25,0x25,0xfd,0x54,0x0,0x0,0x0,0x0,0x0,0x0,0x0,0x0,0x0,0x0,0x0,0x0,0x0,0x0,0x0,0x0,0x0,0x0,0x68,0x67,0x25,0x25,0xe7,0x28,0x0,0x0,0x0,0x0,0x0,0x0,0x0,0x0,0x0,0x0,0x68,0x67,0x25,0x23,0xb4,0x68,0x0,0x0,0x60,0x55,0xf9,0xd9,0xe1,0xe2,0x0,0x0,6,26,26
2024-12-04 14:51:27.341348,2024-12-04 14:51:29.219416,53580323448680,0x68,0x67,0x25,0x24,0xbb,0x30,0x0,0x0,0x0,0x0,0x0,0x0,0x0,0x0,0x0,0x0,0x0,0x0,0x0,0x0,0x0,0x0,0x0,0x0,0x0,0x0,0x0,0x0,0x0,0x0,0x0,0x0,0x68,0x67,0x25,0x25,0xf0,0xf0,0x0,0x0,0x0,0x0,0x0,0x0,0x0,0x0,0x0,0x0,0x58,0xcf,0x79,0x38,0xe1,0x70,0x0,0x0,6,26,26
2024-12-04 14:51:27.341348,2024-12-04 14:51:29.219416,275865245668704,0x60,0x55,0xf9,0xe1,0xe5,0xfa,0x0,0x0,0x0,0x0,0x0,0x0,0x0,0x0,0x0,0x0,0x0,0x0,0x0,0x0,0x0,0x0,0x0,0x0,0x0,0x0,0x0,0x0,0x0,0x0,0x0,0x0,0x0,0x0,0x0,0x0,0x0,0x0,0x0,0x0,0x68,0x67,0x25,0x22,0xa5,0x34,0x0,0x0,0x68,0x67,0x25,0x22,0xb0,0x5e,0x0,0x0,6,26,26
2024-12-04 14:51:27.341348,2024-12-04 14:51:29.219416,52777198118760,0x68,0x67,0x25,0x26,0x0,0x30,0x0,0x0,0x0,0x0,0x0,0x0,0x0,0x0,0x0,0x0,0x0,0x0,0x0,0x0,0x0,0x0,0x0,0x0,0x0,0x0,0x0,0x0,0x0,0x0,0x0,0x0,0x0,0x0,0x0,0x0,0x0,0x0,0x0,0x0,0x68,0x67,0x25,0x22,0xb0,0x5e,0x0,0x0,0x68,0x67,0x25,0x22,0xbb,0x7e,0x0,0x0,6,26,26
2024-12-04 14:51:27.341348,2024-12-04 14:51:29.219416,42585173616488,0x68,0x67,0x25,0x22,0xbb,0x26,0x0,0x0,0x0,0x0,0x0,0x0,0x0,0x0,0x0,0x0,0x0,0x0,0x0,0x0,0x0,0x0,0x0,0x0,0x68,0x67,0x25,0x24,0x5c,0xa8,0x0,0x0,0x68,0x67,0x25,0x25,0xe7,0xd6,0x0,0x0,0x60,0x55,0xf9,0xda,0x92,0x8c,0x0,0x0,0x68,0x67,0x25,0x26,0x29,0xd4,0x0,0x0,6,26,26
2024-12-04 14:51:27.341348,2024-12-04 14:51:29.219416,242523297109344,0x60,0x55,0xf9,0xda,0x92,0xdc,0x0,0x0,0x0,0x0,0x0,0x0,0x0,0x0,0x0,0x0,0x0,0x0,0x0,0x0,0x0,0x0,0x0,0x0,0x68,0x67,0x25,0x25,0xf0,0xf0,0x0,0x0,0x0,0x0,0x0,0x0,0x0,0x0,0x0,0x0,0x0,0x0,0x0,0x0,0x0,0x0,0x0,0x0,0x68,0x67,0x25,0x22,0xae,0xe6,0x0,0x0,6,26,26
2024-12-04 14:51:27.341348,2024-12-04 14:51:29.219416,236288248997736,0x68,0x67,0x25,0x25,0xe7,0xd6,0x0,0x0,0x0,0x0,0x0,0x0,0x0,0x0,0x0,0x0,0x0,0x0,0x0,0x0,0x0,0x0,0x0,0x0,0x68,0x67,0x25,0x22,0xbb,0x26,0x0,0x0,0x0,0x0,0x0,0x0,0x0,0x0,0x0,0x0,0x68,0x67,0x25,0x22,0xae,0xe6,0x0,0x0,0x58,0xcf,0x79,0x38,0xe2,0xe4,0x0,0x0,6,26,26
2024-12-04 14:51:27.341348,2024-12-04 14:51:29.219416,116732278166880,0x60,0x55,0xf9,0xd9,0x2a,0x6a,0x0,0x0,0x0,0x0,0x0,0x0,0x0,0x0,0x0,0x0,0x0,0x0,0x0,0x0,0x0,0x0,0x0,0x0,0x0,0x0,0x0,0x0,0x0,0x0,0x0,0x0,0x68,0x67,0x25,0x23,0xb4,0x68,0x0,0x0,0x68,0x67,0x25,0x25,0xfb,0x5c,0x0,0x0,0x68,0x67,0x25,0x25,0xe7,0x28,0x0,0x0,6,26,26
2024-12-04 14:51:27.341348,2024-12-04 14:51:29.219416,57883847124840,0x68,0x67,0x25,0x22,0xa5,0x34,0x0,0x0,0x0,0x0,0x0,0x0,0x0,0x0,0x0,0x0,0x0,0x0,0x0,0x0,0x0,0x0,0x0,0x0,0x0,0x0,0x0,0x0,0x0,0x0,0x0,0x0,0x0,0x0,0x0,0x0,0x0,0x0,0x0,0x0,0x68,0x67,0x25,0x25,0xff,0x7e,0x0,0x0,0x60,0x55,0xf9,0xe1,0xe5,0xfa,0x0,0x0,6,26,26
2024-12-04 14:51:27.341348,2024-12-04 14:51:29.219416,44973225764712,0x68,0x67,0x25,0x25,0xe7,0x28,0x0,0x0,0x0,0x0,0x0,0x0,0x0,0x0,0x0,0x0,0x0,0x0,0x0,0x0,0x0,0x0,0x0,0x0,0x0,0x0,0x0,0x0,0x0,0x0,0x0,0x0,0x68,0x67,0x25,0x25,0xfd,0x54,0x0,0x0,0x60,0x55,0xf9,0xd9,0x2a,0x6a,0x0,0x0,0x0,0x0,0x0,0x0,0x0,0x0,0x0,0x0,6,26,26
2024-12-04 14:51:27.341348,2024-12-04 14:51:29.219416,53790793623400,0x68,0x67,0x25,0x25,0xec,0x30,0x0,0x0,0x0,0x0,0x0,0x0,0x0,0x0,0x0,0x0,0x0,0x0,0x0,0x0,0x0,0x0,0x0,0x0,0x0,0x0,0x0,0x0,0x0,0x0,0x0,0x0,0x58,0xcf,0x79,0x38,0xe1,0x70,0x0,0x0,0x0,0x0,0x0,0x0,0x0,0x0,0x0,0x0,0x0,0x0,0x0,0x0,0x0,0x0,0x0,0x0,6,26,26
2024-12-04 14:51:27.341348,2024-12-04 14:51:29.219416,104110580131688,0x68,0x67,0x25,0x22,0xb0,0x5e,0x0,0x0,0x0,0x0,0x0,0x0,0x0,0x0,0x0,0x0,0x0,0x0,0x0,0x0,0x0,0x0,0x0,0x0,0x0,0x0,0x0,0x0,0x0,0x0,0x0,0x0,0x0,0x0,0x0,0x0,0x0,0x0,0x0,0x0,0x60,0x55,0xf9,0xe1,0xe5,0xfa,0x0,0x0,0x68,0x67,0x25,0x26,0x0,0x30,0x0,0x0,6,26,26
2024-12-04 14:51:27.341348,2024-12-04 14:51:29.219416,264914206025576,0x68,0x67,0x25,0x25,0xf0,0xf0,0x0,0x0,0x0,0x0,0x0,0x0,0x0,0x0,0x0,0x0,0x0,0x0,0x0,0x0,0x0,0x0,0x0,0x0,0x68,0x67,0x25,0x24,0xbb,0x30,0x0,0x0,0x60,0x55,0xf9,0xda,0x92,0xdc,0x0,0x0,0x0,0x0,0x0,0x0,0x0,0x0,0x0,0x0,0x60,0x55,0xf9,0xda,0x92,0x8c,0x0,0x0,6,26,26
2024-12-04 14:51:27.341348,2024-12-04 14:51:29.219416,251660261248856,0x58,0xcf,0x79,0x38,0xe2,0xe4,0x0,0x0,0x0,0x0,0x0,0x0,0x0,0x0,0x0,0x0,0x0,0x0,0x0,0x0,0x0,0x0,0x0,0x0,0x68,0x67,0x25,0x26,0x29,0xd4,0x0,0x0,0x0,0x0,0x0,0x0,0x0,0x0,0x0,0x0,0x68,0x67,0x25,0x25,0xe7,0xd6,0x0,0x0,0x68,0x67,0x25,0x26,0x69,0xa0,0x0,0x0,6,26,26
2024-12-04 14:51:27.341348,2024-12-04 14:51:29.219416,124112617459544,0x58,0xcf,0x79,0x38,0xe1,0x70,0x0,0x0,0x0,0x0,0x0,0x0,0x0,0x0,0x0,0x0,0x0,0x0,0x0,0x0,0x0,0x0,0x0,0x0,0x68,0x67,0x25,0x25,0xec,0x30,0x0,0x0,0x60,0x55,0xf9,0xda,0x92,0x8c,0x0,0x0,0x68,0x67,0x25,0x24,0xbb,0x30,0x0,0x0,0x68,0x67,0x25,0x24,0x5c,0xa8,0x0,0x0,6,26,26
2024-12-04 14:51:27.341348,2024-12-04 14:51:29.219416,233273198733160,0x68,0x67,0x25,0x26,0x29,0xd4,0x0,0x0,0x0,0x0,0x0,0x0,0x0,0x0,0x0,0x0,0x0,0x0,0x0,0x0,0x0,0x0,0x0,0x0,0x68,0x67,0x25,0x25,0xfb,0x5c,0x0,0x0,0x58,0xcf,0x79,0x38,0xe2,0xe4,0x0,0x0,0x68,0x67,0x25,0x22,0xbb,0x26,0x0,0x0,0x68,0x67,0x25,0x23,0xb4,0x68,0x0,0x0,6,26,26
2024-12-04 14:51:27.341348,2024-12-04 14:51:29.219416,102233729754984,0x68,0x67,0x25,0x25,0xfb,0x5c,0x0,0x0,0x0,0x0,0x0,0x0,0x0,0x0,0x0,0x0,0x0,0x0,0x0,0x0,0x0,0x0,0x0,0x0,0x0,0x0,0x0,0x0,0x0,0x0,0x0,0x0,0x68,0x67,0x25,0x26,0x29,0xd4,0x0,0x0,0x68,0x67,0x25,0x24,0x5c,0xa8,0x0,0x0,0x60,0x55,0xf9,0xd9,0x2a,0x6a,0x0,0x0,6,26,26
2024-12-04 14:51:27.341348,2024-12-04 14:51:29.219416,115122893055848,0x68,0x67,0x25,0x23,0xb4,0x68,0x0,0x0,0x0,0x0,0x0,0x0,0x0,0x0,0x0,0x0,0x0,0x0,0x0,0x0,0x0,0x0,0x0,0x0,0x60,0x55,0xf9,0xd9,0x2a,0x6a,0x0,0x0,0x68,0x67,0x25,0x26,0x69,0xa0,0x0,0x0,0x68,0x67,0x25,0x26,0x29,0xd4,0x0,0x0,0x68,0x67,0x25,0x25,0xfd,0x54,0x0,0x0,6,26,26
2024-12-04 14:51:27.341348,2024-12-04 14:51:29.219416,139634304968552,0x68,0x67,0x25,0x25,0xff,0x7e,0x0,0x0,0x0,0x0,0x0,0x0,0x0,0x0,0x0,0x0,0x0,0x0,0x0,0x0,0x0,0x0,0x0,0x0,0x0,0x0,0x0,0x0,0x0,0x0,0x0,0x0,0x0,0x0,0x0,0x0,0x0,0x0,0x0,0x0,0x68,0x67,0x25,0x24,0x8c,0x2a,0x0,0x0,0x68,0x67,0x25,0x22,0xa5,0x34,0x0,0x0,6,26,26
2024-12-04 14:51:27.341348,2024-12-04 14:51:29.219416,139342196860776,0x68,0x67,0x25,0x22,0xbb,0x7e,0x0,0x0,0x0,0x0,0x0,0x0,0x0,0x0,0x0,0x0,0x0,0x0,0x0,0x0,0x0,0x0,0x0,0x0,0x0,0x0,0x0,0x0,0x0,0x0,0x0,0x0,0x0,0x0,0x0,0x0,0x0,0x0,0x0,0x0,0x68,0x67,0x25,0x26,0x0,0x30,0x0,0x0,0x0,0x0,0x0,0x0,0x0,0x0,0x0,0x0,6,26,26
2024-12-04 14:51:39.241679,2024-12-04 14:51:40.530267,154562366887264,0x60,0x55,0xf9,0xda,0x92,0x8c,0x0,0x0,0x0,0x0,0x0,0x0,0x0,0x0,0x0,0x0,0x0,0x0,0x0,0x0,0x0,0x0,0x0,0x0,0x58,0xcf,0x79,0x38,0xe1,0x70,0x0,0x0,0x68,0x67,0x25,0x22,0xae,0xe6,0x0,0x0,0x68,0x67,0x25,0x25,0xf0,0xf0,0x0,0x0,0x68,0x67,0x25,0x22,0xbb,0x26,0x0,0x0,7,26,26
2024-12-04 14:51:39.241679,2024-12-04 14:51:40.530267,253635571574632,0x68,0x67,0x25,0x22,0xae,0xe6,0x0,0x0,0x0,0x0,0x0,0x0,0x0,0x0,0x0,0x0,0x0,0x0,0x0,0x0,0x0,0x0,0x0,0x0,0x60,0x55,0xf9,0xda,0x92,0x8c,0x0,0x0,0x0,0x0,0x0,0x0,0x0,0x0,0x0,0x0,0x60,0x55,0xf9,0xda,0x92,0xdc,0x0,0x0,0x68,0x67,0x25,0x25,0xe7,0xd6,0x0,0x0,7,26,26
2024-12-04 14:51:39.241679,2024-12-04 14:51:40.530267,249459652515168,0x60,0x55,0xf9,0xd9,0xe1,0xe2,0x0,0x0,0x0,0x0,0x0,0x0,0x0,0x0,0x0,0x0,0x0,0x0,0x0,0x0,0x0,0x0,0x0,0x0,0x0,0x0,0x0,0x0,0x0,0x0,0x0,0x0,0x0,0x0,0x0,0x0,0x0,0x0,0x0,0x0,0x68,0x67,0x25,0x25,0xfd,0x54,0x0,0x0,0x68,0x67,0x25,0x24,0x8c,0x2a,0x0,0x0,7,26,26
2024-12-04 14:51:39.241679,2024-12-04 14:51:40.530267,176373471995752,0x68,0x67,0x25,0x26,0x69,0xa0,0x0,0x0,0x0,0x0,0x0,0x0,0x0,0x0,0x0,0x0,0x0,0x0,0x0,0x0,0x0,0x0,0x0,0x0,0x68,0x67,0x25,0x23,0xb4,0x68,0x0,0x0,0x0,0x0,0x0,0x0,0x0,0x0,0x0,0x0,0x58,0xcf,0x79,0x38,0xe2,0xe4,0x0,0x0,0x0,0x0,0x0,0x0,0x0,0x0,0x0,0x0,7,26,26
2024-12-04 14:51:39.241679,2024-12-04 14:51:40.530267,46781390219112,0x68,0x67,0x25,0x24,0x8c,0x2a,0x0,0x0,0x0,0x0,0x0,0x0,0x0,0x0,0x0,0x0,0x0,0x0,0x0,0x0,0x0,0x0,0x0,0x0,0x0,0x0,0x0,0x0,0x0,0x0,0x0,0x0,0x0,0x0,0x0,0x0,0x0,0x0,0x0,0x0,0x60,0x55,0xf9,0xd9,0xe1,0xe2,0x0,0x0,0x68,0x67,0x25,0x25,0xff,0x7e,0x0,0x0,7,26,26
2024-12-04 14:51:39.241679,2024-12-04 14:51:40.530267,185113696888680,0x68,0x67,0x25,0x24,0x5c,0xa8,0x0,0x0,0x0,0x0,0x0,0x0,0x0,0x0,0x0,0x0,0x0,0x0,0x0,0x0,0x0,0x0,0x0,0x0,0x0,0x0,0x0,0x0,0x0,0x0,0x0,0x0,0x68,0x67,0x25,0x22,0xbb,0x26,0x0,0x0,0x58,0xcf,0x79,0x38,0xe1,0x70,0x0,0x0,0x68,0x67,0x25,0x25,0xfb,0x5c,0x0,0x0,7,26,26
2024-12-04 14:51:39.241679,2024-12-04 14:51:40.530267,93446226667368,0x68,0x67,0x25,0x25,0xfd,0x54,0x0,0x0,0x0,0x0,0x0,0x0,0x0,0x0,0x0,0x0,0x0,0x0,0x0,0x0,0x0,0x0,0x0,0x0,0x68,0x67,0x25,0x25,0xe7,0x28,0x0,0x0,0x0,0x0,0x0,0x0,0x0,0x0,0x0,0x0,0x68,0x67,0x25,0x23,0xb4,0x68,0x0,0x0,0x60,0x55,0xf9,0xd9,0xe1,0xe2,0x0,0x0,7,26,26
2024-12-04 14:51:39.241679,2024-12-04 14:51:40.530267,53580323448680,0x68,0x67,0x25,0x24,0xbb,0x30,0x0,0x0,0x0,0x0,0x0,0x0,0x0,0x0,0x0,0x0,0x0,0x0,0x0,0x0,0x0,0x0,0x0,0x0,0x0,0x0,0x0,0x0,0x0,0x0,0x0,0x0,0x68,0x67,0x25,0x25,0xf0,0xf0,0x0,0x0,0x0,0x0,0x0,0x0,0x0,0x0,0x0,0x0,0x58,0xcf,0x79,0x38,0xe1,0x70,0x0,0x0,7,26,26
2024-12-04 14:51:39.241679,2024-12-04 14:51:40.530267,275865245668704,0x60,0x55,0xf9,0xe1,0xe5,0xfa,0x0,0x0,0x0,0x0,0x0,0x0,0x0,0x0,0x0,0x0,0x0,0x0,0x0,0x0,0x0,0x0,0x0,0x0,0x0,0x0,0x0,0x0,0x0,0x0,0x0,0x0,0x0,0x0,0x0,0x0,0x0,0x0,0x0,0x0,0x68,0x67,0x25,0x22,0xa5,0x34,0x0,0x0,0x68,0x67,0x25,0x22,0xb0,0x5e,0x0,0x0,7,26,26
2024-12-04 14:51:39.241679,2024-12-04 14:51:40.530267,52777198118760,0x68,0x67,0x25,0x26,0x0,0x30,0x0,0x0,0x0,0x0,0x0,0x0,0x0,0x0,0x0,0x0,0x0,0x0,0x0,0x0,0x0,0x0,0x0,0x0,0x0,0x0,0x0,0x0,0x0,0x0,0x0,0x0,0x0,0x0,0x0,0x0,0x0,0x0,0x0,0x0,0x68,0x67,0x25,0x22,0xb0,0x5e,0x0,0x0,0x68,0x67,0x25,0x22,0xbb,0x7e,0x0,0x0,7,26,26
2024-12-04 14:51:39.241679,2024-12-04 14:51:40.530267,42585173616488,0x68,0x67,0x25,0x22,0xbb,0x26,0x0,0x0,0x0,0x0,0x0,0x0,0x0,0x0,0x0,0x0,0x0,0x0,0x0,0x0,0x0,0x0,0x0,0x0,0x68,0x67,0x25,0x24,0x5c,0xa8,0x0,0x0,0x68,0x67,0x25,0x25,0xe7,0xd6,0x0,0x0,0x60,0x55,0xf9,0xda,0x92,0x8c,0x0,0x0,0x68,0x67,0x25,0x26,0x29,0xd4,0x0,0x0,7,26,26
2024-12-04 14:51:39.241679,2024-12-04 14:51:40.530267,242523297109344,0x60,0x55,0xf9,0xda,0x92,0xdc,0x0,0x0,0x0,0x0,0x0,0x0,0x0,0x0,0x0,0x0,0x0,0x0,0x0,0x0,0x0,0x0,0x0,0x0,0x68,0x67,0x25,0x25,0xf0,0xf0,0x0,0x0,0x0,0x0,0x0,0x0,0x0,0x0,0x0,0x0,0x0,0x0,0x0,0x0,0x0,0x0,0x0,0x0,0x68,0x67,0x25,0x22,0xae,0xe6,0x0,0x0,7,26,26
2024-12-04 14:51:39.241679,2024-12-04 14:51:40.530267,236288248997736,0x68,0x67,0x25,0x25,0xe7,0xd6,0x0,0x0,0x0,0x0,0x0,0x0,0x0,0x0,0x0,0x0,0x0,0x0,0x0,0x0,0x0,0x0,0x0,0x0,0x68,0x67,0x25,0x22,0xbb,0x26,0x0,0x0,0x0,0x0,0x0,0x0,0x0,0x0,0x0,0x0,0x68,0x67,0x25,0x22,0xae,0xe6,0x0,0x0,0x58,0xcf,0x79,0x38,0xe2,0xe4,0x0,0x0,7,26,26
2024-12-04 14:51:39.241679,2024-12-04 14:51:40.530267,116732278166880,0x60,0x55,0xf9,0xd9,0x2a,0x6a,0x0,0x0,0x0,0x0,0x0,0x0,0x0,0x0,0x0,0x0,0x0,0x0,0x0,0x0,0x0,0x0,0x0,0x0,0x0,0x0,0x0,0x0,0x0,0x0,0x0,0x0,0x68,0x67,0x25,0x23,0xb4,0x68,0x0,0x0,0x68,0x67,0x25,0x25,0xfb,0x5c,0x0,0x0,0x68,0x67,0x25,0x25,0xe7,0x28,0x0,0x0,7,26,26
2024-12-04 14:51:39.241679,2024-12-04 14:51:40.530267,57883847124840,0x68,0x67,0x25,0x22,0xa5,0x34,0x0,0x0,0x0,0x0,0x0,0x0,0x0,0x0,0x0,0x0,0x0,0x0,0x0,0x0,0x0,0x0,0x0,0x0,0x0,0x0,0x0,0x0,0x0,0x0,0x0,0x0,0x0,0x0,0x0,0x0,0x0,0x0,0x0,0x0,0x68,0x67,0x25,0x25,0xff,0x7e,0x0,0x0,0x60,0x55,0xf9,0xe1,0xe5,0xfa,0x0,0x0,7,26,26
2024-12-04 14:51:39.241679,2024-12-04 14:51:40.530267,44973225764712,0x68,0x67,0x25,0x25,0xe7,0x28,0x0,0x0,0x0,0x0,0x0,0x0,0x0,0x0,0x0,0x0,0x0,0x0,0x0,0x0,0x0,0x0,0x0,0x0,0x0,0x0,0x0,0x0,0x0,0x0,0x0,0x0,0x68,0x67,0x25,0x25,0xfd,0x54,0x0,0x0,0x60,0x55,0xf9,0xd9,0x2a,0x6a,0x0,0x0,0x0,0x0,0x0,0x0,0x0,0x0,0x0,0x0,7,26,26
2024-12-04 14:51:39.241679,2024-12-04 14:51:40.530267,53790793623400,0x68,0x67,0x25,0x25,0xec,0x30,0x0,0x0,0x0,0x0,0x0,0x0,0x0,0x0,0x0,0x0,0x0,0x0,0x0,0x0,0x0,0x0,0x0,0x0,0x0,0x0,0x0,0x0,0x0,0x0,0x0,0x0,0x58,0xcf,0x79,0x38,0xe1,0x70,0x0,0x0,0x0,0x0,0x0,0x0,0x0,0x0,0x0,0x0,0x0,0x0,0x0,0x0,0x0,0x0,0x0,0x0,7,26,26
2024-12-04 14:51:39.241679,2024-12-04 14:51:40.530267,104110580131688,0x68,0x67,0x25,0x22,0xb0,0x5e,0x0,0x0,0x0,0x0,0x0,0x0,0x0,0x0,0x0,0x0,0x0,0x0,0x0,0x0,0x0,0x0,0x0,0x0,0x0,0x0,0x0,0x0,0x0,0x0,0x0,0x0,0x0,0x0,0x0,0x0,0x0,0x0,0x0,0x0,0x60,0x55,0xf9,0xe1,0xe5,0xfa,0x0,0x0,0x68,0x67,0x25,0x26,0x0,0x30,0x0,0x0,7,26,26
2024-12-04 14:51:39.241679,2024-12-04 14:51:40.530267,264914206025576,0x68,0x67,0x25,0x25,0xf0,0xf0,0x0,0x0,0x0,0x0,0x0,0x0,0x0,0x0,0x0,0x0,0x0,0x0,0x0,0x0,0x0,0x0,0x0,0x0,0x68,0x67,0x25,0x24,0xbb,0x30,0x0,0x0,0x60,0x55,0xf9,0xda,0x92,0xdc,0x0,0x0,0x0,0x0,0x0,0x0,0x0,0x0,0x0,0x0,0x60,0x55,0xf9,0xda,0x92,0x8c,0x0,0x0,7,26,26
2024-12-04 14:51:39.241679,2024-12-04 14:51:40.530267,251660261248856,0x58,0xcf,0x79,0x38,0xe2,0xe4,0x0,0x0,0x0,0x0,0x0,0x0,0x0,0x0,0x0,0x0,0x0,0x0,0x0,0x0,0x0,0x0,0x0,0x0,0x68,0x67,0x25,0x26,0x29,0xd4,0x0,0x0,0x0,0x0,0x0,0x0,0x0,0x0,0x0,0x0,0x68,0x67,0x25,0x25,0xe7,0xd6,0x0,0x0,0x68,0x67,0x25,0x26,0x69,0xa0,0x0,0x0,7,26,26
2024-12-04 14:51:39.241679,2024-12-04 14:51:40.530267,124112617459544,0x58,0xcf,0x79,0x38,0xe1,0x70,0x0,0x0,0x0,0x0,0x0,0x0,0x0,0x0,0x0,0x0,0x0,0x0,0x0,0x0,0x0,0x0,0x0,0x0,0x68,0x67,0x25,0x25,0xec,0x30,0x0,0x0,0x60,0x55,0xf9,0xda,0x92,0x8c,0x0,0x0,0x68,0x67,0x25,0x24,0xbb,0x30,0x0,0x0,0x68,0x67,0x25,0x24,0x5c,0xa8,0x0,0x0,7,26,26
2024-12-04 14:51:39.241679,2024-12-04 14:51:40.530267,233273198733160,0x68,0x67,0x25,0x26,0x29,0xd4,0x0,0x0,0x0,0x0,0x0,0x0,0x0,0x0,0x0,0x0,0x0,0x0,0x0,0x0,0x0,0x0,0x0,0x0,0x68,0x67,0x25,0x25,0xfb,0x5c,0x0,0x0,0x58,0xcf,0x79,0x38,0xe2,0xe4,0x0,0x0,0x68,0x67,0x25,0x22,0xbb,0x26,0x0,0x0,0x68,0x67,0x25,0x23,0xb4,0x68,0x0,0x0,7,26,26
2024-12-04 14:51:39.241679,2024-12-04 14:51:40.530267,102233729754984,0x68,0x67,0x25,0x25,0xfb,0x5c,0x0,0x0,0x0,0x0,0x0,0x0,0x0,0x0,0x0,0x0,0x0,0x0,0x0,0x0,0x0,0x0,0x0,0x0,0x0,0x0,0x0,0x0,0x0,0x0,0x0,0x0,0x68,0x67,0x25,0x26,0x29,0xd4,0x0,0x0,0x68,0x67,0x25,0x24,0x5c,0xa8,0x0,0x0,0x60,0x55,0xf9,0xd9,0x2a,0x6a,0x0,0x0,7,26,26
2024-12-04 14:51:39.241679,2024-12-04 14:51:40.530267,115122893055848,0x68,0x67,0x25,0x23,0xb4,0x68,0x0,0x0,0x0,0x0,0x0,0x0,0x0,0x0,0x0,0x0,0x0,0x0,0x0,0x0,0x0,0x0,0x0,0x0,0x60,0x55,0xf9,0xd9,0x2a,0x6a,0x0,0x0,0x68,0x67,0x25,0x26,0x69,0xa0,0x0,0x0,0x68,0x67,0x25,0x26,0x29,0xd4,0x0,0x0,0x68,0x67,0x25,0x25,0xfd,0x54,0x0,0x0,7,26,26
2024-12-04 14:51:39.241679,2024-12-04 14:51:40.530267,139634304968552,0x68,0x67,0x25,0x25,0xff,0x7e,0x0,0x0,0x0,0x0,0x0,0x0,0x0,0x0,0x0,0x0,0x0,0x0,0x0,0x0,0x0,0x0,0x0,0x0,0x0,0x0,0x0,0x0,0x0,0x0,0x0,0x0,0x0,0x0,0x0,0x0,0x0,0x0,0x0,0x0,0x68,0x67,0x25,0x24,0x8c,0x2a,0x0,0x0,0x68,0x67,0x25,0x22,0xa5,0x34,0x0,0x0,7,26,26
2024-12-04 14:51:39.241679,2024-12-04 14:51:40.530267,139342196860776,0x68,0x67,0x25,0x22,0xbb,0x7e,0x0,0x0,0x0,0x0,0x0,0x0,0x0,0x0,0x0,0x0,0x0,0x0,0x0,0x0,0x0,0x0,0x0,0x0,0x0,0x0,0x0,0x0,0x0,0x0,0x0,0x0,0x0,0x0,0x0,0x0,0x0,0x0,0x0,0x0,0x68,0x67,0x25,0x26,0x10,0x30,0x0,0x0,0x0,0x0,0x0,0x0,0x0,0x0,0x0,0x0,7,26,26
2024-12-04 14:51:50.546609,2024-12-04 14:51:51.435432,154562366887264,0x60,0x55,0xf9,0xda,0x92,0x8c,0x0,0x0,0x0,0x0,0x0,0x0,0x0,0x0,0x0,0x0,0x0,0x0,0x0,0x0,0x0,0x0,0x0,0x0,0x58,0xcf,0x79,0x38,0xe1,0x70,0x0,0x0,0x68,0x67,0x25,0x22,0xae,0xe6,0x0,0x0,0x68,0x67,0x25,0x25,0xf0,0xf0,0x0,0x0,0x68,0x67,0x25,0x22,0xbb,0x26,0x0,0x0,8,26,26
2024-12-04 14:51:50.546609,2024-12-04 14:51:51.435432,253635571574632,0x68,0x67,0x25,0x22,0xae,0xe6,0x0,0x0,0x0,0x0,0x0,0x0,0x0,0x0,0x0,0x0,0x0,0x0,0x0,0x0,0x0,0x0,0x0,0x0,0x60,0x55,0xf9,0xda,0x92,0x8c,0x0,0x0,0x0,0x0,0x0,0x0,0x0,0x0,0x0,0x0,0x60,0x55,0xf9,0xda,0x92,0xdc,0x0,0x0,0x68,0x67,0x25,0x25,0xe7,0xd6,0x0,0x0,8,26,26
2024-12-04 14:51:50.546609,2024-12-04 14:51:51.435432,249459652515168,0x60,0x55,0xf9,0xd9,0xe1,0xe2,0x0,0x0,0x0,0x0,0x0,0x0,0x0,0x0,0x0,0x0,0x0,0x0,0x0,0x0,0x0,0x0,0x0,0x0,0x0,0x0,0x0,0x0,0x0,0x0,0x0,0x0,0x0,0x0,0x0,0x0,0x0,0x0,0x0,0x0,0x68,0x67,0x25,0x25,0xfd,0x54,0x0,0x0,0x68,0x67,0x25,0x24,0x8c,0x2a,0x0,0x0,8,26,26
2024-12-04 14:51:50.546609,2024-12-04 14:51:51.435432,176373471995752,0x68,0x67,0x25,0x26,0x69,0xa0,0x0,0x0,0x0,0x0,0x0,0x0,0x0,0x0,0x0,0x0,0x0,0x0,0x0,0x0,0x0,0x0,0x0,0x0,0x68,0x67,0x25,0x23,0xb4,0x68,0x0,0x0,0x0,0x0,0x0,0x0,0x0,0x0,0x0,0x0,0x58,0xcf,0x79,0x38,0xe2,0xe4,0x0,0x0,0x0,0x0,0x0,0x0,0x0,0x0,0x0,0x0,8,26,26
2024-12-04 14:51:50.546609,2024-12-04 14:51:51.435432,46781390219112,0x68,0x67,0x25,0x24,0x8c,0x2a,0x0,0x0,0x0,0x0,0x0,0x0,0x0,0x0,0x0,0x0,0x0,0x0,0x0,0x0,0x0,0x0,0x0,0x0,0x0,0x0,0x0,0x0,0x0,0x0,0x0,0x0,0x0,0x0,0x0,0x0,0x0,0x0,0x0,0x0,0x60,0x55,0xf9,0xd9,0xe1,0xe2,0x0,0x0,0x68,0x67,0x25,0x25,0xff,0x7e,0x0,0x0,8,26,26
2024-12-04 14:51:50.546609,2024-12-04 14:51:51.435432,185113696888680,0x68,0x67,0x25,0x24,0x5c,0xa8,0x0,0x0,0x0,0x0,0x0,0x0,0x0,0x0,0x0,0x0,0x0,0x0,0x0,0x0,0x0,0x0,0x0,0x0,0x0,0x0,0x0,0x0,0x0,0x0,0x0,0x0,0x68,0x67,0x25,0x22,0xbb,0x26,0x0,0x0,0x58,0xcf,0x79,0x38,0xe1,0x70,0x0,0x0,0x68,0x67,0x25,0x25,0xfb,0x5c,0x0,0x0,8,26,26
2024-12-04 14:51:50.546609,2024-12-04 14:51:51.435432,93446226667368,0x68,0x67,0x25,0x25,0xfd,0x54,0x0,0x0,0x0,0x0,0x0,0x0,0x0,0x0,0x0,0x0,0x0,0x0,0x0,0x0,0x0,0x0,0x0,0x0,0x68,0x67,0x25,0x25,0xe7,0x28,0x0,0x0,0x0,0x0,0x0,0x0,0x0,0x0,0x0,0x0,0x68,0x67,0x25,0x23,0xb4,0x68,0x0,0x0,0x60,0x55,0xf9,0xd9,0xe1,0xe2,0x0,0x0,8,26,26
2024-12-04 14:51:50.546609,2024-12-04 14:51:51.435432,53580323448680,0x68,0x67,0x25,0x24,0xbb,0x30,0x0,0x0,0x0,0x0,0x0,0x0,0x0,0x0,0x0,0x0,0x0,0x0,0x0,0x0,0x0,0x0,0x0,0x0,0x0,0x0,0x0,0x0,0x0,0x0,0x0,0x0,0x68,0x67,0x25,0x25,0xf0,0xf0,0x0,0x0,0x0,0x0,0x0,0x0,0x0,0x0,0x0,0x0,0x58,0xcf,0x79,0x38,0xe1,0x70,0x0,0x0,8,26,26
2024-12-04 14:51:50.546609,2024-12-04 14:51:51.435432,275865245668704,0x60,0x55,0xf9,0xe1,0xe5,0xfa,0x0,0x0,0x0,0x0,0x0,0x0,0x0,0x0,0x0,0x0,0x0,0x0,0x0,0x0,0x0,0x0,0x0,0x0,0x0,0x0,0x0,0x0,0x0,0x0,0x0,0x0,0x0,0x0,0x0,0x0,0x0,0x0,0x0,0x0,0x68,0x67,0x25,0x22,0xa5,0x34,0x0,0x0,0x68,0x67,0x25,0x22,0xb0,0x5e,0x0,0x0,8,26,26
2024-12-04 14:51:50.546609,2024-12-04 14:51:51.435432,52777198118760,0x68,0x67,0x25,0x26,0x0,0x30,0x0,0x0,0x0,0x0,0x0,0x0,0x0,0x0,0x0,0x0,0x0,0x0,0x0,0x0,0x0,0x0,0x0,0x0,0x0,0x0,0x0,0x0,0x0,0x0,0x0,0x0,0x0,0x0,0x0,0x0,0x0,0x0,0x0,0x0,0x68,0x67,0x25,0x22,0xb0,0x5e,0x0,0x0,0x68,0x67,0x25,0x22,0xbb,0x7e,0x0,0x0,8,26,26
2024-12-04 14:51:50.546609,2024-12-04 14:51:51.435432,42585173616488,0x68,0x67,0x25,0x22,0xbb,0x26,0x0,0x0,0x0,0x0,0x0,0x0,0x0,0x0,0x0,0x0,0x0,0x0,0x0,0x0,0x0,0x0,0x0,0x0,0x68,0x67,0x25,0x24,0x5c,0xa8,0x0,0x0,0x68,0x67,0x25,0x25,0xe7,0xd6,0x0,0x0,0x60,0x55,0xf9,0xda,0x92,0x8c,0x0,0x0,0x68,0x67,0x25,0x26,0x29,0xd4,0x0,0x0,8,26,26
2024-12-04 14:51:50.546609,2024-12-04 14:51:51.435432,242523297109344,0x60,0x55,0xf9,0xda,0x92,0xdc,0x0,0x0,0x0,0x0,0x0,0x0,0x0,0x0,0x0,0x0,0x0,0x0,0x0,0x0,0x0,0x0,0x0,0x0,0x68,0x67,0x25,0x25,0xf0,0xf0,0x0,0x0,0x0,0x0,0x0,0x0,0x0,0x0,0x0,0x0,0x0,0x0,0x0,0x0,0x0,0x0,0x0,0x0,0x68,0x67,0x25,0x22,0xae,0xe6,0x0,0x0,8,26,26
2024-12-04 14:51:50.546609,2024-12-04 14:51:51.435432,236288248997736,0x68,0x67,0x25,0x25,0xe7,0xd6,0x0,0x0,0x0,0x0,0x0,0x0,0x0,0x0,0x0,0x0,0x0,0x0,0x0,0x0,0x0,0x0,0x0,0x0,0x68,0x67,0x25,0x22,0xbb,0x26,0x0,0x0,0x0,0x0,0x0,0x0,0x0,0x0,0x0,0x0,0x68,0x67,0x25,0x22,0xae,0xe6,0x0,0x0,0x58,0xcf,0x79,0x38,0xe2,0xe4,0x0,0x0,8,26,26
2024-12-04 14:51:50.546609,2024-12-04 14:51:51.435432,116732278166880,0x60,0x55,0xf9,0xd9,0x2a,0x6a,0x0,0x0,0x0,0x0,0x0,0x0,0x0,0x0,0x0,0x0,0x0,0x0,0x0,0x0,0x0,0x0,0x0,0x0,0x0,0x0,0x0,0x0,0x0,0x0,0x0,0x0,0x68,0x67,0x25,0x23,0xb4,0x68,0x0,0x0,0x68,0x67,0x25,0x25,0xfb,0x5c,0x0,0x0,0x68,0x67,0x25,0x25,0xe7,0x28,0x0,0x0,8,26,26
2024-12-04 14:51:50.546609,2024-12-04 14:51:51.435432,57883847124840,0x68,0x67,0x25,0x22,0xa5,0x34,0x0,0x0,0x0,0x0,0x0,0x0,0x0,0x0,0x0,0x0,0x0,0x0,0x0,0x0,0x0,0x0,0x0,0x0,0x0,0x0,0x0,0x0,0x0,0x0,0x0,0x0,0x0,0x0,0x0,0x0,0x0,0x0,0x0,0x0,0x68,0x67,0x25,0x25,0xff,0x7e,0x0,0x0,0x60,0x55,0xf9,0xe1,0xe5,0xfa,0x0,0x0,8,26,26
2024-12-04 14:51:50.546609,2024-12-04 14:51:51.435432,44973225764712,0x68,0x67,0x25,0x25,0xe7,0x28,0x0,0x0,0x0,0x0,0x0,0x0,0x0,0x0,0x0,0x0,0x0,0x0,0x0,0x0,0x0,0x0,0x0,0x0,0x0,0x0,0x0,0x0,0x0,0x0,0x0,0x0,0x68,0x67,0x25,0x25,0xfd,0x54,0x0,0x0,0x60,0x55,0xf9,0xd9,0x2a,0x6a,0x0,0x0,0x0,0x0,0x0,0x0,0x0,0x0,0x0,0x0,8,26,26
2024-12-04 14:51:50.546609,2024-12-04 14:51:51.435432,53790793623400,0x68,0x67,0x25,0x25,0xec,0x30,0x0,0x0,0x0,0x0,0x0,0x0,0x0,0x0,0x0,0x0,0x0,0x0,0x0,0x0,0x0,0x0,0x0,0x0,0x0,0x0,0x0,0x0,0x0,0x0,0x0,0x0,0x58,0xcf,0x79,0x38,0xe1,0x70,0x0,0x0,0x0,0x0,0x0,0x0,0x0,0x0,0x0,0x0,0x0,0x0,0x0,0x0,0x0,0x0,0x0,0x0,8,26,26
2024-12-04 14:51:50.546609,2024-12-04 14:51:51.435432,104110580131688,0x68,0x67,0x25,0x22,0xb0,0x5e,0x0,0x0,0x0,0x0,0x0,0x0,0x0,0x0,0x0,0x0,0x0,0x0,0x0,0x0,0x0,0x0,0x0,0x0,0x0,0x0,0x0,0x0,0x0,0x0,0x0,0x0,0x0,0x0,0x0,0x0,0x0,0x0,0x0,0x0,0x60,0x55,0xf9,0xe1,0xe5,0xfa,0x0,0x0,0x68,0x67,0x25,0x26,0x0,0x30,0x0,0x0,8,26,26
2024-12-04 14:51:50.546609,2024-12-04 14:51:51.435432,264914206025576,0x68,0x67,0x25,0x25,0xf0,0xf0,0x0,0x0,0x0,0x0,0x0,0x0,0x0,0x0,0x0,0x0,0x0,0x0,0x0,0x0,0x0,0x0,0x0,0x0,0x68,0x67,0x25,0x24,0xbb,0x30,0x0,0x0,0x60,0x55,0xf9,0xda,0x92,0xdc,0x0,0x0,0x0,0x0,0x0,0x0,0x0,0x0,0x0,0x0,0x60,0x55,0xf9,0xda,0x92,0x8c,0x0,0x0,8,26,26
2024-12-04 14:51:50.546609,2024-12-04 14:51:51.435432,251660261248856,0x58,0xcf,0x79,0x38,0xe2,0xe4,0x0,0x0,0x0,0x0,0x0,0x0,0x0,0x0,0x0,0x0,0x0,0x0,0x0,0x0,0x0,0x0,0x0,0x0,0x68,0x67,0x25,0x26,0x29,0xd4,0x0,0x0,0x0,0x0,0x0,0x0,0x0,0x0,0x0,0x0,0x68,0x67,0x25,0x25,0xe7,0xd6,0x0,0x0,0x68,0x67,0x25,0x26,0x69,0xa0,0x0,0x0,8,26,26
2024-12-04 14:51:50.546609,2024-12-04 14:51:51.435432,124112617459544,0x58,0xcf,0x79,0x38,0xe1,0x70,0x0,0x0,0x0,0x0,0x0,0x0,0x0,0x0,0x0,0x0,0x0,0x0,0x0,0x0,0x0,0x0,0x0,0x0,0x68,0x67,0x25,0x25,0xec,0x30,0x0,0x0,0x60,0x55,0xf9,0xda,0x92,0x8c,0x0,0x0,0x68,0x67,0x25,0x24,0xbb,0x30,0x0,0x0,0x68,0x67,0x25,0x24,0x5c,0xa8,0x0,0x0,8,26,26
2024-12-04 14:51:50.546609,2024-12-04 14:51:51.435432,233273198733160,0x68,0x67,0x25,0x26,0x29,0xd4,0x0,0x0,0x0,0x0,0x0,0x0,0x0,0x0,0x0,0x0,0x0,0x0,0x0,0x0,0x0,0x0,0x0,0x0,0x68,0x67,0x25,0x25,0xfb,0x5c,0x0,0x0,0x58,0xcf,0x79,0x38,0xe2,0xe4,0x0,0x0,0x68,0x67,0x25,0x22,0xbb,0x26,0x0,0x0,0x68,0x67,0x25,0x23,0xb4,0x68,0x0,0x0,8,26,26
2024-12-04 14:51:50.546609,2024-12-04 14:51:51.435432,102233729754984,0x68,0x67,0x25,0x25,0xfb,0x5c,0x0,0x0,0x0,0x0,0x0,0x0,0x0,0x0,0x0,0x0,0x0,0x0,0x0,0x0,0x0,0x0,0x0,0x0,0x0,0x0,0x0,0x0,0x0,0x0,0x0,0x0,0x68,0x67,0x25,0x26,0x29,0xd4,0x0,0x0,0x68,0x67,0x25,0x24,0x5c,0xa8,0x0,0x0,0x60,0x55,0xf9,0xd9,0x2a,0x6a,0x0,0x0,8,26,26
2024-12-04 14:51:50.546609,2024-12-04 14:51:51.435432,115122893055848,0x68,0x67,0x25,0x23,0xb4,0x68,0x0,0x0,0x0,0x0,0x0,0x0,0x0,0x0,0x0,0x0,0x0,0x0,0x0,0x0,0x0,0x0,0x0,0x0,0x60,0x55,0xf9,0xd9,0x2a,0x6a,0x0,0x0,0x68,0x67,0x25,0x26,0x69,0xa0,0x0,0x0,0x68,0x67,0x25,0x26,0x29,0xd4,0x0,0x0,0x68,0x67,0x25,0x25,0xfd,0x54,0x0,0x0,8,26,26
2024-12-04 14:51:50.546609,2024-12-04 14:51:51.435432,139634304968552,0x68,0x67,0x25,0x25,0xff,0x7e,0x0,0x0,0x0,0x0,0x0,0x0,0x0,0x0,0x0,0x0,0x0,0x0,0x0,0x0,0x0,0x0,0x0,0x0,0x0,0x0,0x0,0x0,0x0,0x0,0x0,0x0,0x0,0x0,0x0,0x0,0x0,0x0,0x0,0x0,0x68,0x67,0x25,0x24,0x8c,0x2a,0x0,0x0,0x68,0x67,0x25,0x22,0xa5,0x34,0x0,0x0,8,26,26
2024-12-04 14:51:50.546609,2024-12-04 14:51:51.435432,139342196860776,0x68,0x67,0x25,0x22,0xbb,0x7e,0x0,0x0,0x0,0x0,0x0,0x0,0x0,0x0,0x0,0x0,0x0,0x0,0x0,0x0,0x0,0x0,0x0,0x0,0x0,0x0,0x0,0x0,0x0,0x0,0x0,0x0,0x0,0x0,0x0,0x0,0x0,0x0,0x0,0x0,0x68,0x67,0x25,0x26,0x0,0x30,0x0,0x0,0x0,0x0,0x0,0x0,0x0,0x0,0x0,0x0,8,26,26
2024-12-04 14:52:01.451805,2024-12-04 14:52:02.286732,154562366887264,0x60,0x55,0xf9,0xda,0x92,0x8c,0x0,0x0,0x0,0x0,0x0,0x0,0x0,0x0,0x0,0x0,0x0,0x0,0x0,0x0,0x0,0x0,0x0,0x0,0x58,0xcf,0x79,0x38,0xe1,0x70,0x0,0x0,0x68,0x67,0x25,0x22,0xae,0xe6,0x0,0x0,0x68,0x67,0x25,0x25,0xf0,0xf0,0x0,0x0,0x68,0x67,0x25,0x22,0xbb,0x26,0x0,0x0,9,26,26
2024-12-04 14:52:01.451805,2024-12-04 14:52:02.286732,253635571574632,0x68,0x67,0x25,0x22,0xae,0xe6,0x0,0x0,0x0,0x0,0x0,0x0,0x0,0x0,0x0,0x0,0x0,0x0,0x0,0x0,0x0,0x0,0x0,0x0,0x60,0x55,0xf9,0xda,0x92,0x8c,0x0,0x0,0x0,0x0,0x0,0x0,0x0,0x0,0x0,0x0,0x60,0x55,0xf9,0xda,0x92,0xdc,0x0,0x0,0x68,0x67,0x25,0x25,0xe7,0xd6,0x0,0x0,9,26,26
2024-12-04 14:52:01.451805,2024-12-04 14:52:02.286732,249459652515168,0x60,0x55,0xf9,0xd9,0xe1,0xe2,0x0,0x0,0x0,0x0,0x0,0x0,0x0,0x0,0x0,0x0,0x0,0x0,0x0,0x0,0x0,0x0,0x0,0x0,0x0,0x0,0x0,0x0,0x0,0x0,0x0,0x0,0x0,0x0,0x0,0x0,0x0,0x0,0x0,0x0,0x68,0x67,0x25,0x25,0xfd,0x54,0x0,0x0,0x68,0x67,0x25,0x24,0x8c,0x2a,0x0,0x0,9,26,26
2024-12-04 14:52:01.451805,2024-12-04 14:52:02.286732,176373471995752,0x68,0x67,0x25,0x26,0x69,0xa0,0x0,0x0,0x0,0x0,0x0,0x0,0x0,0x0,0x0,0x0,0x0,0x0,0x0,0x0,0x0,0x0,0x0,0x0,0x68,0x67,0x25,0x23,0xb4,0x68,0x0,0x0,0x0,0x0,0x0,0x0,0x0,0x0,0x0,0x0,0x58,0xcf,0x79,0x38,0xe2,0xe4,0x0,0x0,0x0,0x0,0x0,0x0,0x0,0x0,0x0,0x0,9,26,26
2024-12-04 14:52:01.451805,2024-12-04 14:52:02.286732,46781390219112,0x68,0x67,0x25,0x24,0x8c,0x2a,0x0,0x0,0x0,0x0,0x0,0x0,0x0,0x0,0x0,0x0,0x0,0x0,0x0,0x0,0x0,0x0,0x0,0x0,0x0,0x0,0x0,0x0,0x0,0x0,0x0,0x0,0x0,0x0,0x0,0x0,0x0,0x0,0x0,0x0,0x60,0x55,0xf9,0xd9,0xe1,0xe2,0x0,0x0,0x68,0x67,0x25,0x25,0xff,0x7e,0x0,0x0,9,26,26
2024-12-04 14:52:01.451805,2024-12-04 14:52:02.286732,185113696888680,0x68,0x67,0x25,0x24,0x5c,0xa8,0x0,0x0,0x0,0x0,0x0,0x0,0x0,0x0,0x0,0x0,0x0,0x0,0x0,0x0,0x0,0x0,0x0,0x0,0x0,0x0,0x0,0x0,0x0,0x0,0x0,0x0,0x68,0x67,0x25,0x22,0xbb,0x26,0x0,0x0,0x58,0xcf,0x79,0x38,0xe1,0x70,0x0,0x0,0x68,0x67,0x25,0x25,0xfb,0x5c,0x0,0x0,9,26,26
2024-12-04 14:52:01.451805,2024-12-04 14:52:02.286732,93446226667368,0x68,0x67,0x25,0x25,0xfd,0x54,0x0,0x0,0x0,0x0,0x0,0x0,0x0,0x0,0x0,0x0,0x0,0x0,0x0,0x0,0x0,0x0,0x0,0x0,0x68,0x67,0x25,0x25,0xe7,0x28,0x0,0x0,0x0,0x0,0x0,0x0,0x0,0x0,0x0,0x0,0x68,0x67,0x25,0x23,0xb4,0x68,0x0,0x0,0x60,0x55,0xf9,0xd9,0xe1,0xe2,0x0,0x0,9,26,26
2024-12-04 14:52:01.451805,2024-12-04 14:52:02.286732,53580323448680,0x68,0x67,0x25,0x24,0xbb,0x30,0x0,0x0,0x0,0x0,0x0,0x0,0x0,0x0,0x0,0x0,0x0,0x0,0x0,0x0,0x0,0x0,0x0,0x0,0x0,0x0,0x0,0x0,0x0,0x0,0x0,0x0,0x68,0x67,0x25,0x25,0xf0,0xf0,0x0,0x0,0x0,0x0,0x0,0x0,0x0,0x0,0x0,0x0,0x58,0xcf,0x79,0x38,0xe1,0x70,0x0,0x0,9,26,26
2024-12-04 14:52:01.451805,2024-12-04 14:52:02.286732,275865245668704,0x60,0x55,0xf9,0xe1,0xe5,0xfa,0x0,0x0,0x0,0x0,0x0,0x0,0x0,0x0,0x0,0x0,0x0,0x0,0x0,0x0,0x0,0x0,0x0,0x0,0x0,0x0,0x0,0x0,0x0,0x0,0x0,0x0,0x0,0x0,0x0,0x0,0x0,0x0,0x0,0x0,0x68,0x67,0x25,0x22,0xa5,0x34,0x0,0x0,0x68,0x67,0x25,0x22,0xb0,0x5e,0x0,0x0,9,26,26
2024-12-04 14:52:01.451805,2024-12-04 14:52:02.286732,52777198118760,0x68,0x67,0x25,0x26,0x0,0x30,0x0,0x0,0x0,0x0,0x0,0x0,0x0,0x0,0x0,0x0,0x0,0x0,0x0,0x0,0x0,0x0,0x0,0x0,0x0,0x0,0x0,0x0,0x0,0x0,0x0,0x0,0x0,0x0,0x0,0x0,0x0,0x0,0x0,0x0,0x68,0x67,0x25,0x22,0xb0,0x5e,0x0,0x0,0x68,0x67,0x25,0x22,0xbb,0x7e,0x0,0x0,9,26,26
2024-12-04 14:52:01.451805,2024-12-04 14:52:02.286732,42585173616488,0x68,0x67,0x25,0x22,0xbb,0x26,0x0,0x0,0x0,0x0,0x0,0x0,0x0,0x0,0x0,0x0,0x0,0x0,0x0,0x0,0x0,0x0,0x0,0x0,0x68,0x67,0x25,0x24,0x5c,0xa8,0x0,0x0,0x68,0x67,0x25,0x25,0xe7,0xd6,0x0,0x0,0x60,0x55,0xf9,0xda,0x92,0x8c,0x0,0x0,0x68,0x67,0x25,0x26,0x29,0xd4,0x0,0x0,9,26,26
2024-12-04 14:52:01.451805,2024-12-04 14:52:02.286732,242523297109344,0x60,0x55,0xf9,0xda,0x92,0xdc,0x0,0x0,0x0,0x0,0x0,0x0,0x0,0x0,0x0,0x0,0x0,0x0,0x0,0x0,0x0,0x0,0x0,0x0,0x68,0x67,0x25,0x25,0xf0,0xf0,0x0,0x0,0x0,0x0,0x0,0x0,0x0,0x0,0x0,0x0,0x0,0x0,0x0,0x0,0x0,0x0,0x0,0x0,0x68,0x67,0x25,0x22,0xae,0xe6,0x0,0x0,9,26,26
2024-12-04 14:52:01.451805,2024-12-04 14:52:02.286732,236288248997736,0x68,0x67,0x25,0x25,0xe7,0xd6,0x0,0x0,0x0,0x0,0x0,0x0,0x0,0x0,0x0,0x0,0x0,0x0,0x0,0x0,0x0,0x0,0x0,0x0,0x68,0x67,0x25,0x22,0xbb,0x26,0x0,0x0,0x0,0x0,0x0,0x0,0x0,0x0,0x0,0x0,0x68,0x67,0x25,0x22,0xae,0xe6,0x0,0x0,0x58,0xcf,0x79,0x38,0xe2,0xe4,0x0,0x0,9,26,26
2024-12-04 14:52:01.451805,2024-12-04 14:52:02.286732,116732278166880,0x60,0x55,0xf9,0xd9,0x2a,0x6a,0x0,0x0,0x0,0x0,0x0,0x0,0x0,0x0,0x0,0x0,0x0,0x0,0x0,0x0,0x0,0x0,0x0,0x0,0x0,0x0,0x0,0x0,0x0,0x0,0x0,0x0,0x68,0x67,0x25,0x23,0xb4,0x68,0x0,0x0,0x68,0x67,0x25,0x25,0xfb,0x5c,0x0,0x0,0x68,0x67,0x25,0x25,0xe7,0x28,0x0,0x0,9,26,26
2024-12-04 14:52:01.451805,2024-12-04 14:52:02.286732,57883847124840,0x68,0x67,0x25,0x22,0xa5,0x34,0x0,0x0,0x0,0x0,0x0,0x0,0x0,0x0,0x0,0x0,0x0,0x0,0x0,0x0,0x0,0x0,0x0,0x0,0x0,0x0,0x0,0x0,0x0,0x0,0x0,0x0,0x0,0x0,0x0,0x0,0x0,0x0,0x0,0x0,0x68,0x67,0x25,0x25,0xff,0x7e,0x0,0x0,0x60,0x55,0xf9,0xe1,0xe5,0xfa,0x0,0x0,9,26,26
2024-12-04 14:52:01.451805,2024-12-04 14:52:02.286732,44973225764712,0x68,0x67,0x25,0x25,0xe7,0x28,0x0,0x0,0x0,0x0,0x0,0x0,0x0,0x0,0x0,0x0,0x0,0x0,0x0,0x0,0x0,0x0,0x0,0x0,0x0,0x0,0x0,0x0,0x0,0x0,0x0,0x0,0x68,0x67,0x25,0x25,0xfd,0x54,0x0,0x0,0x60,0x55,0xf9,0xd9,0x2a,0x6a,0x0,0x0,0x0,0x0,0x0,0x0,0x0,0x0,0x0,0x0,9,26,26
2024-12-04 14:52:01.451805,2024-12-04 14:52:02.286732,53790793623400,0x68,0x67,0x25,0x25,0xec,0x30,0x0,0x0,0x0,0x0,0x0,0x0,0x0,0x0,0x0,0x0,0x0,0x0,0x0,0x0,0x0,0x0,0x0,0x0,0x0,0x0,0x0,0x0,0x0,0x0,0x0,0x0,0x58,0xcf,0x79,0x38,0xe1,0x70,0x0,0x0,0x0,0x0,0x0,0x0,0x0,0x0,0x0,0x0,0x0,0x0,0x0,0x0,0x0,0x0,0x0,0x0,9,26,26
2024-12-04 14:52:01.451805,2024-12-04 14:52:02.286732,104110580131688,0x68,0x67,0x25,0x22,0xb0,0x5e,0x0,0x0,0x0,0x0,0x0,0x0,0x0,0x0,0x0,0x0,0x0,0x0,0x0,0x0,0x0,0x0,0x0,0x0,0x0,0x0,0x0,0x0,0x0,0x0,0x0,0x0,0x0,0x0,0x0,0x0,0x0,0x0,0x0,0x0,0x60,0x55,0xf9,0xe1,0xe5,0xfa,0x0,0x0,0x68,0x67,0x25,0x26,0x0,0x30,0x0,0x0,9,26,26
2024-12-04 14:52:01.451805,2024-12-04 14:52:02.286732,264914206025576,0x68,0x67,0x25,0x25,0xf0,0xf0,0x0,0x0,0x0,0x0,0x0,0x0,0x0,0x0,0x0,0x0,0x0,0x0,0x0,0x0,0x0,0x0,0x0,0x0,0x68,0x67,0x25,0x24,0xbb,0x30,0x0,0x0,0x60,0x55,0xf9,0xda,0x92,0xdc,0x0,0x0,0x0,0x0,0x0,0x0,0x0,0x0,0x0,0x0,0x60,0x55,0xf9,0xda,0x92,0x8c,0x0,0x0,9,26,26
2024-12-04 14:52:01.451805,2024-12-04 14:52:02.286732,251660261248856,0x58,0xcf,0x79,0x38,0xe2,0xe4,0x0,0x0,0x0,0x0,0x0,0x0,0x0,0x0,0x0,0x0,0x0,0x0,0x0,0x0,0x0,0x0,0x0,0x0,0x68,0x67,0x25,0x26,0x29,0xd4,0x0,0x0,0x0,0x0,0x0,0x0,0x0,0x0,0x0,0x0,0x68,0x67,0x25,0x25,0xe7,0xd6,0x0,0x0,0x68,0x67,0x25,0x26,0x69,0xa0,0x0,0x0,9,26,26
2024-12-04 14:52:01.451805,2024-12-04 14:52:02.286732,124112617459544,0x58,0xcf,0x79,0x38,0xe1,0x70,0x0,0x0,0x0,0x0,0x0,0x0,0x0,0x0,0x0,0x0,0x0,0x0,0x0,0x0,0x0,0x0,0x0,0x0,0x68,0x67,0x25,0x25,0xec,0x30,0x0,0x0,0x60,0x55,0xf9,0xda,0x92,0x8c,0x0,0x0,0x68,0x67,0x25,0x24,0xbb,0x30,0x0,0x0,0x68,0x67,0x25,0x24,0x5c,0xa8,0x0,0x0,9,26,26
2024-12-04 14:52:01.451805,2024-12-04 14:52:02.286732,233273198733160,0x68,0x67,0x25,0x26,0x29,0xd4,0x0,0x0,0x0,0x0,0x0,0x0,0x0,0x0,0x0,0x0,0x0,0x0,0x0,0x0,0x0,0x0,0x0,0x0,0x68,0x67,0x25,0x25,0xfb,0x5c,0x0,0x0,0x58,0xcf,0x79,0x38,0xe2,0xe4,0x0,0x0,0x68,0x67,0x25,0x22,0xbb,0x26,0x0,0x0,0x68,0x67,0x25,0x23,0xb4,0x68,0x0,0x0,9,26,26
2024-12-04 14:52:01.451805,2024-12-04 14:52:02.286732,102233729754984,0x68,0x67,0x25,0x25,0xfb,0x5c,0x0,0x0,0x0,0x0,0x0,0x0,0x0,0x0,0x0,0x0,0x0,0x0,0x0,0x0,0x0,0x0,0x0,0x0,0x0,0x0,0x0,0x0,0x0,0x0,0x0,0x0,0x68,0x67,0x25,0x26,0x29,0xd4,0x0,0x0,0x68,0x67,0x25,0x24,0x5c,0xa8,0x0,0x0,0x60,0x55,0xf9,0xd9,0x2a,0x6a,0x0,0x0,9,26,26
2024-12-04 14:52:01.451805,2024-12-04 14:52:02.286732,115122893055848,0x68,0x67,0x25,0x23,0xb4,0x68,0x0,0x0,0x0,0x0,0x0,0x0,0x0,0x0,0x0,0x0,0x0,0x0,0x0,0x0,0x0,0x0,0x0,0x0,0x60,0x55,0xf9,0xd9,0x2a,0x6a,0x0,0x0,0x68,0x67,0x25,0x26,0x69,0xa0,0x0,0x0,0x68,0x67,0x25,0x26,0x29,0xd4,0x0,0x0,0x68,0x67,0x25,0x25,0xfd,0x54,0x0,0x0,9,26,26
2024-12-04 14:52:01.451805,2024-12-04 14:52:02.286732,139634304968552,0x68,0x67,0x25,0x25,0xff,0x7e,0x0,0x0,0x0,0x0,0x0,0x0,0x0,0x0,0x0,0x0,0x0,0x0,0x0,0x0,0x0,0x0,0x0,0x0,0x0,0x0,0x0,0x0,0x0,0x0,0x0,0x0,0x0,0x0,0x0,0x0,0x0,0x0,0x0,0x0,0x68,0x67,0x25,0x24,0x8c,0x2a,0x0,0x0,0x68,0x67,0x25,0x22,0xa5,0x34,0x0,0x0,9,26,26
2024-12-04 14:52:01.451805,2024-12-04 14:52:02.286732,139342196860776,0x68,0x67,0x25,0x22,0xbb,0x7e,0x0,0x0,0x0,0x0,0x0,0x0,0x0,0x0,0x0,0x0,0x0,0x0,0x0,0x0,0x0,0x0,0x0,0x0,0x0,0x0,0x0,0x0,0x0,0x0,0x0,0x0,0x0,0x0,0x0,0x0,0x0,0x0,0x0,0x0,0x68,0x67,0x25,0x26,0x0,0x30,0x0,0x0,0x0,0x0,0x0,0x0,0x0,0x0,0x0,0x0,9,26,26
