2023-10-21 14:55:38.265975,2023-10-21 14:55:43.571189,77679368169320,0x68,0x67,0x25,0x23,0xa6,0x46,0x0,0x0,0x0,0x0,0x0,0x0,0x0,0x0,0x0,0x0,0x0,0x0,0x0,0x0,0x0,0x0,0x0,0x0,0x0,0x0,0x0,0x0,0x0,0x0,0x0,0x0,0x0,0x0,0x0,0x0,0x0,0x0,0x0,0x0,0x0,0x0,0x0,0x0,0x0,0x0,0x0,0x0,0x0,0x0,0x0,0x0,0x0,0x0,0x0,0x0,0,1,26
2023-10-21 14:55:38.265975,2023-10-21 14:55:43.571189,88678762637160,0x68,0x67,0x25,0x22,0xa7,0x50,0x0,0x0,0x0,0x0,0x0,0x0,0x0,0x0,0x0,0x0,0x0,0x0,0x0,0x0,0x0,0x0,0x0,0x0,0x0,0x0,0x0,0x0,0x0,0x0,0x0,0x0,0x0,0x0,0x0,0x0,0x0,0x0,0x0,0x0,0x0,0x0,0x0,0x0,0x0,0x0,0x0,0x0,0x0,0x0,0x0,0x0,0x0,0x0,0x0,0x0,0,1,26
2023-10-21 14:55:38.265975,2023-10-21 14:55:43.571189,187720708482920,0x68,0x67,0x25,0x22,0xbb,0xaa,0x0,0x0,0x0,0x0,0x0,0x0,0x0,0x0,0x0,0x0,0x0,0x0,0x0,0x0,0x0,0x0,0x0,0x0,0x0,0x0,0x0,0x0,0x0,0x0,0x0,0x0,0x0,0x0,0x0,0x0,0x0,0x0,0x0,0x0,0x0,0x0,0x0,0x0,0x0,0x0,0x0,0x0,0x0,0x0,0x0,0x0,0x0,0x0,0x0,0x0,0,1,26
2023-10-21 14:55:38.265975,2023-10-21 14:55:43.571189,222724725499752,0x68,0x67,0x25,0x24,0x91,0xca,0x0,0x0,0x0,0x0,0x0,0x0,0x0,0x0,0x0,0x0,0x0,0x0,0x0,0x0,0x0,0x0,0x0,0x0,0x0,0x0,0x0,0x0,0x0,0x0,0x0,0x0,0x0,0x0,0x0,0x0,0x0,0x0,0x0,0x0,0x0,0x0,0x0,0x0,0x0,0x0,0x0,0x0,0x0,0x0,0x0,0x0,0x0,0x0,0x0,0x0,0,1,26
2023-10-21 14:55:38.265975,2023-10-21 14:55:43.571189,121917889171288,0x58,0xcf,0x79,0x38,0xe2,0x6e,0x0,0x0,0x0,0x0,0x0,0x0,0x0,0x0,0x0,0x0,0x0,0x0,0x0,0x0,0x0,0x0,0x0,0x0,0x0,0x0,0x0,0x0,0x0,0x0,0x0,0x0,0x0,0x0,0x0,0x0,0x0,0x0,0x0,0x0,0x0,0x0,0x0,0x0,0x0,0x0,0x0,0x0,0x0,0x0,0x0,0x0,0x0,0x0,0x0,0x0,0,1,26
2023-10-21 14:55:38.265975,2023-10-21 14:55:43.571189,55672006076264,0x68,0x67,0x25,0x26,0xa2,0x32,0x0,0x0,0x0,0x0,0x0,0x0,0x0,0x0,0x0,0x0,0x0,0x0,0x0,0x0,0x0,0x0,0x0,0x0,0x0,0x0,0x0,0x0,0x0,0x0,0x0,0x0,0x0,0x0,0x0,0x0,0x0,0x0,0x0,0x0,0x0,0x0,0x0,0x0,0x0,0x0,0x0,0x0,0x0,0x0,0x0,0x0,0x0,0x0,0x0,0x0,0,1,26
2023-10-21 14:55:38.265975,2023-10-21 14:55:43.571189,75544752645992,0x68,0x67,0x25,0x22,0xb5,0x44,0x0,0x0,0x0,0x0,0x0,0x0,0x0,0x0,0x0,0x0,0x0,0x0,0x0,0x0,0x0,0x0,0x0,0x0,0x0,0x0,0x0,0x0,0x0,0x0,0x0,0x0,0x0,0x0,0x0,0x0,0x0,0x0,0x0,0x0,0x0,0x0,0x0,0x0,0x0,0x0,0x0,0x0,0x0,0x0,0x0,0x0,0x0,0x0,0x0,0x0,0,1,26
2023-10-21 14:55:38.265975,2023-10-21 14:55:43.571189,183477655424856,0x58,0xcf,0x79,0x38,0xdf,0xa6,0x0,0x0,0x0,0x0,0x0,0x0,0x0,0x0,0x0,0x0,0x0,0x0,0x0,0x0,0x0,0x0,0x0,0x0,0x0,0x0,0x0,0x0,0x0,0x0,0x0,0x0,0x0,0x0,0x0,0x0,0x0,0x0,0x0,0x0,0x0,0x0,0x0,0x0,0x0,0x0,0x0,0x0,0x0,0x0,0x0,0x0,0x0,0x0,0x0,0x0,0,1,26
2023-10-21 14:55:38.265975,2023-10-21 14:55:43.571189,165691821221736,0x68,0x67,0x25,0x22,0xb2,0x96,0x0,0x0,0x0,0x0,0x0,0x0,0x0,0x0,0x0,0x0,0x0,0x0,0x0,0x0,0x0,0x0,0x0,0x0,0x0,0x0,0x0,0x0,0x0,0x0,0x0,0x0,0x0,0x0,0x0,0x0,0x0,0x0,0x0,0x0,0x0,0x0,0x0,0x0,0x0,0x0,0x0,0x0,0x0,0x0,0x0,0x0,0x0,0x0,0x0,0x0,0,1,26
2023-10-21 14:55:38.265975,2023-10-21 14:55:43.571189,18383032903528,0x68,0x67,0x25,0x22,0xb8,0x10,0x0,0x0,0x0,0x0,0x0,0x0,0x0,0x0,0x0,0x0,0x0,0x0,0x0,0x0,0x0,0x0,0x0,0x0,0x0,0x0,0x0,0x0,0x0,0x0,0x0,0x0,0x0,0x0,0x0,0x0,0x0,0x0,0x0,0x0,0x0,0x0,0x0,0x0,0x0,0x0,0x0,0x0,0x0,0x0,0x0,0x0,0x0,0x0,0x0,0x0,0,1,26
2023-10-21 14:55:38.265975,2023-10-21 14:55:43.571189,239698469807976,0x68,0x67,0x25,0x26,0x1,0xda,0x0,0x0,0x0,0x0,0x0,0x0,0x0,0x0,0x0,0x0,0x0,0x0,0x0,0x0,0x0,0x0,0x0,0x0,0x0,0x0,0x0,0x0,0x0,0x0,0x0,0x0,0x0,0x0,0x0,0x0,0x0,0x0,0x0,0x0,0x0,0x0,0x0,0x0,0x0,0x0,0x0,0x0,0x0,0x0,0x0,0x0,0x0,0x0,0x0,0x0,0,1,26
2023-10-21 14:55:38.265975,2023-10-21 14:55:43.571189,42782792443752,0x68,0x67,0x25,0x25,0xe9,0x26,0x0,0x0,0x0,0x0,0x0,0x0,0x0,0x0,0x0,0x0,0x0,0x0,0x0,0x0,0x0,0x0,0x0,0x0,0x0,0x0,0x0,0x0,0x0,0x0,0x0,0x0,0x0,0x0,0x0,0x0,0x0,0x0,0x0,0x0,0x0,0x0,0x0,0x0,0x0,0x0,0x0,0x0,0x0,0x0,0x0,0x0,0x0,0x0,0x0,0x0,0,1,26
2023-10-21 14:55:38.265975,2023-10-21 14:55:43.571189,88554242140008,0x68,0x67,0x25,0x24,0x8a,0x50,0x0,0x0,0x0,0x0,0x0,0x0,0x0,0x0,0x0,0x0,0x0,0x0,0x0,0x0,0x0,0x0,0x0,0x0,0x0,0x0,0x0,0x0,0x0,0x0,0x0,0x0,0x0,0x0,0x0,0x0,0x0,0x0,0x0,0x0,0x0,0x0,0x0,0x0,0x0,0x0,0x0,0x0,0x0,0x0,0x0,0x0,0x0,0x0,0x0,0x0,0,1,26
2023-10-21 14:55:38.265975,2023-10-21 14:55:43.571189,121905004269400,0x58,0xcf,0x79,0x38,0xdf,0x6e,0x0,0x0,0x0,0x0,0x0,0x0,0x0,0x0,0x0,0x0,0x0,0x0,0x0,0x0,0x0,0x0,0x0,0x0,0x0,0x0,0x0,0x0,0x0,0x0,0x0,0x0,0x0,0x0,0x0,0x0,0x0,0x0,0x0,0x0,0x0,0x0,0x0,0x0,0x0,0x0,0x0,0x0,0x0,0x0,0x0,0x0,0x0,0x0,0x0,0x0,0,1,26
2023-10-21 14:55:38.265975,2023-10-21 14:55:43.571189,260567699122024,0x68,0x67,0x25,0x25,0xfc,0xec,0x0,0x0,0x0,0x0,0x0,0x0,0x0,0x0,0x0,0x0,0x0,0x0,0x0,0x0,0x0,0x0,0x0,0x0,0x0,0x0,0x0,0x0,0x0,0x0,0x0,0x0,0x0,0x0,0x0,0x0,0x0,0x0,0x0,0x0,0x0,0x0,0x0,0x0,0x0,0x0,0x0,0x0,0x0,0x0,0x0,0x0,0x0,0x0,0x0,0x0,0,1,26
2023-10-21 14:55:38.265975,2023-10-21 14:55:43.571189,71331764359000,0x58,0xcf,0x79,0x38,0xe0,0x40,0x0,0x0,0x0,0x0,0x0,0x0,0x0,0x0,0x0,0x0,0x0,0x0,0x0,0x0,0x0,0x0,0x0,0x0,0x0,0x0,0x0,0x0,0x0,0x0,0x0,0x0,0x0,0x0,0x0,0x0,0x0,0x0,0x0,0x0,0x0,0x0,0x0,0x0,0x0,0x0,0x0,0x0,0x0,0x0,0x0,0x0,0x0,0x0,0x0,0x0,0,1,26
2023-10-21 14:55:38.265975,2023-10-21 14:55:43.571189,167671868254056,0x68,0x67,0x25,0x26,0x7f,0x98,0x0,0x0,0x0,0x0,0x0,0x0,0x0,0x0,0x0,0x0,0x0,0x0,0x0,0x0,0x0,0x0,0x0,0x0,0x0,0x0,0x0,0x0,0x0,0x0,0x0,0x0,0x0,0x0,0x0,0x0,0x0,0x0,0x0,0x0,0x0,0x0,0x0,0x0,0x0,0x0,0x0,0x0,0x0,0x0,0x0,0x0,0x0,0x0,0x0,0x0,0,1,26
2023-10-21 14:55:38.265975,2023-10-21 14:55:43.571189,9780263741288,0x68,0x67,0x25,0x25,0xe5,0x8,0x0,0x0,0x0,0x0,0x0,0x0,0x0,0x0,0x0,0x0,0x0,0x0,0x0,0x0,0x0,0x0,0x0,0x0,0x0,0x0,0x0,0x0,0x0,0x0,0x0,0x0,0x0,0x0,0x0,0x0,0x0,0x0,0x0,0x0,0x0,0x0,0x0,0x0,0x0,0x0,0x0,0x0,0x0,0x0,0x0,0x0,0x0,0x0,0x0,0x0,0,1,26
2023-10-21 14:55:38.265975,2023-10-21 14:55:43.571189,158334609352552,0x68,0x67,0x25,0x26,0x1,0x90,0x0,0x0,0x0,0x0,0x0,0x0,0x0,0x0,0x0,0x0,0x0,0x0,0x0,0x0,0x0,0x0,0x0,0x0,0x0,0x0,0x0,0x0,0x0,0x0,0x0,0x0,0x0,0x0,0x0,0x0,0x0,0x0,0x0,0x0,0x0,0x0,0x0,0x0,0x0,0x0,0x0,0x0,0x0,0x0,0x0,0x0,0x0,0x0,0x0,0x0,0,1,26
2023-10-21 14:55:38.265975,2023-10-21 14:55:43.571189,59954038138728,0x68,0x67,0x25,0x23,0x87,0x36,0x0,0x0,0x0,0x0,0x0,0x0,0x0,0x0,0x0,0x0,0x0,0x0,0x0,0x0,0x0,0x0,0x0,0x0,0x0,0x0,0x0,0x0,0x0,0x0,0x0,0x0,0x0,0x0,0x0,0x0,0x0,0x0,0x0,0x0,0x0,0x0,0x0,0x0,0x0,0x0,0x0,0x0,0x0,0x0,0x0,0x0,0x0,0x0,0x0,0x0,0,1,26
2023-10-21 14:55:38.265975,2023-10-21 14:55:43.571189,132142620824928,0x60,0x55,0xf9,0xd9,0x2e,0x78,0x0,0x0,0x0,0x0,0x0,0x0,0x0,0x0,0x0,0x0,0x0,0x0,0x0,0x0,0x0,0x0,0x0,0x0,0x0,0x0,0x0,0x0,0x0,0x0,0x0,0x0,0x0,0x0,0x0,0x0,0x0,0x0,0x0,0x0,0x0,0x0,0x0,0x0,0x0,0x0,0x0,0x0,0x0,0x0,0x0,0x0,0x0,0x0,0x0,0x0,0,1,26
2023-10-21 14:55:38.265975,2023-10-21 14:55:43.571189,154984467752808,0x68,0x67,0x25,0x22,0xf5,0x8c,0x0,0x0,0x0,0x0,0x0,0x0,0x0,0x0,0x0,0x0,0x0,0x0,0x0,0x0,0x0,0x0,0x0,0x0,0x0,0x0,0x0,0x0,0x0,0x0,0x0,0x0,0x0,0x0,0x0,0x0,0x0,0x0,0x0,0x0,0x0,0x0,0x0,0x0,0x0,0x0,0x0,0x0,0x0,0x0,0x0,0x0,0x0,0x0,0x0,0x0,0,1,26
2023-10-21 14:55:38.265975,2023-10-21 14:55:43.571189,106619215662936,0x58,0xcf,0x79,0x38,0xf8,0x60,0x0,0x0,0x0,0x0,0x0,0x0,0x0,0x0,0x0,0x0,0x0,0x0,0x0,0x0,0x0,0x0,0x0,0x0,0x0,0x0,0x0,0x0,0x0,0x0,0x0,0x0,0x0,0x0,0x0,0x0,0x0,0x0,0x0,0x0,0x0,0x0,0x0,0x0,0x0,0x0,0x0,0x0,0x0,0x0,0x0,0x0,0x0,0x0,0x0,0x0,0,1,26
2023-10-21 14:55:38.265975,2023-10-21 14:55:43.571189,190079020158808,0x58,0xcf,0x79,0x38,0xe0,0xac,0x0,0x0,0x0,0x0,0x0,0x0,0x0,0x0,0x0,0x0,0x0,0x0,0x0,0x0,0x0,0x0,0x0,0x0,0x0,0x0,0x0,0x0,0x0,0x0,0x0,0x0,0x0,0x0,0x0,0x0,0x0,0x0,0x0,0x0,0x0,0x0,0x0,0x0,0x0,0x0,0x0,0x0,0x0,0x0,0x0,0x0,0x0,0x0,0x0,0x0,0,1,26
2023-10-21 14:55:38.265975,2023-10-21 14:55:43.571189,244169855061848,0x58,0xcf,0x79,0x39,0x12,0xde,0x0,0x0,0x0,0x0,0x0,0x0,0x0,0x0,0x0,0x0,0x0,0x0,0x0,0x0,0x0,0x0,0x0,0x0,0x0,0x0,0x0,0x0,0x0,0x0,0x0,0x0,0x0,0x0,0x0,0x0,0x0,0x0,0x0,0x0,0x0,0x0,0x0,0x0,0x0,0x0,0x0,0x0,0x0,0x0,0x0,0x0,0x0,0x0,0x0,0x0,0,1,26
2023-10-21 14:55:38.265975,2023-10-21 14:55:43.571189,126337410518872,0x58,0xcf,0x79,0x38,0xe7,0x72,0x0,0x0,0x0,0x0,0x0,0x0,0x0,0x0,0x0,0x0,0x0,0x0,0x0,0x0,0x0,0x0,0x0,0x0,0x0,0x0,0x0,0x0,0x0,0x0,0x0,0x0,0x0,0x0,0x0,0x0,0x0,0x0,0x0,0x0,0x0,0x0,0x0,0x0,0x0,0x0,0x0,0x0,0x0,0x0,0x0,0x0,0x0,0x0,0x0,0x0,0,1,26
2023-10-21 14:55:53.578866,2023-10-21 14:55:53.778006,59954038138728,0x68,0x67,0x25,0x23,0x87,0x36,0x0,0x0,0x0,0x0,0x0,0x0,0x0,0x0,0x0,0x0,0x0,0x0,0x0,0x0,0x0,0x0,0x0,0x0,0x0,0x0,0x0,0x0,0x0,0x0,0x0,0x0,0x58,0xcf,0x79,0x38,0xe0,0x40,0x0,0x0,0x68,0x67,0x25,0x22,0xb8,0x10,0x0,0x0,0x58,0xcf,0x79,0x38,0xe2,0x6e,0x0,0x0,1,1,26
2023-10-21 14:55:53.578866,2023-10-21 14:55:53.778006,18383032903528,0x68,0x67,0x25,0x22,0xb8,0x10,0x0,0x0,0x0,0x0,0x0,0x0,0x0,0x0,0x0,0x0,0x0,0x0,0x0,0x0,0x0,0x0,0x0,0x0,0x0,0x0,0x0,0x0,0x0,0x0,0x0,0x0,0x68,0x67,0x25,0x25,0xe5,0x8,0x0,0x0,0x68,0x67,0x25,0x25,0xfc,0xec,0x0,0x0,0x68,0x67,0x25,0x23,0x87,0x36,0x0,0x0,1,1,26
2023-10-21 14:55:53.578866,2023-10-21 14:55:53.778006,165691821221736,0x68,0x67,0x25,0x22,0xb2,0x96,0x0,0x0,0x0,0x0,0x0,0x0,0x0,0x0,0x0,0x0,0x0,0x0,0x0,0x0,0x0,0x0,0x0,0x0,0x58,0xcf,0x79,0x38,0xe2,0x6e,0x0,0x64,0x68,0x67,0x25,0x26,0x1,0xda,0x0,0x0,0x58,0xcf,0x79,0x38,0xe0,0x40,0x0,0x0,0x58,0xcf,0x79,0x38,0xe7,0x72,0x0,0x0,1,1,26
2023-10-21 14:55:53.578866,2023-10-21 14:55:53.778006,88678762637160,0x68,0x67,0x25,0x22,0xa7,0x50,0x0,0x0,0x0,0x0,0x0,0x0,0x0,0x0,0x0,0x0,0x0,0x0,0x0,0x0,0x0,0x0,0x0,0x0,0x0,0x0,0x0,0x0,0x0,0x0,0x0,0x0,0x0,0x0,0x0,0x0,0x0,0x0,0x0,0x0,0x58,0xcf,0x79,0x38,0xe7,0x72,0x0,0x0,0x68,0x67,0x25,0x24,0x91,0xca,0x0,0x0,1,1,26
2023-10-21 14:55:53.578866,2023-10-21 14:55:53.778006,158334609352552,0x68,0x67,0x25,0x26,0x1,0x90,0x0,0x0,0x0,0x0,0x0,0x0,0x0,0x0,0x0,0x0,0x0,0x0,0x0,0x0,0x0,0x0,0x0,0x0,0x0,0x0,0x0,0x0,0x0,0x0,0x0,0x0,0x0,0x0,0x0,0x0,0x0,0x0,0x0,0x0,0x68,0x67,0x25,0x22,0xbb,0xaa,0x0,0x0,0x0,0x0,0x0,0x0,0x0,0x0,0x0,0x0,1,1,26
2023-10-21 14:55:53.578866,2023-10-21 14:55:53.778006,71331764359000,0x58,0xcf,0x79,0x38,0xe0,0x40,0x0,0x0,0x0,0x0,0x0,0x0,0x0,0x0,0x0,0x0,0x0,0x0,0x0,0x0,0x0,0x0,0x0,0x0,0x68,0x67,0x25,0x23,0x87,0x36,0x0,0x0,0x68,0x67,0x25,0x25,0xe9,0x26,0x0,0x0,0x68,0x67,0x25,0x25,0xe5,0x8,0x0,0x0,0x68,0x67,0x25,0x22,0xb2,0x96,0x0,0x0,1,1,26
2023-10-21 14:55:53.578866,2023-10-21 14:55:53.778006,55672006076264,0x68,0x67,0x25,0x26,0xa2,0x32,0x0,0x0,0x0,0x0,0x0,0x0,0x0,0x0,0x0,0x0,0x0,0x0,0x0,0x0,0x0,0x0,0x0,0x0,0x0,0x0,0x0,0x0,0x0,0x0,0x0,0x0,0x0,0x0,0x0,0x0,0x0,0x0,0x0,0x0,0x68,0x67,0x25,0x23,0xa6,0x46,0x0,0x0,0x58,0xcf,0x79,0x38,0xf8,0x60,0x0,0x0,1,1,26
2023-10-21 14:55:53.578866,2023-10-21 14:55:53.778006,187720708482920,0x68,0x67,0x25,0x22,0xbb,0xaa,0x0,0x0,0x0,0x0,0x0,0x0,0x0,0x0,0x0,0x0,0x0,0x0,0x0,0x0,0x0,0x0,0x0,0x0,0x0,0x0,0x0,0x0,0x0,0x0,0x0,0x0,0x0,0x0,0x0,0x0,0x0,0x0,0x0,0x0,0x58,0xcf,0x79,0x39,0x12,0xde,0x0,0x0,0x68,0x67,0x25,0x26,0x1,0x90,0x0,0x0,1,1,26
2023-10-21 14:55:53.578866,2023-10-21 14:55:53.778006,9780263741288,0x68,0x67,0x25,0x25,0xe5,0x8,0x0,0x0,0x0,0x0,0x0,0x0,0x0,0x0,0x0,0x0,0x0,0x0,0x0,0x0,0x0,0x0,0x0,0x0,0x68,0x67,0x25,0x22,0xb8,0x10,0x0,0x0,0x58,0xcf,0x79,0x38,0xdf,0x6e,0x0,0x0,0x58,0xcf,0x79,0x38,0xe0,0xac,0x0,0x0,0x58,0xcf,0x79,0x38,0xe0,0x40,0x0,0x0,1,1,26
2023-10-21 14:55:53.578866,2023-10-21 14:55:53.778006,167671868254056,0x68,0x67,0x25,0x26,0x7f,0x98,0x0,0x0,0x0,0x0,0x0,0x0,0x0,0x0,0x0,0x0,0x0,0x0,0x0,0x0,0x0,0x0,0x0,0x0,0x58,0xcf,0x79,0x38,0xdf,0xa6,0x0,0x0,0x0,0x0,0x0,0x0,0x0,0x0,0x0,0x0,0x0,0x0,0x0,0x0,0x0,0x0,0x0,0x0,0x68,0x67,0x25,0x22,0xf5,0x8c,0x0,0x0,1,1,26
2023-10-21 14:55:53.578866,2023-10-21 14:55:53.778006,121917889171288,0x58,0xcf,0x79,0x38,0xe2,0x6e,0x0,0x0,0x0,0x0,0x0,0x0,0x0,0x0,0x0,0x0,0x0,0x0,0x0,0x0,0x0,0x0,0x0,0x0,0x0,0x0,0x0,0x0,0x0,0x0,0x0,0x0,0x68,0x67,0x25,0x22,0xb2,0x96,0x0,0x0,0x68,0x67,0x25,0x23,0x87,0x36,0x0,0x0,0x68,0x67,0x25,0x24,0x8a,0x50,0x0,0x0,1,1,26
2023-10-21 14:55:53.578866,2023-10-21 14:55:53.778006,154984467752808,0x68,0x67,0x25,0x22,0xf5,0x8c,0x0,0x0,0x0,0x0,0x0,0x0,0x0,0x0,0x0,0x0,0x0,0x0,0x0,0x0,0x0,0x0,0x0,0x0,0x58,0xcf,0x79,0x38,0xe0,0xac,0x0,0x0,0x0,0x0,0x0,0x0,0x0,0x0,0x0,0x0,0x68,0x67,0x25,0x26,0x7f,0x98,0x0,0x0,0x58,0xcf,0x79,0x38,0xdf,0x6e,0x0,0x0,1,1,26
2023-10-21 14:55:53.578866,2023-10-21 14:55:53.778006,75544752645992,0x68,0x67,0x25,0x22,0xb5,0x44,0x0,0x0,0x0,0x0,0x0,0x0,0x0,0x0,0x0,0x0,0x0,0x0,0x0,0x0,0x0,0x0,0x0,0x0,0x0,0x0,0x0,0x0,0x0,0x0,0x0,0x0,0x58,0xcf,0x79,0x38,0xdf,0xa6,0x0,0x0,0x0,0x0,0x0,0x0,0x0,0x0,0x0,0x0,0x68,0x67,0x25,0x25,0xfc,0xec,0x0,0x0,1,1,26
2023-10-21 14:55:53.578866,2023-10-21 14:55:53.778006,260567699122024,0x68,0x67,0x25,0x25,0xfc,0xec,0x0,0x0,0x0,0x0,0x0,0x0,0x0,0x0,0x0,0x0,0x0,0x0,0x0,0x0,0x0,0x0,0x0,0x0,0x60,0x55,0xf9,0xd9,0x2e,0x78,0x0,0x0,0x58,0xcf,0x79,0x38,0xe0,0xac,0x0,0x0,0x68,0x67,0x25,0x22,0xb5,0x44,0x0,0x0,0x68,0x67,0x25,0x22,0xb8,0x10,0x0,0x0,1,1,26
2023-10-21 14:55:53.578866,2023-10-21 14:55:53.778006,132142620824928,0x60,0x55,0xf9,0xd9,0x2e,0x78,0x0,0x0,0x0,0x0,0x0,0x0,0x0,0x0,0x0,0x0,0x0,0x0,0x0,0x0,0x0,0x0,0x0,0x0,0x0,0x0,0x0,0x0,0x0,0x0,0x0,0x0,0x68,0x67,0x25,0x25,0xfc,0xec,0x0,0x64,0x0,0x0,0x0,0x0,0x0,0x0,0x0,0x0,0x0,0x0,0x0,0x0,0x0,0x0,0x0,0x0,1,1,26
2023-10-21 14:55:53.578866,2023-10-21 14:55:53.778006,88554242140008,0x68,0x67,0x25,0x24,0x8a,0x50,0x0,0x0,0x0,0x0,0x0,0x0,0x0,0x0,0x0,0x0,0x0,0x0,0x0,0x0,0x0,0x0,0x0,0x0,0x0,0x0,0x0,0x0,0x0,0x0,0x0,0x0,0x58,0xcf,0x79,0x38,0xe7,0x72,0x0,0x0,0x58,0xcf,0x79,0x38,0xe2,0x6e,0x0,0x0,0x0,0x0,0x0,0x0,0x0,0x0,0x0,0x0,1,1,26
2023-10-21 14:55:53.578866,2023-10-21 14:55:53.778006,77679368169320,0x68,0x67,0x25,0x23,0xa6,0x46,0x0,0x0,0x0,0x0,0x0,0x0,0x0,0x0,0x0,0x0,0x0,0x0,0x0,0x0,0x0,0x0,0x0,0x0,0x0,0x0,0x0,0x0,0x0,0x0,0x0,0x0,0x0,0x0,0x0,0x0,0x0,0x0,0x0,0x0,0x68,0x67,0x25,0x24,0x91,0xca,0x0,0x0,0x68,0x67,0x25,0x26,0xa2,0x32,0x0,0x0,1,1,26
2023-10-21 14:55:53.578866,2023-10-21 14:55:53.778006,106619215662936,0x58,0xcf,0x79,0x38,0xf8,0x60,0x0,0x0,0x0,0x0,0x0,0x0,0x0,0x0,0x0,0x0,0x0,0x0,0x0,0x0,0x0,0x0,0x0,0x0,0x0,0x0,0x0,0x0,0x0,0x0,0x0,0x0,0x0,0x0,0x0,0x0,0x0,0x0,0x0,0x0,0x68,0x67,0x25,0x26,0xa2,0x32,0x0,0x0,0x58,0xcf,0x79,0x39,0x12,0xde,0x0,0x0,1,1,26
2023-10-21 14:55:53.578866,2023-10-21 14:55:53.778006,121905004269400,0x58,0xcf,0x79,0x38,0xdf,0x6e,0x0,0x0,0x0,0x0,0x0,0x0,0x0,0x0,0x0,0x0,0x0,0x0,0x0,0x0,0x0,0x0,0x0,0x0,0x68,0x67,0x25,0x25,0xe5,0x8,0x0,0x0,0x0,0x0,0x0,0x0,0x0,0x0,0x0,0x0,0x68,0x67,0x25,0x22,0xf5,0x8c,0x0,0x0,0x68,0x67,0x25,0x25,0xe9,0x26,0x0,0x0,1,1,26
2023-10-21 14:55:53.578866,2023-10-21 14:55:53.778006,190079020158808,0x58,0xcf,0x79,0x38,0xe0,0xac,0x0,0x0,0x0,0x0,0x0,0x0,0x0,0x0,0x0,0x0,0x0,0x0,0x0,0x0,0x0,0x0,0x0,0x0,0x68,0x67,0x25,0x25,0xfc,0xec,0x0,0x0,0x68,0x67,0x25,0x22,0xf5,0x8c,0x0,0x0,0x58,0xcf,0x79,0x38,0xdf,0xa6,0x0,0x0,0x68,0x67,0x25,0x25,0xe5,0x8,0x0,0x0,1,1,26
2023-10-21 14:55:53.578866,2023-10-21 14:55:53.778006,222724725499752,0x68,0x67,0x25,0x24,0x91,0xca,0x0,0x0,0x0,0x0,0x0,0x0,0x0,0x0,0x0,0x0,0x0,0x0,0x0,0x0,0x0,0x0,0x0,0x0,0x0,0x0,0x0,0x0,0x0,0x0,0x0,0x0,0x0,0x0,0x0,0x0,0x0,0x0,0x0,0x0,0x68,0x67,0x25,0x22,0xa7,0x50,0x0,0x0,0x68,0x67,0x25,0x23,0xa6,0x46,0x0,0x0,1,1,26
2023-10-21 14:55:53.578866,2023-10-21 14:55:53.778006,126337410518872,0x58,0xcf,0x79,0x38,0xe7,0x72,0x0,0x0,0x0,0x0,0x0,0x0,0x0,0x0,0x0,0x0,0x0,0x0,0x0,0x0,0x0,0x0,0x0,0x0,0x68,0x67,0x25,0x24,0x8a,0x50,0x0,0x64,0x0,0x0,0x0,0x0,0x0,0x0,0x0,0x0,0x68,0x67,0x25,0x22,0xb2,0x96,0x0,0x0,0x68,0x67,0x25,0x22,0xa7,0x50,0x0,0x0,1,1,26
2023-10-21 14:55:53.578866,2023-10-21 14:55:53.778006,183477655424856,0x58,0xcf,0x79,0x38,0xdf,0xa6,0x0,0x0,0x0,0x0,0x0,0x0,0x0,0x0,0x0,0x0,0x0,0x0,0x0,0x0,0x0,0x0,0x0,0x0,0x68,0x67,0x25,0x22,0xb5,0x44,0x0,0x0,0x68,0x67,0x25,0x26,0x7f,0x98,0x0,0x0,0x0,0x0,0x0,0x0,0x0,0x0,0x0,0x0,0x58,0xcf,0x79,0x38,0xe0,0xac,0x0,0x0,1,1,26
2023-10-21 14:55:53.578866,2023-10-21 14:55:53.778006,239698469807976,0x68,0x67,0x25,0x26,0x1,0xda,0x0,0x0,0x0,0x0,0x0,0x0,0x0,0x0,0x0,0x0,0x0,0x0,0x0,0x0,0x0,0x0,0x0,0x0,0x68,0x67,0x25,0x22,0xb2,0x96,0x0,0x0,0x0,0x0,0x0,0x0,0x0,0x0,0x0,0x0,0x68,0x67,0x25,0x25,0xe9,0x26,0x0,0x0,0x0,0x0,0x0,0x0,0x0,0x0,0x0,0x0,1,1,26
2023-10-21 14:55:53.578866,2023-10-21 14:55:53.778006,42782792443752,0x68,0x67,0x25,0x25,0xe9,0x26,0x0,0x0,0x0,0x0,0x0,0x0,0x0,0x0,0x0,0x0,0x0,0x0,0x0,0x0,0x0,0x0,0x0,0x0,0x58,0xcf,0x79,0x38,0xe0,0x40,0x0,0x0,0x0,0x0,0x0,0x0,0x0,0x0,0x0,0x0,0x58,0xcf,0x79,0x38,0xdf,0x6e,0x0,0x0,0x68,0x67,0x25,0x26,0x1,0xda,0x0,0x0,1,1,26
2023-10-21 14:55:53.578866,2023-10-21 14:55:53.778006,244169855061848,0x58,0xcf,0x79,0x39,0x12,0xde,0x0,0x0,0x0,0x0,0x0,0x0,0x0,0x0,0x0,0x0,0x0,0x0,0x0,0x0,0x0,0x0,0x0,0x0,0x0,0x0,0x0,0x0,0x0,0x0,0x0,0x0,0x0,0x0,0x0,0x0,0x0,0x0,0x0,0x0,0x58,0xcf,0x79,0x38,0xf8,0x60,0x0,0x0,0x68,0x67,0x25,0x22,0xbb,0xaa,0x0,0x0,1,1,26
2023-10-21 14:56:13.794451,2023-10-21 14:56:13.984728,59954038138728,0x68,0x67,0x25,0x23,0x87,0x36,0x0,0x0,0x0,0x0,0x0,0x0,0x0,0x0,0x0,0x0,0x0,0x0,0x0,0x0,0x0,0x0,0x0,0x0,0x0,0x0,0x0,0x0,0x0,0x0,0x0,0x0,0x58,0xcf,0x79,0x38,0xe0,0x40,0x0,0x0,0x68,0x67,0x25,0x22,0xb8,0x10,0x0,0x0,0x58,0xcf,0x79,0x38,0xe2,0x6e,0x0,0x64,2,1,26
2023-10-21 14:56:13.794451,2023-10-21 14:56:13.984728,18383032903528,0x68,0x67,0x25,0x22,0xb8,0x10,0x0,0x0,0x0,0x0,0x0,0x0,0x0,0x0,0x0,0x0,0x0,0x0,0x0,0x0,0x0,0x0,0x0,0x0,0x0,0x0,0x0,0x0,0x0,0x0,0x0,0x0,0x68,0x67,0x25,0x25,0xe5,0x8,0x0,0x64,0x68,0x67,0x25,0x25,0xfc,0xec,0x0,0x0,0x68,0x67,0x25,0x23,0x87,0x36,0x0,0x0,2,1,26
2023-10-21 14:56:13.794451,2023-10-21 14:56:13.984728,165691821221736,0x68,0x67,0x25,0x22,0xb2,0x96,0x0,0x0,0x0,0x0,0x0,0x0,0x0,0x0,0x0,0x0,0x0,0x0,0x0,0x0,0x0,0x0,0x0,0x0,0x58,0xcf,0x79,0x38,0xe2,0x6e,0x0,0x0,0x68,0x67,0x25,0x26,0x1,0xda,0x0,0x0,0x58,0xcf,0x79,0x38,0xe0,0x40,0x0,0x0,0x58,0xcf,0x79,0x38,0xe7,0x72,0x0,0x0,2,1,26
2023-10-21 14:56:13.794451,2023-10-21 14:56:13.984728,88678762637160,0x68,0x67,0x25,0x22,0xa7,0x50,0x0,0x0,0x0,0x0,0x0,0x0,0x0,0x0,0x0,0x0,0x0,0x0,0x0,0x0,0x0,0x0,0x0,0x0,0x0,0x0,0x0,0x0,0x0,0x0,0x0,0x0,0x0,0x0,0x0,0x0,0x0,0x0,0x0,0x0,0x58,0xcf,0x79,0x38,0xe7,0x72,0x0,0x0,0x68,0x67,0x25,0x24,0x91,0xca,0x0,0x0,2,1,26
2023-10-21 14:56:13.794451,2023-10-21 14:56:13.984728,158334609352552,0x68,0x67,0x25,0x26,0x1,0x90,0x0,0x0,0x0,0x0,0x0,0x0,0x0,0x0,0x0,0x0,0x0,0x0,0x0,0x0,0x0,0x0,0x0,0x0,0x0,0x0,0x0,0x0,0x0,0x0,0x0,0x0,0x0,0x0,0x0,0x0,0x0,0x0,0x0,0x0,0x68,0x67,0x25,0x22,0xbb,0xaa,0x0,0x0,0x0,0x0,0x0,0x0,0x0,0x0,0x0,0x0,2,1,26
2023-10-21 14:56:13.794451,2023-10-21 14:56:13.984728,71331764359000,0x58,0xcf,0x79,0x38,0xe0,0x40,0x0,0x0,0x0,0x0,0x0,0x0,0x0,0x0,0x0,0x0,0x0,0x0,0x0,0x0,0x0,0x0,0x0,0x0,0x68,0x67,0x25,0x23,0x87,0x36,0x0,0x0,0x68,0x67,0x25,0x25,0xe9,0x26,0x0,0x0,0x68,0x67,0x25,0x25,0xe5,0x8,0x0,0x0,0x68,0x67,0x25,0x22,0xb2,0x96,0x0,0x0,2,1,26
2023-10-21 14:56:13.794451,2023-10-21 14:56:13.984728,55672006076264,0x68,0x67,0x25,0x26,0xa2,0x32,0x0,0x0,0x0,0x0,0x0,0x0,0x0,0x0,0x0,0x0,0x0,0x0,0x0,0x0,0x0,0x0,0x0,0x0,0x0,0x0,0x0,0x0,0x0,0x0,0x0,0x0,0x0,0x0,0x0,0x0,0x0,0x0,0x0,0x0,0x68,0x67,0x25,0x23,0xa6,0x46,0x0,0x0,0x58,0xcf,0x79,0x38,0xf8,0x60,0x0,0x0,2,1,26
2023-10-21 14:56:13.794451,2023-10-21 14:56:13.984728,187720708482920,0x68,0x67,0x25,0x22,0xbb,0xaa,0x0,0x0,0x0,0x0,0x0,0x0,0x0,0x0,0x0,0x0,0x0,0x0,0x0,0x0,0x0,0x0,0x0,0x0,0x0,0x0,0x0,0x0,0x0,0x0,0x0,0x0,0x0,0x0,0x0,0x0,0x0,0x0,0x0,0x0,0x58,0xcf,0x79,0x39,0x12,0xde,0x0,0x0,0x68,0x67,0x25,0x26,0x1,0x90,0x0,0x0,2,1,26
2023-10-21 14:56:13.794451,2023-10-21 14:56:13.984728,9780263741288,0x68,0x67,0x25,0x25,0xe5,0x8,0x0,0x0,0x0,0x0,0x0,0x0,0x0,0x0,0x0,0x0,0x0,0x0,0x0,0x0,0x0,0x0,0x0,0x0,0x68,0x67,0x25,0x22,0xb8,0x10,0x0,0x0,0x58,0xcf,0x79,0x38,0xdf,0x6e,0x0,0x0,0x58,0xcf,0x79,0x38,0xe0,0xac,0x0,0x0,0x58,0xcf,0x79,0x38,0xe0,0x40,0x0,0x0,2,1,26
2023-10-21 14:56:13.794451,2023-10-21 14:56:13.984728,167671868254056,0x68,0x67,0x25,0x26,0x7f,0x98,0x0,0x0,0x0,0x0,0x0,0x0,0x0,0x0,0x0,0x0,0x0,0x0,0x0,0x0,0x0,0x0,0x0,0x0,0x58,0xcf,0x79,0x38,0xdf,0xa6,0x0,0x0,0x0,0x0,0x0,0x0,0x0,0x0,0x0,0x0,0x0,0x0,0x0,0x0,0x0,0x0,0x0,0x0,0x68,0x67,0x25,0x22,0xf5,0x8c,0x0,0x0,2,1,26
2023-10-21 14:56:13.794451,2023-10-21 14:56:13.984728,121917889171288,0x58,0xcf,0x79,0x38,0xe2,0x6e,0x0,0x0,0x0,0x0,0x0,0x0,0x0,0x0,0x0,0x0,0x0,0x0,0x0,0x0,0x0,0x0,0x0,0x0,0x0,0x0,0x0,0x0,0x0,0x0,0x0,0x0,0x68,0x67,0x25,0x22,0xb2,0x96,0x0,0x0,0x68,0x67,0x25,0x23,0x87,0x36,0x0,0x0,0x68,0x67,0x25,0x24,0x8a,0x50,0x0,0x0,2,1,26
2023-10-21 14:56:13.794451,2023-10-21 14:56:13.984728,154984467752808,0x68,0x67,0x25,0x22,0xf5,0x8c,0x0,0x0,0x0,0x0,0x0,0x0,0x0,0x0,0x0,0x0,0x0,0x0,0x0,0x0,0x0,0x0,0x0,0x0,0x58,0xcf,0x79,0x38,0xe0,0xac,0x0,0x0,0x0,0x0,0x0,0x0,0x0,0x0,0x0,0x0,0x68,0x67,0x25,0x26,0x7f,0x98,0x0,0x0,0x58,0xcf,0x79,0x38,0xdf,0x6e,0x0,0x0,2,1,26
2023-10-21 14:56:13.794451,2023-10-21 14:56:13.984728,75544752645992,0x68,0x67,0x25,0x22,0xb5,0x44,0x0,0x0,0x0,0x0,0x0,0x0,0x0,0x0,0x0,0x0,0x0,0x0,0x0,0x0,0x0,0x0,0x0,0x0,0x0,0x0,0x0,0x0,0x0,0x0,0x0,0x0,0x58,0xcf,0x79,0x38,0xdf,0xa6,0x0,0x0,0x0,0x0,0x0,0x0,0x0,0x0,0x0,0x0,0x68,0x67,0x25,0x25,0xfc,0xec,0x0,0x0,2,1,26
2023-10-21 14:56:13.794451,2023-10-21 14:56:13.984728,260567699122024,0x68,0x67,0x25,0x25,0xfc,0xec,0x0,0x0,0x0,0x0,0x0,0x0,0x0,0x0,0x0,0x0,0x0,0x0,0x0,0x0,0x0,0x0,0x0,0x0,0x60,0x55,0xf9,0xd9,0x2e,0x78,0x0,0x0,0x58,0xcf,0x79,0x38,0xe0,0xac,0x0,0x0,0x68,0x67,0x25,0x22,0xb5,0x44,0x0,0x0,0x68,0x67,0x25,0x22,0xb8,0x10,0x0,0x64,2,1,26
2023-10-21 14:56:13.794451,2023-10-21 14:56:13.984728,132142620824928,0x60,0x55,0xf9,0xd9,0x2e,0x78,0x0,0x0,0x0,0x0,0x0,0x0,0x0,0x0,0x0,0x0,0x0,0x0,0x0,0x0,0x0,0x0,0x0,0x0,0x0,0x0,0x0,0x0,0x0,0x0,0x0,0x0,0x68,0x67,0x25,0x25,0xfc,0xec,0x0,0x0,0x0,0x0,0x0,0x0,0x0,0x0,0x0,0x0,0x0,0x0,0x0,0x0,0x0,0x0,0x0,0x0,2,1,26
2023-10-21 14:56:13.794451,2023-10-21 14:56:13.984728,88554242140008,0x68,0x67,0x25,0x24,0x8a,0x50,0x0,0x0,0x0,0x0,0x0,0x0,0x0,0x0,0x0,0x0,0x0,0x0,0x0,0x0,0x0,0x0,0x0,0x0,0x0,0x0,0x0,0x0,0x0,0x0,0x0,0x0,0x58,0xcf,0x79,0x38,0xe7,0x72,0x0,0x0,0x58,0xcf,0x79,0x38,0xe2,0x6e,0x0,0x0,0x0,0x0,0x0,0x0,0x0,0x0,0x0,0x0,2,1,26
2023-10-21 14:56:13.794451,2023-10-21 14:56:13.984728,77679368169320,0x68,0x67,0x25,0x23,0xa6,0x46,0x0,0x0,0x0,0x0,0x0,0x0,0x0,0x0,0x0,0x0,0x0,0x0,0x0,0x0,0x0,0x0,0x0,0x0,0x0,0x0,0x0,0x0,0x0,0x0,0x0,0x0,0x0,0x0,0x0,0x0,0x0,0x0,0x0,0x0,0x68,0x67,0x25,0x24,0x91,0xca,0x0,0x0,0x68,0x67,0x25,0x26,0xa2,0x32,0x0,0x0,2,1,26
2023-10-21 14:56:13.794451,2023-10-21 14:56:13.984728,106619215662936,0x58,0xcf,0x79,0x38,0xf8,0x60,0x0,0x0,0x0,0x0,0x0,0x0,0x0,0x0,0x0,0x0,0x0,0x0,0x0,0x0,0x0,0x0,0x0,0x0,0x0,0x0,0x0,0x0,0x0,0x0,0x0,0x0,0x0,0x0,0x0,0x0,0x0,0x0,0x0,0x0,0x68,0x67,0x25,0x26,0xa2,0x32,0x0,0x0,0x58,0xcf,0x79,0x39,0x12,0xde,0x0,0x0,2,1,26
2023-10-21 14:56:13.794451,2023-10-21 14:56:13.984728,121905004269400,0x58,0xcf,0x79,0x38,0xdf,0x6e,0x0,0x0,0x0,0x0,0x0,0x0,0x0,0x0,0x0,0x0,0x0,0x0,0x0,0x0,0x0,0x0,0x0,0x0,0x68,0x67,0x25,0x25,0xe5,0x8,0x0,0x0,0x0,0x0,0x0,0x0,0x0,0x0,0x0,0x0,0x68,0x67,0x25,0x22,0xf5,0x8c,0x0,0x0,0x68,0x67,0x25,0x25,0xe9,0x26,0x0,0x0,2,1,26
2023-10-21 14:56:13.794451,2023-10-21 14:56:13.984728,190079020158808,0x58,0xcf,0x79,0x38,0xe0,0xac,0x0,0x0,0x0,0x0,0x0,0x0,0x0,0x0,0x0,0x0,0x0,0x0,0x0,0x0,0x0,0x0,0x0,0x0,0x68,0x67,0x25,0x25,0xfc,0xec,0x0,0x0,0x68,0x67,0x25,0x22,0xf5,0x8c,0x0,0x0,0x58,0xcf,0x79,0x38,0xdf,0xa6,0x0,0x0,0x68,0x67,0x25,0x25,0xe5,0x8,0x0,0x0,2,1,26
2023-10-21 14:56:13.794451,2023-10-21 14:56:13.984728,222724725499752,0x68,0x67,0x25,0x24,0x91,0xca,0x0,0x0,0x0,0x0,0x0,0x0,0x0,0x0,0x0,0x0,0x0,0x0,0x0,0x0,0x0,0x0,0x0,0x0,0x0,0x0,0x0,0x0,0x0,0x0,0x0,0x0,0x0,0x0,0x0,0x0,0x0,0x0,0x0,0x0,0x68,0x67,0x25,0x22,0xa7,0x50,0x0,0x0,0x68,0x67,0x25,0x23,0xa6,0x46,0x0,0x0,2,1,26
2023-10-21 14:56:13.794451,2023-10-21 14:56:13.984728,126337410518872,0x58,0xcf,0x79,0x38,0xe7,0x72,0x0,0x0,0x0,0x0,0x0,0x0,0x0,0x0,0x0,0x0,0x0,0x0,0x0,0x0,0x0,0x0,0x0,0x0,0x68,0x67,0x25,0x24,0x8a,0x50,0x0,0x0,0x0,0x0,0x0,0x0,0x0,0x0,0x0,0x0,0x68,0x67,0x25,0x22,0xb2,0x96,0x0,0x0,0x68,0x67,0x25,0x22,0xa7,0x50,0x0,0x0,2,1,26
2023-10-21 14:56:13.794451,2023-10-21 14:56:13.984728,183477655424856,0x58,0xcf,0x79,0x38,0xdf,0xa6,0x0,0x0,0x0,0x0,0x0,0x0,0x0,0x0,0x0,0x0,0x0,0x0,0x0,0x0,0x0,0x0,0x0,0x0,0x68,0x67,0x25,0x22,0xb5,0x44,0x0,0x0,0x68,0x67,0x25,0x26,0x7f,0x98,0x0,0x0,0x0,0x0,0x0,0x0,0x0,0x0,0x0,0x0,0x58,0xcf,0x79,0x38,0xe0,0xac,0x0,0x0,2,1,26
2023-10-21 14:56:13.794451,2023-10-21 14:56:13.984728,239698469807976,0x68,0x67,0x25,0x26,0x1,0xda,0x0,0x0,0x0,0x0,0x0,0x0,0x0,0x0,0x0,0x0,0x0,0x0,0x0,0x0,0x0,0x0,0x0,0x0,0x68,0x67,0x25,0x22,0xb2,0x96,0x0,0x0,0x0,0x0,0x0,0x0,0x0,0x0,0x0,0x0,0x68,0x67,0x25,0x25,0xe9,0x26,0x0,0x0,0x0,0x0,0x0,0x0,0x0,0x0,0x0,0x0,2,1,26
2023-10-21 14:56:13.794451,2023-10-21 14:56:13.984728,42782792443752,0x68,0x67,0x25,0x25,0xe9,0x26,0x0,0x0,0x0,0x0,0x0,0x0,0x0,0x0,0x0,0x0,0x0,0x0,0x0,0x0,0x0,0x0,0x0,0x0,0x58,0xcf,0x79,0x38,0xe0,0x40,0x0,0x0,0x0,0x0,0x0,0x0,0x0,0x0,0x0,0x0,0x58,0xcf,0x79,0x38,0xdf,0x6e,0x0,0x0,0x68,0x67,0x25,0x26,0x1,0xda,0x0,0x0,2,1,26
2023-10-21 14:56:13.794451,2023-10-21 14:56:13.984728,244169855061848,0x58,0xcf,0x79,0x39,0x12,0xde,0x0,0x0,0x0,0x0,0x0,0x0,0x0,0x0,0x0,0x0,0x0,0x0,0x0,0x0,0x0,0x0,0x0,0x0,0x0,0x0,0x0,0x0,0x0,0x0,0x0,0x0,0x0,0x0,0x0,0x0,0x0,0x0,0x0,0x0,0x58,0xcf,0x79,0x38,0xf8,0x60,0x0,0x0,0x68,0x67,0x25,0x22,0xbb,0xaa,0x0,0x0,2,1,26
2023-10-21 14:56:33.991524,2023-10-21 14:56:34.188928,59954038138728,0x68,0x67,0x25,0x23,0x87,0x36,0x0,0x0,0x0,0x0,0x0,0x0,0x0,0x0,0x0,0x0,0x0,0x0,0x0,0x0,0x0,0x0,0x0,0x0,0x0,0x0,0x0,0x0,0x0,0x0,0x0,0x0,0x58,0xcf,0x79,0x38,0xe0,0x40,0x0,0x0,0x68,0x67,0x25,0x22,0xb8,0x10,0x0,0x0,0x58,0xcf,0x79,0x38,0xe2,0x6e,0x0,0x0,3,1,26
2023-10-21 14:56:33.991524,2023-10-21 14:56:34.188928,18383032903528,0x68,0x67,0x25,0x22,0xb8,0x10,0x0,0x0,0x0,0x0,0x0,0x0,0x0,0x0,0x0,0x0,0x0,0x0,0x0,0x0,0x0,0x0,0x0,0x0,0x0,0x0,0x0,0x0,0x0,0x0,0x0,0x0,0x68,0x67,0x25,0x25,0xe5,0x8,0x0,0x0,0x68,0x67,0x25,0x25,0xfc,0xec,0x0,0x0,0x68,0x67,0x25,0x23,0x87,0x36,0x0,0x0,3,1,26
2023-10-21 14:56:33.991524,2023-10-21 14:56:34.188928,165691821221736,0x68,0x67,0x25,0x22,0xb2,0x96,0x0,0x0,0x0,0x0,0x0,0x0,0x0,0x0,0x0,0x0,0x0,0x0,0x0,0x0,0x0,0x0,0x0,0x0,0x58,0xcf,0x79,0x38,0xe2,0x6e,0x0,0x0,0x68,0x67,0x25,0x26,0x1,0xda,0x0,0x0,0x58,0xcf,0x79,0x38,0xe0,0x40,0x0,0x0,0x58,0xcf,0x79,0x38,0xe7,0x72,0x0,0x0,3,1,26
2023-10-21 14:56:33.991524,2023-10-21 14:56:34.188928,88678762637160,0x68,0x67,0x25,0x22,0xa7,0x50,0x0,0x0,0x0,0x0,0x0,0x0,0x0,0x0,0x0,0x0,0x0,0x0,0x0,0x0,0x0,0x0,0x0,0x0,0x0,0x0,0x0,0x0,0x0,0x0,0x0,0x0,0x0,0x0,0x0,0x0,0x0,0x0,0x0,0x0,0x58,0xcf,0x79,0x38,0xe7,0x72,0x0,0x64,0x68,0x67,0x25,0x24,0x91,0xca,0x0,0x0,3,1,26
2023-10-21 14:56:33.991524,2023-10-21 14:56:34.188928,158334609352552,0x68,0x67,0x25,0x26,0x1,0x90,0x0,0x0,0x0,0x0,0x0,0x0,0x0,0x0,0x0,0x0,0x0,0x0,0x0,0x0,0x0,0x0,0x0,0x0,0x0,0x0,0x0,0x0,0x0,0x0,0x0,0x0,0x0,0x0,0x0,0x0,0x0,0x0,0x0,0x0,0x68,0x67,0x25,0x22,0xbb,0xaa,0x0,0x0,0x0,0x0,0x0,0x0,0x0,0x0,0x0,0x0,3,1,26
2023-10-21 14:56:33.991524,2023-10-21 14:56:34.188928,71331764359000,0x58,0xcf,0x79,0x38,0xe0,0x40,0x0,0x0,0x0,0x0,0x0,0x0,0x0,0x0,0x0,0x0,0x0,0x0,0x0,0x0,0x0,0x0,0x0,0x0,0x68,0x67,0x25,0x23,0x87,0x36,0x0,0x0,0x68,0x67,0x25,0x25,0xe9,0x26,0x0,0x0,0x68,0x67,0x25,0x25,0xe5,0x8,0x0,0x0,0x68,0x67,0x25,0x22,0xb2,0x96,0x0,0x0,3,1,26
2023-10-21 14:56:33.991524,2023-10-21 14:56:34.188928,55672006076264,0x68,0x67,0x25,0x26,0xa2,0x32,0x0,0x0,0x0,0x0,0x0,0x0,0x0,0x0,0x0,0x0,0x0,0x0,0x0,0x0,0x0,0x0,0x0,0x0,0x0,0x0,0x0,0x0,0x0,0x0,0x0,0x0,0x0,0x0,0x0,0x0,0x0,0x0,0x0,0x0,0x68,0x67,0x25,0x23,0xa6,0x46,0x0,0x0,0x58,0xcf,0x79,0x38,0xf8,0x60,0x0,0x0,3,1,26
2023-10-21 14:56:33.991524,2023-10-21 14:56:34.188928,187720708482920,0x68,0x67,0x25,0x22,0xbb,0xaa,0x0,0x0,0x0,0x0,0x0,0x0,0x0,0x0,0x0,0x0,0x0,0x0,0x0,0x0,0x0,0x0,0x0,0x0,0x0,0x0,0x0,0x0,0x0,0x0,0x0,0x0,0x0,0x0,0x0,0x0,0x0,0x0,0x0,0x0,0x58,0xcf,0x79,0x39,0x12,0xde,0x0,0x0,0x68,0x67,0x25,0x26,0x1,0x90,0x0,0x0,3,1,26
2023-10-21 14:56:33.991524,2023-10-21 14:56:34.188928,9780263741288,0x68,0x67,0x25,0x25,0xe5,0x8,0x0,0x0,0x0,0x0,0x0,0x0,0x0,0x0,0x0,0x0,0x0,0x0,0x0,0x0,0x0,0x0,0x0,0x0,0x68,0x67,0x25,0x22,0xb8,0x10,0x0,0x0,0x58,0xcf,0x79,0x38,0xdf,0x6e,0x0,0x0,0x58,0xcf,0x79,0x38,0xe0,0xac,0x0,0x0,0x58,0xcf,0x79,0x38,0xe0,0x40,0x0,0x0,3,1,26
2023-10-21 14:56:33.991524,2023-10-21 14:56:34.188928,167671868254056,0x68,0x67,0x25,0x26,0x7f,0x98,0x0,0x0,0x0,0x0,0x0,0x0,0x0,0x0,0x0,0x0,0x0,0x0,0x0,0x0,0x0,0x0,0x0,0x0,0x58,0xcf,0x79,0x38,0xdf,0xa6,0x0,0x0,0x0,0x0,0x0,0x0,0x0,0x0,0x0,0x0,0x0,0x0,0x0,0x0,0x0,0x0,0x0,0x0,0x68,0x67,0x25,0x22,0xf5,0x8c,0x0,0x0,3,1,26
2023-10-21 14:56:33.991524,2023-10-21 14:56:34.188928,121917889171288,0x58,0xcf,0x79,0x38,0xe2,0x6e,0x0,0x0,0x0,0x0,0x0,0x0,0x0,0x0,0x0,0x0,0x0,0x0,0x0,0x0,0x0,0x0,0x0,0x0,0x0,0x0,0x0,0x0,0x0,0x0,0x0,0x0,0x68,0x67,0x25,0x22,0xb2,0x96,0x0,0x0,0x68,0x67,0x25,0x23,0x87,0x36,0x0,0x0,0x68,0x67,0x25,0x24,0x8a,0x50,0x0,0x0,3,1,26
2023-10-21 14:56:33.991524,2023-10-21 14:56:34.188928,154984467752808,0x68,0x67,0x25,0x22,0xf5,0x8c,0x0,0x0,0x0,0x0,0x0,0x0,0x0,0x0,0x0,0x0,0x0,0x0,0x0,0x0,0x0,0x0,0x0,0x0,0x58,0xcf,0x79,0x38,0xe0,0xac,0x0,0x0,0x0,0x0,0x0,0x0,0x0,0x0,0x0,0x0,0x68,0x67,0x25,0x26,0x7f,0x98,0x0,0x0,0x58,0xcf,0x79,0x38,0xdf,0x6e,0x0,0x0,3,1,26
2023-10-21 14:56:33.991524,2023-10-21 14:56:34.188928,75544752645992,0x68,0x67,0x25,0x22,0xb5,0x44,0x0,0x0,0x0,0x0,0x0,0x0,0x0,0x0,0x0,0x0,0x0,0x0,0x0,0x0,0x0,0x0,0x0,0x0,0x0,0x0,0x0,0x0,0x0,0x0,0x0,0x0,0x58,0xcf,0x79,0x38,0xdf,0xa6,0x0,0x0,0x0,0x0,0x0,0x0,0x0,0x0,0x0,0x0,0x68,0x67,0x25,0x25,0xfc,0xec,0x0,0x0,3,1,26
2023-10-21 14:56:33.991524,2023-10-21 14:56:34.188928,260567699122024,0x68,0x67,0x25,0x25,0xfc,0xec,0x0,0x0,0x0,0x0,0x0,0x0,0x0,0x0,0x0,0x0,0x0,0x0,0x0,0x0,0x0,0x0,0x0,0x0,0x60,0x55,0xf9,0xd9,0x2e,0x78,0x0,0x0,0x58,0xcf,0x79,0x38,0xe0,0xac,0x0,0x0,0x68,0x67,0x25,0x22,0xb5,0x44,0x0,0x0,0x68,0x67,0x25,0x22,0xb8,0x10,0x0,0x0,3,1,26
2023-10-21 14:56:33.991524,2023-10-21 14:56:34.188928,132142620824928,0x60,0x55,0xf9,0xd9,0x2e,0x78,0x0,0x0,0x0,0x0,0x0,0x0,0x0,0x0,0x0,0x0,0x0,0x0,0x0,0x0,0x0,0x0,0x0,0x0,0x0,0x0,0x0,0x0,0x0,0x0,0x0,0x0,0x68,0x67,0x25,0x25,0xfc,0xec,0x0,0x0,0x0,0x0,0x0,0x0,0x0,0x0,0x0,0x0,0x0,0x0,0x0,0x0,0x0,0x0,0x0,0x0,3,1,26
2023-10-21 14:56:33.991524,2023-10-21 14:56:34.188928,88554242140008,0x68,0x67,0x25,0x24,0x8a,0x50,0x0,0x0,0x0,0x0,0x0,0x0,0x0,0x0,0x0,0x0,0x0,0x0,0x0,0x0,0x0,0x0,0x0,0x0,0x0,0x0,0x0,0x0,0x0,0x0,0x0,0x0,0x58,0xcf,0x79,0x38,0xe7,0x72,0x0,0x0,0x58,0xcf,0x79,0x38,0xe2,0x6e,0x0,0x0,0x0,0x0,0x0,0x0,0x0,0x0,0x0,0x0,3,1,26
2023-10-21 14:56:33.991524,2023-10-21 14:56:34.188928,77679368169320,0x68,0x67,0x25,0x23,0xa6,0x46,0x0,0x0,0x0,0x0,0x0,0x0,0x0,0x0,0x0,0x0,0x0,0x0,0x0,0x0,0x0,0x0,0x0,0x0,0x0,0x0,0x0,0x0,0x0,0x0,0x0,0x0,0x0,0x0,0x0,0x0,0x0,0x0,0x0,0x0,0x68,0x67,0x25,0x24,0x91,0xca,0x0,0x0,0x68,0x67,0x25,0x26,0xa2,0x32,0x0,0x0,3,1,26
2023-10-21 14:56:33.991524,2023-10-21 14:56:34.188928,106619215662936,0x58,0xcf,0x79,0x38,0xf8,0x60,0x0,0x0,0x0,0x0,0x0,0x0,0x0,0x0,0x0,0x0,0x0,0x0,0x0,0x0,0x0,0x0,0x0,0x0,0x0,0x0,0x0,0x0,0x0,0x0,0x0,0x0,0x0,0x0,0x0,0x0,0x0,0x0,0x0,0x0,0x68,0x67,0x25,0x26,0xa2,0x32,0x0,0x0,0x58,0xcf,0x79,0x39,0x12,0xde,0x0,0x0,3,1,26
2023-10-21 14:56:33.991524,2023-10-21 14:56:34.188928,121905004269400,0x58,0xcf,0x79,0x38,0xdf,0x6e,0x0,0x0,0x0,0x0,0x0,0x0,0x0,0x0,0x0,0x0,0x0,0x0,0x0,0x0,0x0,0x0,0x0,0x0,0x68,0x67,0x25,0x25,0xe5,0x8,0x0,0x0,0x0,0x0,0x0,0x0,0x0,0x0,0x0,0x0,0x68,0x67,0x25,0x22,0xf5,0x8c,0x0,0x0,0x68,0x67,0x25,0x25,0xe9,0x26,0x0,0x0,3,1,26
2023-10-21 14:56:33.991524,2023-10-21 14:56:34.188928,190079020158808,0x58,0xcf,0x79,0x38,0xe0,0xac,0x0,0x0,0x0,0x0,0x0,0x0,0x0,0x0,0x0,0x0,0x0,0x0,0x0,0x0,0x0,0x0,0x0,0x0,0x68,0x67,0x25,0x25,0xfc,0xec,0x0,0x0,0x68,0x67,0x25,0x22,0xf5,0x8c,0x0,0x0,0x58,0xcf,0x79,0x38,0xdf,0xa6,0x0,0x0,0x68,0x67,0x25,0x25,0xe5,0x8,0x0,0x0,3,1,26
2023-10-21 14:56:33.991524,2023-10-21 14:56:34.188928,222724725499752,0x68,0x67,0x25,0x24,0x91,0xca,0x0,0x0,0x0,0x0,0x0,0x0,0x0,0x0,0x0,0x0,0x0,0x0,0x0,0x0,0x0,0x0,0x0,0x0,0x0,0x0,0x0,0x0,0x0,0x0,0x0,0x0,0x0,0x0,0x0,0x0,0x0,0x0,0x0,0x0,0x68,0x67,0x25,0x22,0xa7,0x50,0x0,0x0,0x68,0x67,0x25,0x23,0xa6,0x46,0x0,0x0,3,1,26
2023-10-21 14:56:33.991524,2023-10-21 14:56:34.188928,126337410518872,0x58,0xcf,0x79,0x38,0xe7,0x72,0x0,0x0,0x0,0x0,0x0,0x0,0x0,0x0,0x0,0x0,0x0,0x0,0x0,0x0,0x0,0x0,0x0,0x0,0x68,0x67,0x25,0x24,0x8a,0x50,0x0,0x0,0x0,0x0,0x0,0x0,0x0,0x0,0x0,0x0,0x68,0x67,0x25,0x22,0xb2,0x96,0x0,0x0,0x68,0x67,0x25,0x22,0xa7,0x50,0x0,0x0,3,1,26
2023-10-21 14:56:33.991524,2023-10-21 14:56:34.188928,183477655424856,0x58,0xcf,0x79,0x38,0xdf,0xa6,0x0,0x0,0x0,0x0,0x0,0x0,0x0,0x0,0x0,0x0,0x0,0x0,0x0,0x0,0x0,0x0,0x0,0x0,0x68,0x67,0x25,0x22,0xb5,0x44,0x0,0x0,0x68,0x67,0x25,0x26,0x7f,0x98,0x0,0x0,0x0,0x0,0x0,0x0,0x0,0x0,0x0,0x0,0x58,0xcf,0x79,0x38,0xe0,0xac,0x0,0x0,3,1,26
2023-10-21 14:56:33.991524,2023-10-21 14:56:34.188928,239698469807976,0x68,0x67,0x25,0x26,0x1,0xda,0x0,0x0,0x0,0x0,0x0,0x0,0x0,0x0,0x0,0x0,0x0,0x0,0x0,0x0,0x0,0x0,0x0,0x0,0x68,0x67,0x25,0x22,0xb2,0x96,0x0,0x64,0x0,0x0,0x0,0x0,0x0,0x0,0x0,0x0,0x68,0x67,0x25,0x25,0xe9,0x26,0x0,0x0,0x0,0x0,0x0,0x0,0x0,0x0,0x0,0x0,3,1,26
2023-10-21 14:56:33.991524,2023-10-21 14:56:34.188928,42782792443752,0x68,0x67,0x25,0x25,0xe9,0x26,0x0,0x0,0x0,0x0,0x0,0x0,0x0,0x0,0x0,0x0,0x0,0x0,0x0,0x0,0x0,0x0,0x0,0x0,0x58,0xcf,0x79,0x38,0xe0,0x40,0x0,0x0,0x0,0x0,0x0,0x0,0x0,0x0,0x0,0x0,0x58,0xcf,0x79,0x38,0xdf,0x6e,0x0,0x0,0x68,0x67,0x25,0x26,0x1,0xda,0x0,0x0,3,1,26
2023-10-21 14:56:33.991524,2023-10-21 14:56:34.188928,244169855061848,0x58,0xcf,0x79,0x39,0x12,0xde,0x0,0x0,0x0,0x0,0x0,0x0,0x0,0x0,0x0,0x0,0x0,0x0,0x0,0x0,0x0,0x0,0x0,0x0,0x0,0x0,0x0,0x0,0x0,0x0,0x0,0x0,0x0,0x0,0x0,0x0,0x0,0x0,0x0,0x0,0x58,0xcf,0x79,0x38,0xf8,0x60,0x0,0x0,0x68,0x67,0x25,0x22,0xbb,0xaa,0x0,0x0,3,1,26
2023-10-21 14:56:54.196757,2023-10-21 14:56:54.394312,59954038138728,0x68,0x67,0x25,0x23,0x87,0x36,0x0,0x0,0x0,0x0,0x0,0x0,0x0,0x0,0x0,0x0,0x0,0x0,0x0,0x0,0x0,0x0,0x0,0x0,0x0,0x0,0x0,0x0,0x0,0x0,0x0,0x0,0x58,0xcf,0x79,0x38,0xe0,0x40,0x0,0x0,0x68,0x67,0x25,0x22,0xb8,0x10,0x0,0x0,0x58,0xcf,0x79,0x38,0xe2,0x6e,0x0,0x64,4,1,26
2023-10-21 14:56:54.196757,2023-10-21 14:56:54.394312,18383032903528,0x68,0x67,0x25,0x22,0xb8,0x10,0x0,0x0,0x0,0x0,0x0,0x0,0x0,0x0,0x0,0x0,0x0,0x0,0x0,0x0,0x0,0x0,0x0,0x0,0x0,0x0,0x0,0x0,0x0,0x0,0x0,0x0,0x68,0x67,0x25,0x25,0xe5,0x8,0x0,0x0,0x68,0x67,0x25,0x25,0xfc,0xec,0x0,0x0,0x68,0x67,0x25,0x23,0x87,0x36,0x0,0x0,4,1,26
2023-10-21 14:56:54.196757,2023-10-21 14:56:54.394312,165691821221736,0x68,0x67,0x25,0x22,0xb2,0x96,0x0,0x0,0x0,0x0,0x0,0x0,0x0,0x0,0x0,0x0,0x0,0x0,0x0,0x0,0x0,0x0,0x0,0x0,0x58,0xcf,0x79,0x38,0xe2,0x6e,0x0,0x0,0x68,0x67,0x25,0x26,0x1,0xda,0x0,0x0,0x58,0xcf,0x79,0x38,0xe0,0x40,0x0,0x0,0x58,0xcf,0x79,0x38,0xe7,0x72,0x0,0x0,4,1,26
2023-10-21 14:56:54.196757,2023-10-21 14:56:54.394312,88678762637160,0x68,0x67,0x25,0x22,0xa7,0x50,0x0,0x0,0x0,0x0,0x0,0x0,0x0,0x0,0x0,0x0,0x0,0x0,0x0,0x0,0x0,0x0,0x0,0x0,0x0,0x0,0x0,0x0,0x0,0x0,0x0,0x0,0x0,0x0,0x0,0x0,0x0,0x0,0x0,0x0,0x58,0xcf,0x79,0x38,0xe7,0x72,0x0,0x0,0x68,0x67,0x25,0x24,0x91,0xca,0x0,0x64,4,1,26
2023-10-21 14:56:54.196757,2023-10-21 14:56:54.394312,158334609352552,0x68,0x67,0x25,0x26,0x1,0x90,0x0,0x0,0x0,0x0,0x0,0x0,0x0,0x0,0x0,0x0,0x0,0x0,0x0,0x0,0x0,0x0,0x0,0x0,0x0,0x0,0x0,0x0,0x0,0x0,0x0,0x0,0x0,0x0,0x0,0x0,0x0,0x0,0x0,0x0,0x68,0x67,0x25,0x22,0xbb,0xaa,0x0,0x0,0x0,0x0,0x0,0x0,0x0,0x0,0x0,0x0,4,1,26
2023-10-21 14:56:54.196757,2023-10-21 14:56:54.394312,71331764359000,0x58,0xcf,0x79,0x38,0xe0,0x40,0x0,0x0,0x0,0x0,0x0,0x0,0x0,0x0,0x0,0x0,0x0,0x0,0x0,0x0,0x0,0x0,0x0,0x0,0x68,0x67,0x25,0x23,0x87,0x36,0x0,0x0,0x68,0x67,0x25,0x25,0xe9,0x26,0x0,0x64,0x68,0x67,0x25,0x25,0xe5,0x8,0x0,0x0,0x68,0x67,0x25,0x22,0xb2,0x96,0x0,0x0,4,1,26
2023-10-21 14:56:54.196757,2023-10-21 14:56:54.394312,55672006076264,0x68,0x67,0x25,0x26,0xa2,0x32,0x0,0x0,0x0,0x0,0x0,0x0,0x0,0x0,0x0,0x0,0x0,0x0,0x0,0x0,0x0,0x0,0x0,0x0,0x0,0x0,0x0,0x0,0x0,0x0,0x0,0x0,0x0,0x0,0x0,0x0,0x0,0x0,0x0,0x0,0x68,0x67,0x25,0x23,0xa6,0x46,0x0,0x0,0x58,0xcf,0x79,0x38,0xf8,0x60,0x0,0x0,4,1,26
2023-10-21 14:56:54.196757,2023-10-21 14:56:54.394312,187720708482920,0x68,0x67,0x25,0x22,0xbb,0xaa,0x0,0x0,0x0,0x0,0x0,0x0,0x0,0x0,0x0,0x0,0x0,0x0,0x0,0x0,0x0,0x0,0x0,0x0,0x0,0x0,0x0,0x0,0x0,0x0,0x0,0x0,0x0,0x0,0x0,0x0,0x0,0x0,0x0,0x0,0x58,0xcf,0x79,0x39,0x12,0xde,0x0,0x64,0x68,0x67,0x25,0x26,0x1,0x90,0x0,0x0,4,1,26
2023-10-21 14:56:54.196757,2023-10-21 14:56:54.394312,9780263741288,0x68,0x67,0x25,0x25,0xe5,0x8,0x0,0x0,0x0,0x0,0x0,0x0,0x0,0x0,0x0,0x0,0x0,0x0,0x0,0x0,0x0,0x0,0x0,0x0,0x68,0x67,0x25,0x22,0xb8,0x10,0x0,0x0,0x58,0xcf,0x79,0x38,0xdf,0x6e,0x0,0x0,0x58,0xcf,0x79,0x38,0xe0,0xac,0x0,0x0,0x58,0xcf,0x79,0x38,0xe0,0x40,0x0,0x0,4,1,26
2023-10-21 14:56:54.196757,2023-10-21 14:56:54.394312,167671868254056,0x68,0x67,0x25,0x26,0x7f,0x98,0x0,0x0,0x0,0x0,0x0,0x0,0x0,0x0,0x0,0x0,0x0,0x0,0x0,0x0,0x0,0x0,0x0,0x0,0x58,0xcf,0x79,0x38,0xdf,0xa6,0x0,0x0,0x0,0x0,0x0,0x0,0x0,0x0,0x0,0x0,0x0,0x0,0x0,0x0,0x0,0x0,0x0,0x0,0x68,0x67,0x25,0x22,0xf5,0x8c,0x0,0x0,4,1,26
2023-10-21 14:56:54.196757,2023-10-21 14:56:54.394312,121917889171288,0x58,0xcf,0x79,0x38,0xe2,0x6e,0x0,0x0,0x0,0x0,0x0,0x0,0x0,0x0,0x0,0x0,0x0,0x0,0x0,0x0,0x0,0x0,0x0,0x0,0x0,0x0,0x0,0x0,0x0,0x0,0x0,0x0,0x68,0x67,0x25,0x22,0xb2,0x96,0x0,0x0,0x68,0x67,0x25,0x23,0x87,0x36,0x0,0x0,0x68,0x67,0x25,0x24,0x8a,0x50,0x0,0x0,4,1,26
2023-10-21 14:56:54.196757,2023-10-21 14:56:54.394312,154984467752808,0x68,0x67,0x25,0x22,0xf5,0x8c,0x0,0x0,0x0,0x0,0x0,0x0,0x0,0x0,0x0,0x0,0x0,0x0,0x0,0x0,0x0,0x0,0x0,0x0,0x58,0xcf,0x79,0x38,0xe0,0xac,0x0,0x0,0x0,0x0,0x0,0x0,0x0,0x0,0x0,0x0,0x68,0x67,0x25,0x26,0x7f,0x98,0x0,0x0,0x58,0xcf,0x79,0x38,0xdf,0x6e,0x0,0x0,4,1,26
2023-10-21 14:56:54.196757,2023-10-21 14:56:54.394312,75544752645992,0x68,0x67,0x25,0x22,0xb5,0x44,0x0,0x0,0x0,0x0,0x0,0x0,0x0,0x0,0x0,0x0,0x0,0x0,0x0,0x0,0x0,0x0,0x0,0x0,0x0,0x0,0x0,0x0,0x0,0x0,0x0,0x0,0x58,0xcf,0x79,0x38,0xdf,0xa6,0x0,0x0,0x0,0x0,0x0,0x0,0x0,0x0,0x0,0x0,0x68,0x67,0x25,0x25,0xfc,0xec,0x0,0x0,4,1,26
2023-10-21 14:56:54.196757,2023-10-21 14:56:54.394312,260567699122024,0x68,0x67,0x25,0x25,0xfc,0xec,0x0,0x0,0x0,0x0,0x0,0x0,0x0,0x0,0x0,0x0,0x0,0x0,0x0,0x0,0x0,0x0,0x0,0x0,0x60,0x55,0xf9,0xd9,0x2e,0x78,0x0,0x0,0x58,0xcf,0x79,0x38,0xe0,0xac,0x0,0x0,0x68,0x67,0x25,0x22,0xb5,0x44,0x0,0x0,0x68,0x67,0x25,0x22,0xb8,0x10,0x0,0x0,4,1,26
2023-10-21 14:56:54.196757,2023-10-21 14:56:54.394312,132142620824928,0x60,0x55,0xf9,0xd9,0x2e,0x78,0x0,0x0,0x0,0x0,0x0,0x0,0x0,0x0,0x0,0x0,0x0,0x0,0x0,0x0,0x0,0x0,0x0,0x0,0x0,0x0,0x0,0x0,0x0,0x0,0x0,0x0,0x68,0x67,0x25,0x25,0xfc,0xec,0x0,0x0,0x0,0x0,0x0,0x0,0x0,0x0,0x0,0x0,0x0,0x0,0x0,0x0,0x0,0x0,0x0,0x0,4,1,26
2023-10-21 14:56:54.196757,2023-10-21 14:56:54.394312,88554242140008,0x68,0x67,0x25,0x24,0x8a,0x50,0x0,0x0,0x0,0x0,0x0,0x0,0x0,0x0,0x0,0x0,0x0,0x0,0x0,0x0,0x0,0x0,0x0,0x0,0x0,0x0,0x0,0x0,0x0,0x0,0x0,0x0,0x58,0xcf,0x79,0x38,0xe7,0x72,0x0,0x0,0x58,0xcf,0x79,0x38,0xe2,0x6e,0x0,0x0,0x0,0x0,0x0,0x0,0x0,0x0,0x0,0x0,4,1,26
2023-10-21 14:56:54.196757,2023-10-21 14:56:54.394312,77679368169320,0x68,0x67,0x25,0x23,0xa6,0x46,0x0,0x0,0x0,0x0,0x0,0x0,0x0,0x0,0x0,0x0,0x0,0x0,0x0,0x0,0x0,0x0,0x0,0x0,0x0,0x0,0x0,0x0,0x0,0x0,0x0,0x0,0x0,0x0,0x0,0x0,0x0,0x0,0x0,0x0,0x68,0x67,0x25,0x24,0x91,0xca,0x0,0x0,0x68,0x67,0x25,0x26,0xa2,0x32,0x0,0x0,4,1,26
2023-10-21 14:56:54.196757,2023-10-21 14:56:54.394312,106619215662936,0x58,0xcf,0x79,0x38,0xf8,0x60,0x0,0x0,0x0,0x0,0x0,0x0,0x0,0x0,0x0,0x0,0x0,0x0,0x0,0x0,0x0,0x0,0x0,0x0,0x0,0x0,0x0,0x0,0x0,0x0,0x0,0x0,0x0,0x0,0x0,0x0,0x0,0x0,0x0,0x0,0x68,0x67,0x25,0x26,0xa2,0x32,0x0,0x0,0x58,0xcf,0x79,0x39,0x12,0xde,0x0,0x64,4,1,26
2023-10-21 14:56:54.196757,2023-10-21 14:56:54.394312,121905004269400,0x58,0xcf,0x79,0x38,0xdf,0x6e,0x0,0x0,0x0,0x0,0x0,0x0,0x0,0x0,0x0,0x0,0x0,0x0,0x0,0x0,0x0,0x0,0x0,0x0,0x68,0x67,0x25,0x25,0xe5,0x8,0x0,0x0,0x0,0x0,0x0,0x0,0x0,0x0,0x0,0x0,0x68,0x67,0x25,0x22,0xf5,0x8c,0x0,0x0,0x68,0x67,0x25,0x25,0xe9,0x26,0x0,0x64,4,1,26
2023-10-21 14:56:54.196757,2023-10-21 14:56:54.394312,190079020158808,0x58,0xcf,0x79,0x38,0xe0,0xac,0x0,0x0,0x0,0x0,0x0,0x0,0x0,0x0,0x0,0x0,0x0,0x0,0x0,0x0,0x0,0x0,0x0,0x0,0x68,0x67,0x25,0x25,0xfc,0xec,0x0,0x0,0x68,0x67,0x25,0x22,0xf5,0x8c,0x0,0x0,0x58,0xcf,0x79,0x38,0xdf,0xa6,0x0,0x0,0x68,0x67,0x25,0x25,0xe5,0x8,0x0,0x0,4,1,26
2023-10-21 14:56:54.196757,2023-10-21 14:56:54.394312,222724725499752,0x68,0x67,0x25,0x24,0x91,0xca,0x0,0x0,0x0,0x0,0x0,0x0,0x0,0x0,0x0,0x0,0x0,0x0,0x0,0x0,0x0,0x0,0x0,0x0,0x0,0x0,0x0,0x0,0x0,0x0,0x0,0x0,0x0,0x0,0x0,0x0,0x0,0x0,0x0,0x0,0x68,0x67,0x25,0x22,0xa7,0x50,0x0,0x0,0x68,0x67,0x25,0x23,0xa6,0x46,0x0,0x64,4,1,26
2023-10-21 14:56:54.196757,2023-10-21 14:56:54.394312,126337410518872,0x58,0xcf,0x79,0x38,0xe7,0x72,0x0,0x0,0x0,0x0,0x0,0x0,0x0,0x0,0x0,0x0,0x0,0x0,0x0,0x0,0x0,0x0,0x0,0x0,0x68,0x67,0x25,0x24,0x8a,0x50,0x0,0x0,0x0,0x0,0x0,0x0,0x0,0x0,0x0,0x0,0x68,0x67,0x25,0x22,0xb2,0x96,0x0,0x0,0x68,0x67,0x25,0x22,0xa7,0x50,0x0,0x0,4,1,26
2023-10-21 14:56:54.196757,2023-10-21 14:56:54.394312,183477655424856,0x58,0xcf,0x79,0x38,0xdf,0xa6,0x0,0x0,0x0,0x0,0x0,0x0,0x0,0x0,0x0,0x0,0x0,0x0,0x0,0x0,0x0,0x0,0x0,0x0,0x68,0x67,0x25,0x22,0xb5,0x44,0x0,0x0,0x68,0x67,0x25,0x26,0x7f,0x98,0x0,0x0,0x0,0x0,0x0,0x0,0x0,0x0,0x0,0x0,0x58,0xcf,0x79,0x38,0xe0,0xac,0x0,0x0,4,1,26
2023-10-21 14:56:54.196757,2023-10-21 14:56:54.394312,239698469807976,0x68,0x67,0x25,0x26,0x1,0xda,0x0,0x0,0x0,0x0,0x0,0x0,0x0,0x0,0x0,0x0,0x0,0x0,0x0,0x0,0x0,0x0,0x0,0x0,0x68,0x67,0x25,0x22,0xb2,0x96,0x0,0x0,0x0,0x0,0x0,0x0,0x0,0x0,0x0,0x0,0x68,0x67,0x25,0x25,0xe9,0x26,0x0,0x0,0x0,0x0,0x0,0x0,0x0,0x0,0x0,0x0,4,1,26
2023-10-21 14:56:54.196757,2023-10-21 14:56:54.394312,42782792443752,0x68,0x67,0x25,0x25,0xe9,0x26,0x0,0x0,0x0,0x0,0x0,0x0,0x0,0x0,0x0,0x0,0x0,0x0,0x0,0x0,0x0,0x0,0x0,0x0,0x58,0xcf,0x79,0x38,0xe0,0x40,0x0,0x0,0x0,0x0,0x0,0x0,0x0,0x0,0x0,0x0,0x58,0xcf,0x79,0x38,0xdf,0x6e,0x0,0x0,0x68,0x67,0x25,0x26,0x1,0xda,0x0,0x0,4,1,26
2023-10-21 14:56:54.196757,2023-10-21 14:56:54.394312,244169855061848,0x58,0xcf,0x79,0x39,0x12,0xde,0x0,0x0,0x0,0x0,0x0,0x0,0x0,0x0,0x0,0x0,0x0,0x0,0x0,0x0,0x0,0x0,0x0,0x0,0x0,0x0,0x0,0x0,0x0,0x0,0x0,0x0,0x0,0x0,0x0,0x0,0x0,0x0,0x0,0x0,0x58,0xcf,0x79,0x38,0xf8,0x60,0x0,0x0,0x68,0x67,0x25,0x22,0xbb,0xaa,0x0,0x0,4,1,26
2023-10-21 14:57:14.397689,2023-10-21 14:57:14.617600,59954038138728,0x68,0x67,0x25,0x23,0x87,0x36,0x0,0x0,0x0,0x0,0x0,0x0,0x0,0x0,0x0,0x0,0x0,0x0,0x0,0x0,0x0,0x0,0x0,0x0,0x0,0x0,0x0,0x0,0x0,0x0,0x0,0x0,0x58,0xcf,0x79,0x38,0xe0,0x40,0x0,0x0,0x68,0x67,0x25,0x22,0xb8,0x10,0x0,0x0,0x58,0xcf,0x79,0x38,0xe2,0x6e,0x0,0x0,5,1,26
2023-10-21 14:57:14.397689,2023-10-21 14:57:14.617600,18383032903528,0x68,0x67,0x25,0x22,0xb8,0x10,0x0,0x0,0x0,0x0,0x0,0x0,0x0,0x0,0x0,0x0,0x0,0x0,0x0,0x0,0x0,0x0,0x0,0x0,0x0,0x0,0x0,0x0,0x0,0x0,0x0,0x0,0x68,0x67,0x25,0x25,0xe5,0x8,0x0,0x0,0x68,0x67,0x25,0x25,0xfc,0xec,0x0,0x0,0x68,0x67,0x25,0x23,0x87,0x36,0x0,0x0,5,1,26
2023-10-21 14:57:14.397689,2023-10-21 14:57:14.617600,165691821221736,0x68,0x67,0x25,0x22,0xb2,0x96,0x0,0x0,0x0,0x0,0x0,0x0,0x0,0x0,0x0,0x0,0x0,0x0,0x0,0x0,0x0,0x0,0x0,0x0,0x58,0xcf,0x79,0x38,0xe2,0x6e,0x0,0x0,0x68,0x67,0x25,0x26,0x1,0xda,0x0,0x0,0x58,0xcf,0x79,0x38,0xe0,0x40,0x0,0x0,0x58,0xcf,0x79,0x38,0xe7,0x72,0x0,0x0,5,1,26
2023-10-21 14:57:14.397689,2023-10-21 14:57:14.617600,88678762637160,0x68,0x67,0x25,0x22,0xa7,0x50,0x0,0x0,0x0,0x0,0x0,0x0,0x0,0x0,0x0,0x0,0x0,0x0,0x0,0x0,0x0,0x0,0x0,0x0,0x0,0x0,0x0,0x0,0x0,0x0,0x0,0x0,0x0,0x0,0x0,0x0,0x0,0x0,0x0,0x0,0x58,0xcf,0x79,0x38,0xe7,0x72,0x0,0x0,0x68,0x67,0x25,0x24,0x91,0xca,0x0,0x0,5,1,26
2023-10-21 14:57:14.397689,2023-10-21 14:57:14.617600,158334609352552,0x68,0x67,0x25,0x26,0x1,0x90,0x0,0x0,0x0,0x0,0x0,0x0,0x0,0x0,0x0,0x0,0x0,0x0,0x0,0x0,0x0,0x0,0x0,0x0,0x0,0x0,0x0,0x0,0x0,0x0,0x0,0x0,0x0,0x0,0x0,0x0,0x0,0x0,0x0,0x0,0x68,0x67,0x25,0x22,0xbb,0xaa,0x0,0x0,0x0,0x0,0x0,0x0,0x0,0x0,0x0,0x0,5,1,26
2023-10-21 14:57:14.397689,2023-10-21 14:57:14.617600,71331764359000,0x58,0xcf,0x79,0x38,0xe0,0x40,0x0,0x0,0x0,0x0,0x0,0x0,0x0,0x0,0x0,0x0,0x0,0x0,0x0,0x0,0x0,0x0,0x0,0x0,0x68,0x67,0x25,0x23,0x87,0x36,0x0,0x0,0x68,0x67,0x25,0x25,0xe9,0x26,0x0,0x0,0x68,0x67,0x25,0x25,0xe5,0x8,0x0,0x0,0x68,0x67,0x25,0x22,0xb2,0x96,0x0,0x0,5,1,26
2023-10-21 14:57:14.397689,2023-10-21 14:57:14.617600,55672006076264,0x68,0x67,0x25,0x26,0xa2,0x32,0x0,0x0,0x0,0x0,0x0,0x0,0x0,0x0,0x0,0x0,0x0,0x0,0x0,0x0,0x0,0x0,0x0,0x0,0x0,0x0,0x0,0x0,0x0,0x0,0x0,0x0,0x0,0x0,0x0,0x0,0x0,0x0,0x0,0x0,0x68,0x67,0x25,0x23,0xa6,0x46,0x0,0x0,0x58,0xce,0x79,0x38,0xf8,0x60,0x0,0x0,5,1,26
2023-10-21 14:57:14.397689,2023-10-21 14:57:14.617600,187720708482920,0x68,0x67,0x25,0x22,0xbb,0xaa,0x0,0x0,0x0,0x0,0x0,0x0,0x0,0x0,0x0,0x0,0x0,0x0,0x0,0x0,0x0,0x0,0x0,0x0,0x0,0x0,0x0,0x0,0x0,0x0,0x0,0x0,0x0,0x0,0x0,0x0,0x0,0x0,0x0,0x0,0x58,0xcf,0x79,0x39,0x12,0xde,0x0,0x0,0x68,0x67,0x25,0x26,0x1,0x90,0x0,0x0,5,1,26
2023-10-21 14:57:14.397689,2023-10-21 14:57:14.617600,9780263741288,0x68,0x67,0x25,0x25,0xe5,0x8,0x0,0x0,0x0,0x0,0x0,0x0,0x0,0x0,0x0,0x0,0x0,0x0,0x0,0x0,0x0,0x0,0x0,0x0,0x68,0x67,0x25,0x22,0xb8,0x10,0x0,0x0,0x58,0xcf,0x79,0x38,0xdf,0x6e,0x0,0x0,0x58,0xcf,0x79,0x38,0xe0,0xac,0x0,0x0,0x58,0xcf,0x79,0x38,0xe0,0x40,0x0,0x0,5,1,26
2023-10-21 14:57:14.397689,2023-10-21 14:57:14.617600,167671868254056,0x68,0x67,0x25,0x26,0x7f,0x98,0x0,0x0,0x0,0x0,0x0,0x0,0x0,0x0,0x0,0x0,0x0,0x0,0x0,0x0,0x0,0x0,0x0,0x0,0x58,0xcf,0x79,0x38,0xdf,0xa6,0x0,0x0,0x0,0x0,0x0,0x0,0x0,0x0,0x0,0x0,0x0,0x0,0x0,0x0,0x0,0x0,0x0,0x0,0x68,0x67,0x25,0x22,0xf5,0x8c,0x0,0x0,5,1,26
2023-10-21 14:57:14.397689,2023-10-21 14:57:14.617600,121917889171288,0x58,0xcf,0x79,0x38,0xe2,0x6e,0x0,0x0,0x0,0x0,0x0,0x0,0x0,0x0,0x0,0x0,0x0,0x0,0x0,0x0,0x0,0x0,0x0,0x0,0x0,0x0,0x0,0x0,0x0,0x0,0x0,0x0,0x68,0x67,0x25,0x22,0xb2,0x96,0x0,0x0,0x68,0x67,0x25,0x23,0x87,0x36,0x0,0x0,0x68,0x67,0x25,0x24,0x8a,0x50,0x0,0x0,5,1,26
2023-10-21 14:57:14.397689,2023-10-21 14:57:14.617600,154984467752808,0x68,0x67,0x25,0x22,0xf5,0x8c,0x0,0x0,0x0,0x0,0x0,0x0,0x0,0x0,0x0,0x0,0x0,0x0,0x0,0x0,0x0,0x0,0x0,0x0,0x58,0xcf,0x79,0x38,0xe0,0xac,0x0,0x0,0x0,0x0,0x0,0x0,0x0,0x0,0x0,0x0,0x68,0x67,0x25,0x26,0x7f,0x98,0x0,0x0,0x58,0xcf,0x79,0x38,0xdf,0x6e,0x0,0x0,5,1,26
2023-10-21 14:57:14.397689,2023-10-21 14:57:14.617600,75544752645992,0x68,0x67,0x25,0x22,0xb5,0x44,0x0,0x0,0x0,0x0,0x0,0x0,0x0,0x0,0x0,0x0,0x0,0x0,0x0,0x0,0x0,0x0,0x0,0x0,0x0,0x0,0x0,0x0,0x0,0x0,0x0,0x0,0x58,0xcf,0x79,0x38,0xdf,0xa6,0x0,0x0,0x0,0x0,0x0,0x0,0x0,0x0,0x0,0x0,0x68,0x67,0x25,0x25,0xfc,0xec,0x0,0x0,5,1,26
2023-10-21 14:57:14.397689,2023-10-21 14:57:14.617600,260567699122024,0x68,0x67,0x25,0x25,0xfc,0xec,0x0,0x0,0x0,0x0,0x0,0x0,0x0,0x0,0x0,0x0,0x0,0x0,0x0,0x0,0x0,0x0,0x0,0x0,0x60,0x55,0xf9,0xd9,0x2e,0x78,0x0,0x0,0x58,0xcf,0x79,0x38,0xe0,0xac,0x0,0x0,0x68,0x67,0x25,0x22,0xb5,0x44,0x0,0x0,0x68,0x67,0x25,0x22,0xb8,0x10,0x0,0x0,5,1,26
2023-10-21 14:57:14.397689,2023-10-21 14:57:14.617600,132142620824928,0x60,0x55,0xf9,0xd9,0x2e,0x78,0x0,0x0,0x0,0x0,0x0,0x0,0x0,0x0,0x0,0x0,0x0,0x0,0x0,0x0,0x0,0x0,0x0,0x0,0x0,0x0,0x0,0x0,0x0,0x0,0x0,0x0,0x68,0x67,0x25,0x25,0xfc,0xec,0x0,0x0,0x0,0x0,0x0,0x0,0x0,0x0,0x0,0x0,0x0,0x0,0x0,0x0,0x0,0x0,0x0,0x0,5,1,26
2023-10-21 14:57:14.397689,2023-10-21 14:57:14.617600,88554242140008,0x68,0x67,0x25,0x24,0x8a,0x50,0x0,0x0,0x0,0x0,0x0,0x0,0x0,0x0,0x0,0x0,0x0,0x0,0x0,0x0,0x0,0x0,0x0,0x0,0x0,0x0,0x0,0x0,0x0,0x0,0x0,0x0,0x58,0xcf,0x79,0x38,0xe7,0x72,0x0,0x0,0x58,0xcf,0x79,0x38,0xe2,0x6e,0x0,0x0,0x0,0x0,0x0,0x0,0x0,0x0,0x0,0x0,5,1,26
2023-10-21 14:57:14.397689,2023-10-21 14:57:14.617600,77679368169320,0x68,0x67,0x25,0x23,0xa6,0x46,0x0,0x0,0x0,0x0,0x0,0x0,0x0,0x0,0x0,0x0,0x0,0x0,0x0,0x0,0x0,0x0,0x0,0x0,0x0,0x0,0x0,0x0,0x0,0x0,0x0,0x0,0x0,0x0,0x0,0x0,0x0,0x0,0x0,0x0,0x68,0x67,0x25,0x24,0x91,0xca,0x0,0x0,0x68,0x67,0x25,0x26,0xa2,0x32,0x0,0x0,5,1,26
2023-10-21 14:57:14.397689,2023-10-21 14:57:14.617600,106619215662936,0x58,0xcf,0x79,0x38,0xf8,0x60,0x0,0x0,0x0,0x0,0x0,0x0,0x0,0x0,0x0,0x0,0x0,0x0,0x0,0x0,0x0,0x0,0x0,0x0,0x0,0x0,0x0,0x0,0x0,0x0,0x0,0x0,0x0,0x0,0x0,0x0,0x0,0x0,0x0,0x0,0x68,0x67,0x25,0x26,0xa2,0x32,0x0,0x0,0x58,0xcf,0x79,0x39,0x12,0xde,0x0,0x0,5,1,26
2023-10-21 14:57:14.397689,2023-10-21 14:57:14.617600,121905004269400,0x58,0xcf,0x79,0x38,0xdf,0x6e,0x0,0x0,0x0,0x0,0x0,0x0,0x0,0x0,0x0,0x0,0x0,0x0,0x0,0x0,0x0,0x0,0x0,0x0,0x68,0x67,0x25,0x25,0xe5,0x8,0x0,0x0,0x0,0x0,0x0,0x0,0x0,0x0,0x0,0x0,0x68,0x67,0x25,0x22,0xf5,0x8c,0x0,0x0,0x68,0x67,0x25,0x25,0xe9,0x26,0x0,0x0,5,1,26
2023-10-21 14:57:14.397689,2023-10-21 14:57:14.617600,190079020158808,0x58,0xcf,0x79,0x38,0xe0,0xac,0x0,0x0,0x0,0x0,0x0,0x0,0x0,0x0,0x0,0x0,0x0,0x0,0x0,0x0,0x0,0x0,0x0,0x0,0x68,0x67,0x25,0x25,0xfc,0xec,0x0,0x0,0x68,0x67,0x25,0x22,0xf5,0x8c,0x0,0x0,0x58,0xcf,0x79,0x38,0xdf,0xa6,0x0,0x0,0x68,0x67,0x25,0x25,0xe5,0x8,0x0,0x0,5,1,26
2023-10-21 14:57:14.397689,2023-10-21 14:57:14.617600,222724725499752,0x68,0x67,0x25,0x24,0x91,0xca,0x0,0x0,0x0,0x0,0x0,0x0,0x0,0x0,0x0,0x0,0x0,0x0,0x0,0x0,0x0,0x0,0x0,0x0,0x0,0x0,0x0,0x0,0x0,0x0,0x0,0x0,0x0,0x0,0x0,0x0,0x0,0x0,0x0,0x0,0x68,0x67,0x25,0x22,0xa7,0x50,0x0,0x0,0x68,0x67,0x25,0x23,0xa6,0x46,0x0,0x0,5,1,26
2023-10-21 14:57:14.397689,2023-10-21 14:57:14.617600,126337410518872,0x58,0xcf,0x79,0x38,0xe7,0x72,0x0,0x0,0x0,0x0,0x0,0x0,0x0,0x0,0x0,0x0,0x0,0x0,0x0,0x0,0x0,0x0,0x0,0x0,0x68,0x67,0x25,0x24,0x8a,0x50,0x0,0x0,0x0,0x0,0x0,0x0,0x0,0x0,0x0,0x0,0x68,0x67,0x25,0x22,0xb2,0x96,0x0,0x0,0x68,0x67,0x25,0x22,0xa7,0x50,0x0,0x0,5,1,26
2023-10-21 14:57:14.397689,2023-10-21 14:57:14.617600,183477655424856,0x58,0xcf,0x79,0x38,0xdf,0xa6,0x0,0x0,0x0,0x0,0x0,0x0,0x0,0x0,0x0,0x0,0x0,0x0,0x0,0x0,0x0,0x0,0x0,0x0,0x68,0x67,0x25,0x22,0xb5,0x44,0x0,0x0,0x68,0x67,0x25,0x26,0x7f,0x98,0x0,0x0,0x0,0x0,0x0,0x0,0x0,0x0,0x0,0x0,0x58,0xcf,0x79,0x38,0xe0,0xac,0x0,0x0,5,1,26
2023-10-21 14:57:14.397689,2023-10-21 14:57:14.617600,239698469807976,0x68,0x67,0x25,0x26,0x1,0xda,0x0,0x0,0x0,0x0,0x0,0x0,0x0,0x0,0x0,0x0,0x0,0x0,0x0,0x0,0x0,0x0,0x0,0x0,0x68,0x67,0x25,0x22,0xb2,0x96,0x0,0x0,0x0,0x0,0x0,0x0,0x0,0x0,0x0,0x0,0x68,0x67,0x25,0x25,0xe9,0x26,0x0,0x0,0x0,0x0,0x0,0x0,0x0,0x0,0x0,0x0,5,1,26
2023-10-21 14:57:14.397689,2023-10-21 14:57:14.617600,42782792443752,0x68,0x67,0x25,0x25,0xe9,0x26,0x0,0x0,0x0,0x0,0x0,0x0,0x0,0x0,0x0,0x0,0x0,0x0,0x0,0x0,0x0,0x0,0x0,0x0,0x58,0xcf,0x79,0x38,0xe0,0x40,0x0,0x0,0x0,0x0,0x0,0x0,0x0,0x0,0x0,0x0,0x58,0xcf,0x79,0x38,0xdf,0x6e,0x0,0x0,0x68,0x67,0x25,0x26,0x1,0xda,0x0,0x0,5,1,26
2023-10-21 14:57:14.397689,2023-10-21 14:57:14.617600,244169855061848,0x58,0xcf,0x79,0x39,0x12,0xde,0x0,0x0,0x0,0x0,0x0,0x0,0x0,0x0,0x0,0x0,0x0,0x0,0x0,0x0,0x0,0x0,0x0,0x0,0x0,0x0,0x0,0x0,0x0,0x0,0x0,0x0,0x0,0x0,0x0,0x0,0x0,0x0,0x0,0x0,0x58,0xcf,0x79,0x38,0xf8,0x60,0x0,0x0,0x68,0x67,0x25,0x22,0xbb,0xaa,0x0,0x0,5,1,26
