2023-10-21 14:35:42.558285,2023-10-21 14:35:47.852184,77679368169320,0x68,0x67,0x25,0x23,0xa6,0x46,0x0,0x0,0x0,0x0,0x0,0x0,0x0,0x0,0x0,0x0,0x0,0x0,0x0,0x0,0x0,0x0,0x0,0x0,0x0,0x0,0x0,0x0,0x0,0x0,0x0,0x0,0x0,0x0,0x0,0x0,0x0,0x0,0x0,0x0,0x0,0x0,0x0,0x0,0x0,0x0,0x0,0x0,0x0,0x0,0x0,0x0,0x0,0x0,0x0,0x0,0,1,26
2023-10-21 14:35:42.558285,2023-10-21 14:35:47.852184,88678762637160,0x68,0x67,0x25,0x22,0xa7,0x50,0x0,0x0,0x0,0x0,0x0,0x0,0x0,0x0,0x0,0x0,0x0,0x0,0x0,0x0,0x0,0x0,0x0,0x0,0x0,0x0,0x0,0x0,0x0,0x0,0x0,0x0,0x0,0x0,0x0,0x0,0x0,0x0,0x0,0x0,0x0,0x0,0x0,0x0,0x0,0x0,0x0,0x0,0x0,0x0,0x0,0x0,0x0,0x0,0x0,0x0,0,1,26
2023-10-21 14:35:42.558285,2023-10-21 14:35:47.852184,222724725499752,0x68,0x67,0x25,0x24,0x91,0xca,0x0,0x0,0x0,0x0,0x0,0x0,0x0,0x0,0x0,0x0,0x0,0x0,0x0,0x0,0x0,0x0,0x0,0x0,0x0,0x0,0x0,0x0,0x0,0x0,0x0,0x0,0x0,0x0,0x0,0x0,0x0,0x0,0x0,0x0,0x0,0x0,0x0,0x0,0x0,0x0,0x0,0x0,0x0,0x0,0x0,0x0,0x0,0x0,0x0,0x0,0,1,26
2023-10-21 14:35:42.558285,2023-10-21 14:35:47.852184,121917889171288,0x58,0xcf,0x79,0x38,0xe2,0x6e,0x0,0x0,0x0,0x0,0x0,0x0,0x0,0x0,0x0,0x0,0x0,0x0,0x0,0x0,0x0,0x0,0x0,0x0,0x0,0x0,0x0,0x0,0x0,0x0,0x0,0x0,0x0,0x0,0x0,0x0,0x0,0x0,0x0,0x0,0x0,0x0,0x0,0x0,0x0,0x0,0x0,0x0,0x0,0x0,0x0,0x0,0x0,0x0,0x0,0x0,0,1,26
2023-10-21 14:35:42.558285,2023-10-21 14:35:47.852184,55672006076264,0x68,0x67,0x25,0x26,0xa2,0x32,0x0,0x0,0x0,0x0,0x0,0x0,0x0,0x0,0x0,0x0,0x0,0x0,0x0,0x0,0x0,0x0,0x0,0x0,0x0,0x0,0x0,0x0,0x0,0x0,0x0,0x0,0x0,0x0,0x0,0x0,0x0,0x0,0x0,0x0,0x0,0x0,0x0,0x0,0x0,0x0,0x0,0x0,0x0,0x0,0x0,0x0,0x0,0x0,0x0,0x0,0,1,26
2023-10-21 14:35:42.558285,2023-10-21 14:35:47.852184,75544752645992,0x68,0x67,0x25,0x22,0xb5,0x44,0x0,0x0,0x0,0x0,0x0,0x0,0x0,0x0,0x0,0x0,0x0,0x0,0x0,0x0,0x0,0x0,0x0,0x0,0x0,0x0,0x0,0x0,0x0,0x0,0x0,0x0,0x0,0x0,0x0,0x0,0x0,0x0,0x0,0x0,0x0,0x0,0x0,0x0,0x0,0x0,0x0,0x0,0x0,0x0,0x0,0x0,0x0,0x0,0x0,0x0,0,1,26
2023-10-21 14:35:42.558285,2023-10-21 14:35:47.852184,183477655424856,0x58,0xcf,0x79,0x38,0xdf,0xa6,0x0,0x0,0x0,0x0,0x0,0x0,0x0,0x0,0x0,0x0,0x0,0x0,0x0,0x0,0x0,0x0,0x0,0x0,0x0,0x0,0x0,0x0,0x0,0x0,0x0,0x0,0x0,0x0,0x0,0x0,0x0,0x0,0x0,0x0,0x0,0x0,0x0,0x0,0x0,0x0,0x0,0x0,0x0,0x0,0x0,0x0,0x0,0x0,0x0,0x0,0,1,26
2023-10-21 14:35:42.558285,2023-10-21 14:35:47.852184,165691821221736,0x68,0x67,0x25,0x22,0xb2,0x96,0x0,0x0,0x0,0x0,0x0,0x0,0x0,0x0,0x0,0x0,0x0,0x0,0x0,0x0,0x0,0x0,0x0,0x0,0x0,0x0,0x0,0x0,0x0,0x0,0x0,0x0,0x0,0x0,0x0,0x0,0x0,0x0,0x0,0x0,0x0,0x0,0x0,0x0,0x0,0x0,0x0,0x0,0x0,0x0,0x0,0x0,0x0,0x0,0x0,0x0,0,1,26
2023-10-21 14:35:42.558285,2023-10-21 14:35:47.852184,18383032903528,0x68,0x67,0x25,0x22,0xb8,0x10,0x0,0x0,0x0,0x0,0x0,0x0,0x0,0x0,0x0,0x0,0x0,0x0,0x0,0x0,0x0,0x0,0x0,0x0,0x0,0x0,0x0,0x0,0x0,0x0,0x0,0x0,0x0,0x0,0x0,0x0,0x0,0x0,0x0,0x0,0x0,0x0,0x0,0x0,0x0,0x0,0x0,0x0,0x0,0x0,0x0,0x0,0x0,0x0,0x0,0x0,0,1,26
2023-10-21 14:35:42.558285,2023-10-21 14:35:47.852184,239698469807976,0x68,0x67,0x25,0x26,0x1,0xda,0x0,0x0,0x0,0x0,0x0,0x0,0x0,0x0,0x0,0x0,0x0,0x0,0x0,0x0,0x0,0x0,0x0,0x0,0x0,0x0,0x0,0x0,0x0,0x0,0x0,0x0,0x0,0x0,0x0,0x0,0x0,0x0,0x0,0x0,0x0,0x0,0x0,0x0,0x0,0x0,0x0,0x0,0x0,0x0,0x0,0x0,0x0,0x0,0x0,0x0,0,1,26
2023-10-21 14:35:42.558285,2023-10-21 14:35:47.852184,42782792443752,0x68,0x67,0x25,0x25,0xe9,0x26,0x0,0x0,0x0,0x0,0x0,0x0,0x0,0x0,0x0,0x0,0x0,0x0,0x0,0x0,0x0,0x0,0x0,0x0,0x0,0x0,0x0,0x0,0x0,0x0,0x0,0x0,0x0,0x0,0x0,0x0,0x0,0x0,0x0,0x0,0x0,0x0,0x0,0x0,0x0,0x0,0x0,0x0,0x0,0x0,0x0,0x0,0x0,0x0,0x0,0x0,0,1,26
2023-10-21 14:35:42.558285,2023-10-21 14:35:47.852184,88554242140008,0x68,0x67,0x25,0x24,0x8a,0x50,0x0,0x0,0x0,0x0,0x0,0x0,0x0,0x0,0x0,0x0,0x0,0x0,0x0,0x0,0x0,0x0,0x0,0x0,0x0,0x0,0x0,0x0,0x0,0x0,0x0,0x0,0x0,0x0,0x0,0x0,0x0,0x0,0x0,0x0,0x0,0x0,0x0,0x0,0x0,0x0,0x0,0x0,0x0,0x0,0x0,0x0,0x0,0x0,0x0,0x0,0,1,26
2023-10-21 14:35:42.558285,2023-10-21 14:35:47.852184,121905004269400,0x58,0xcf,0x79,0x38,0xdf,0x6e,0x0,0x0,0x0,0x0,0x0,0x0,0x0,0x0,0x0,0x0,0x0,0x0,0x0,0x0,0x0,0x0,0x0,0x0,0x0,0x0,0x0,0x0,0x0,0x0,0x0,0x0,0x0,0x0,0x0,0x0,0x0,0x0,0x0,0x0,0x0,0x0,0x0,0x0,0x0,0x0,0x0,0x0,0x0,0x0,0x0,0x0,0x0,0x0,0x0,0x0,0,1,26
2023-10-21 14:35:42.558285,2023-10-21 14:35:47.852184,260567699122024,0x68,0x67,0x25,0x25,0xfc,0xec,0x0,0x0,0x0,0x0,0x0,0x0,0x0,0x0,0x0,0x0,0x0,0x0,0x0,0x0,0x0,0x0,0x0,0x0,0x0,0x0,0x0,0x0,0x0,0x0,0x0,0x0,0x0,0x0,0x0,0x0,0x0,0x0,0x0,0x0,0x0,0x0,0x0,0x0,0x0,0x0,0x0,0x0,0x0,0x0,0x0,0x0,0x0,0x0,0x0,0x0,0,1,26
2023-10-21 14:35:42.558285,2023-10-21 14:35:47.852184,71331764359000,0x58,0xcf,0x79,0x38,0xe0,0x40,0x0,0x0,0x0,0x0,0x0,0x0,0x0,0x0,0x0,0x0,0x0,0x0,0x0,0x0,0x0,0x0,0x0,0x0,0x0,0x0,0x0,0x0,0x0,0x0,0x0,0x0,0x0,0x0,0x0,0x0,0x0,0x0,0x0,0x0,0x0,0x0,0x0,0x0,0x0,0x0,0x0,0x0,0x0,0x0,0x0,0x0,0x0,0x0,0x0,0x0,0,1,26
2023-10-21 14:35:42.558285,2023-10-21 14:35:47.852184,167671868254056,0x68,0x67,0x25,0x26,0x7f,0x98,0x0,0x0,0x0,0x0,0x0,0x0,0x0,0x0,0x0,0x0,0x0,0x0,0x0,0x0,0x0,0x0,0x0,0x0,0x0,0x0,0x0,0x0,0x0,0x0,0x0,0x0,0x0,0x0,0x0,0x0,0x0,0x0,0x0,0x0,0x0,0x0,0x0,0x0,0x0,0x0,0x0,0x0,0x0,0x0,0x0,0x0,0x0,0x0,0x0,0x0,0,1,26
2023-10-21 14:35:42.558285,2023-10-21 14:35:47.852184,9780263741288,0x68,0x67,0x25,0x25,0xe5,0x8,0x0,0x0,0x0,0x0,0x0,0x0,0x0,0x0,0x0,0x0,0x0,0x0,0x0,0x0,0x0,0x0,0x0,0x0,0x0,0x0,0x0,0x0,0x0,0x0,0x0,0x0,0x0,0x0,0x0,0x0,0x0,0x0,0x0,0x0,0x0,0x0,0x0,0x0,0x0,0x0,0x0,0x0,0x0,0x0,0x0,0x0,0x0,0x0,0x0,0x0,0,1,26
2023-10-21 14:35:42.558285,2023-10-21 14:35:47.852184,158334609352552,0x68,0x67,0x25,0x26,0x1,0x90,0x0,0x0,0x0,0x0,0x0,0x0,0x0,0x0,0x0,0x0,0x0,0x0,0x0,0x0,0x0,0x0,0x0,0x0,0x0,0x0,0x0,0x0,0x0,0x0,0x0,0x0,0x0,0x0,0x0,0x0,0x0,0x0,0x0,0x0,0x0,0x0,0x0,0x0,0x0,0x0,0x0,0x0,0x0,0x0,0x0,0x0,0x0,0x0,0x0,0x0,0,1,26
2023-10-21 14:35:42.558285,2023-10-21 14:35:47.852184,59954038138728,0x68,0x67,0x25,0x23,0x87,0x36,0x0,0x0,0x0,0x0,0x0,0x0,0x0,0x0,0x0,0x0,0x0,0x0,0x0,0x0,0x0,0x0,0x0,0x0,0x0,0x0,0x0,0x0,0x0,0x0,0x0,0x0,0x0,0x0,0x0,0x0,0x0,0x0,0x0,0x0,0x0,0x0,0x0,0x0,0x0,0x0,0x0,0x0,0x0,0x0,0x0,0x0,0x0,0x0,0x0,0x0,0,1,26
2023-10-21 14:35:42.558285,2023-10-21 14:35:47.852184,40300318123880,0x68,0x67,0x25,0x26,0xa7,0x24,0x0,0x0,0x0,0x0,0x0,0x0,0x0,0x0,0x0,0x0,0x0,0x0,0x0,0x0,0x0,0x0,0x0,0x0,0x0,0x0,0x0,0x0,0x0,0x0,0x0,0x0,0x0,0x0,0x0,0x0,0x0,0x0,0x0,0x0,0x0,0x0,0x0,0x0,0x0,0x0,0x0,0x0,0x0,0x0,0x0,0x0,0x0,0x0,0x0,0x0,0,1,26
2023-10-21 14:35:42.558285,2023-10-21 14:35:47.852184,132142620824928,0x60,0x55,0xf9,0xd9,0x2e,0x78,0x0,0x0,0x0,0x0,0x0,0x0,0x0,0x0,0x0,0x0,0x0,0x0,0x0,0x0,0x0,0x0,0x0,0x0,0x0,0x0,0x0,0x0,0x0,0x0,0x0,0x0,0x0,0x0,0x0,0x0,0x0,0x0,0x0,0x0,0x0,0x0,0x0,0x0,0x0,0x0,0x0,0x0,0x0,0x0,0x0,0x0,0x0,0x0,0x0,0x0,0,1,26
2023-10-21 14:35:42.558285,2023-10-21 14:35:47.852184,154984467752808,0x68,0x67,0x25,0x22,0xf5,0x8c,0x0,0x0,0x0,0x0,0x0,0x0,0x0,0x0,0x0,0x0,0x0,0x0,0x0,0x0,0x0,0x0,0x0,0x0,0x0,0x0,0x0,0x0,0x0,0x0,0x0,0x0,0x0,0x0,0x0,0x0,0x0,0x0,0x0,0x0,0x0,0x0,0x0,0x0,0x0,0x0,0x0,0x0,0x0,0x0,0x0,0x0,0x0,0x0,0x0,0x0,0,1,26
2023-10-21 14:35:42.558285,2023-10-21 14:35:47.852184,106619215662936,0x58,0xcf,0x79,0x38,0xf8,0x60,0x0,0x0,0x0,0x0,0x0,0x0,0x0,0x0,0x0,0x0,0x0,0x0,0x0,0x0,0x0,0x0,0x0,0x0,0x0,0x0,0x0,0x0,0x0,0x0,0x0,0x0,0x0,0x0,0x0,0x0,0x0,0x0,0x0,0x0,0x0,0x0,0x0,0x0,0x0,0x0,0x0,0x0,0x0,0x0,0x0,0x0,0x0,0x0,0x0,0x0,0,1,26
2023-10-21 14:35:42.558285,2023-10-21 14:35:47.852184,190079020158808,0x58,0xcf,0x79,0x38,0xe0,0xac,0x0,0x0,0x0,0x0,0x0,0x0,0x0,0x0,0x0,0x0,0x0,0x0,0x0,0x0,0x0,0x0,0x0,0x0,0x0,0x0,0x0,0x0,0x0,0x0,0x0,0x0,0x0,0x0,0x0,0x0,0x0,0x0,0x0,0x0,0x0,0x0,0x0,0x0,0x0,0x0,0x0,0x0,0x0,0x0,0x0,0x0,0x0,0x0,0x0,0x0,0,1,26
2023-10-21 14:35:42.558285,2023-10-21 14:35:47.852184,244169855061848,0x58,0xcf,0x79,0x39,0x12,0xde,0x0,0x0,0x0,0x0,0x0,0x0,0x0,0x0,0x0,0x0,0x0,0x0,0x0,0x0,0x0,0x0,0x0,0x0,0x0,0x0,0x0,0x0,0x0,0x0,0x0,0x0,0x0,0x0,0x0,0x0,0x0,0x0,0x0,0x0,0x0,0x0,0x0,0x0,0x0,0x0,0x0,0x0,0x0,0x0,0x0,0x0,0x0,0x0,0x0,0x0,0,1,26
2023-10-21 14:35:42.558285,2023-10-21 14:35:47.852184,126337410518872,0x58,0xcf,0x79,0x38,0xe7,0x72,0x0,0x0,0x0,0x0,0x0,0x0,0x0,0x0,0x0,0x0,0x0,0x0,0x0,0x0,0x0,0x0,0x0,0x0,0x0,0x0,0x0,0x0,0x0,0x0,0x0,0x0,0x0,0x0,0x0,0x0,0x0,0x0,0x0,0x0,0x0,0x0,0x0,0x0,0x0,0x0,0x0,0x0,0x0,0x0,0x0,0x0,0x0,0x0,0x0,0x0,0,1,26
2023-10-21 14:35:57.855687,2023-10-21 14:35:58.048249,77679368169320,0x68,0x67,0x25,0x23,0xa6,0x46,0x0,0x0,0x0,0x0,0x0,0x0,0x0,0x0,0x0,0x0,0x0,0x0,0x0,0x0,0x0,0x0,0x0,0x0,0x0,0x0,0x0,0x0,0x0,0x0,0x0,0x0,0x0,0x0,0x0,0x0,0x0,0x0,0x0,0x0,0x4,0x68,0x67,0x25,0x24,0x91,0xca,0x0,0x4,0x68,0x67,0x25,0x26,0xa2,0x32,0x0,1,1,26
2023-10-21 14:35:57.855687,2023-10-21 14:35:58.048249,88678762637160,0x68,0x67,0x25,0x22,0xa7,0x50,0x0,0x0,0x0,0x0,0x0,0x0,0x0,0x0,0x0,0x0,0x0,0x0,0x0,0x0,0x0,0x0,0x0,0x0,0x0,0x0,0x0,0x0,0x0,0x0,0x0,0x0,0x0,0x0,0x0,0x0,0x0,0x0,0x0,0x0,0x4,0x58,0xcf,0x79,0x38,0xe7,0x72,0x0,0x4,0x68,0x67,0x25,0x24,0x91,0xca,0x0,1,1,26
2023-10-21 14:35:57.855687,2023-10-21 14:35:58.048249,165691821221736,0x68,0x67,0x25,0x22,0xb2,0x96,0x0,0x0,0x0,0x0,0x0,0x0,0x0,0x0,0x0,0x0,0x0,0x0,0x0,0x0,0x0,0x0,0x0,0x0,0x4,0x58,0xcf,0x79,0x38,0xe2,0x6e,0x0,0x4,0x68,0x67,0x25,0x26,0x1,0xda,0x0,0x4,0x58,0xcf,0x79,0x38,0xe0,0x40,0x0,0x4,0x58,0xcf,0x79,0x38,0xe7,0x72,0x0,1,1,26
2023-10-21 14:35:57.855687,2023-10-21 14:35:58.048249,239698469807976,0x68,0x67,0x25,0x26,0x1,0xda,0x0,0x0,0x0,0x0,0x0,0x0,0x0,0x0,0x0,0x0,0x0,0x0,0x0,0x0,0x0,0x0,0x0,0x0,0x4,0x68,0x67,0x25,0x22,0xb2,0x96,0x0,0x0,0x0,0x0,0x0,0x0,0x0,0x0,0x0,0x4,0x68,0x67,0x25,0x25,0xe9,0x26,0x0,0x0,0x0,0x0,0x0,0x0,0x0,0x0,0x0,1,1,26
2023-10-21 14:35:57.855687,2023-10-21 14:35:58.048249,59954038138728,0x68,0x67,0x25,0x23,0x87,0x36,0x0,0x0,0x0,0x0,0x0,0x0,0x0,0x0,0x0,0x0,0x0,0x0,0x0,0x0,0x0,0x0,0x0,0x0,0x0,0x0,0x0,0x0,0x0,0x0,0x0,0x0,0x4,0x58,0xcf,0x79,0x38,0xe0,0x40,0x0,0x4,0x68,0x67,0x25,0x22,0xb8,0x10,0x0,0x4,0x58,0xcf,0x79,0x38,0xe2,0x6e,0x0,1,1,26
2023-10-21 14:35:57.855687,2023-10-21 14:35:58.048249,167671868254056,0x68,0x67,0x25,0x26,0x7f,0x98,0x0,0x0,0x0,0x0,0x0,0x0,0x0,0x0,0x0,0x0,0x0,0x0,0x0,0x0,0x0,0x0,0x0,0x0,0x4,0x58,0xcf,0x79,0x38,0xdf,0xa6,0x0,0x0,0x0,0x0,0x0,0x0,0x0,0x0,0x0,0x0,0x0,0x0,0x0,0x0,0x0,0x0,0x0,0x4,0x68,0x67,0x25,0x22,0xf5,0x8c,0x0,1,1,26
2023-10-21 14:35:57.855687,2023-10-21 14:35:58.048249,121917889171288,0x58,0xcf,0x79,0x38,0xe2,0x6e,0x0,0x0,0x0,0x0,0x0,0x0,0x0,0x0,0x0,0x0,0x0,0x0,0x0,0x0,0x0,0x0,0x0,0x0,0x0,0x0,0x0,0x0,0x0,0x0,0x0,0x0,0x4,0x68,0x67,0x25,0x22,0xb2,0x96,0x0,0x4,0x68,0x67,0x25,0x23,0x87,0x36,0x0,0x4,0x68,0x67,0x25,0x24,0x8a,0x50,0x0,1,1,26
2023-10-21 14:35:57.855687,2023-10-21 14:35:58.048249,222724725499752,0x68,0x67,0x25,0x24,0x91,0xca,0x0,0x0,0x0,0x0,0x0,0x0,0x0,0x0,0x0,0x0,0x0,0x0,0x0,0x0,0x0,0x0,0x0,0x0,0x0,0x0,0x0,0x0,0x0,0x0,0x0,0x0,0x0,0x0,0x0,0x0,0x0,0x0,0x0,0x0,0x4,0x68,0x67,0x25,0x22,0xa7,0x50,0x0,0x4,0x68,0x67,0x25,0x23,0xa6,0x46,0x0,1,1,26
2023-10-21 14:35:57.855687,2023-10-21 14:35:58.048249,154984467752808,0x68,0x67,0x25,0x22,0xf5,0x8c,0x0,0x0,0x0,0x0,0x0,0x0,0x0,0x0,0x0,0x0,0x0,0x0,0x0,0x0,0x0,0x0,0x0,0x0,0x4,0x58,0xcf,0x79,0x38,0xe0,0xac,0x0,0x0,0x0,0x0,0x0,0x0,0x0,0x0,0x0,0x4,0x68,0x67,0x25,0x26,0x7f,0x98,0x0,0x4,0x58,0xcf,0x79,0x38,0xdf,0x6e,0x0,1,1,26
2023-10-21 14:35:57.855687,2023-10-21 14:35:58.048249,121905004269400,0x58,0xcf,0x79,0x38,0xdf,0x6e,0x0,0x0,0x0,0x0,0x0,0x0,0x0,0x0,0x0,0x0,0x0,0x0,0x0,0x0,0x0,0x0,0x0,0x0,0x4,0x68,0x67,0x25,0x25,0xe5,0x8,0x0,0x0,0x0,0x0,0x0,0x0,0x0,0x0,0x0,0x4,0x68,0x67,0x25,0x22,0xf5,0x8c,0x0,0x4,0x68,0x67,0x25,0x25,0xe9,0x26,0x0,1,1,26
2023-10-21 14:35:57.855687,2023-10-21 14:35:58.048249,158334609352552,0x68,0x67,0x25,0x26,0x1,0x90,0x0,0x0,0x0,0x0,0x0,0x0,0x0,0x0,0x0,0x0,0x0,0x0,0x0,0x0,0x0,0x0,0x0,0x0,0x0,0x0,0x0,0x0,0x0,0x0,0x0,0x0,0x0,0x0,0x0,0x0,0x0,0x0,0x0,0x0,0x4,0x68,0x67,0x25,0x26,0xa7,0x24,0x0,0x0,0x0,0x0,0x0,0x0,0x0,0x0,0x0,1,1,26
2023-10-21 14:35:57.855687,2023-10-21 14:35:58.048249,75544752645992,0x68,0x67,0x25,0x22,0xb5,0x44,0x0,0x0,0x0,0x0,0x0,0x0,0x0,0x0,0x0,0x0,0x0,0x0,0x0,0x0,0x0,0x0,0x0,0x0,0x0,0x0,0x0,0x0,0x0,0x0,0x0,0x0,0x4,0x58,0xcf,0x79,0x38,0xdf,0xa6,0x0,0x0,0x0,0x0,0x0,0x0,0x0,0x0,0x0,0x4,0x68,0x67,0x25,0x25,0xfc,0xec,0x0,1,1,26
2023-10-21 14:35:57.855687,2023-10-21 14:35:58.048249,244169855061848,0x58,0xcf,0x79,0x39,0x12,0xde,0x0,0x0,0x0,0x0,0x0,0x0,0x0,0x0,0x0,0x0,0x0,0x0,0x0,0x0,0x0,0x0,0x0,0x0,0x0,0x0,0x0,0x0,0x0,0x0,0x0,0x0,0x0,0x0,0x0,0x0,0x0,0x0,0x0,0x0,0x4,0x58,0xcf,0x79,0x38,0xf8,0x60,0x0,0x4,0x68,0x67,0x25,0x26,0xa7,0x24,0x0,1,1,26
2023-10-21 14:35:57.855687,2023-10-21 14:35:58.048249,106619215662936,0x58,0xcf,0x79,0x38,0xf8,0x60,0x0,0x0,0x0,0x0,0x0,0x0,0x0,0x0,0x0,0x0,0x0,0x0,0x0,0x0,0x0,0x0,0x0,0x0,0x0,0x0,0x0,0x0,0x0,0x0,0x0,0x0,0x0,0x0,0x0,0x0,0x0,0x0,0x0,0x0,0x4,0x68,0x67,0x25,0x26,0xa2,0x32,0x0,0x4,0x58,0xcf,0x79,0x39,0x12,0xde,0x0,1,1,26
2023-10-21 14:35:57.855687,2023-10-21 14:35:58.048249,260567699122024,0x68,0x67,0x25,0x25,0xfc,0xec,0x0,0x0,0x0,0x0,0x0,0x0,0x0,0x0,0x0,0x0,0x0,0x0,0x0,0x0,0x0,0x0,0x0,0x0,0x4,0x60,0x55,0xf9,0xd9,0x2e,0x78,0x0,0x4,0x58,0xcf,0x79,0x38,0xe0,0xac,0x0,0x4,0x68,0x67,0x25,0x22,0xb5,0x44,0x0,0x4,0x68,0x67,0x25,0x22,0xb8,0x10,0x0,1,1,26
2023-10-21 14:35:57.855687,2023-10-21 14:35:58.048249,71331764359000,0x58,0xcf,0x79,0x38,0xe0,0x40,0x0,0x0,0x0,0x0,0x0,0x0,0x0,0x0,0x0,0x0,0x0,0x0,0x0,0x0,0x0,0x0,0x0,0x0,0x4,0x68,0x67,0x25,0x23,0x87,0x36,0x0,0x4,0x68,0x67,0x25,0x25,0xe9,0x26,0x0,0x4,0x68,0x67,0x25,0x25,0xe5,0x8,0x0,0x4,0x68,0x67,0x25,0x22,0xb2,0x96,0x0,1,1,26
2023-10-21 14:35:57.855687,2023-10-21 14:35:58.048249,88554242140008,0x68,0x67,0x25,0x24,0x8a,0x50,0x0,0x0,0x0,0x0,0x0,0x0,0x0,0x0,0x0,0x0,0x0,0x0,0x0,0x0,0x0,0x0,0x0,0x0,0x0,0x0,0x0,0x0,0x0,0x0,0x0,0x0,0x4,0x58,0xcf,0x79,0x38,0xe7,0x72,0x0,0x58,0xcf,0x79,0x38,0xe2,0x6e,0x0,0x0,0x0,0x0,0x0,0x0,0x0,0x0,0x0,0x0,1,1,26
2023-10-21 14:35:57.855687,2023-10-21 14:35:58.048249,190079020158808,0x58,0xcf,0x79,0x38,0xe0,0xac,0x0,0x0,0x0,0x0,0x0,0x0,0x0,0x0,0x0,0x0,0x0,0x0,0x0,0x0,0x0,0x0,0x0,0x0,0x4,0x68,0x67,0x25,0x25,0xfc,0xec,0x0,0x4,0x68,0x67,0x25,0x22,0xf5,0x8c,0x0,0x4,0x58,0xcf,0x79,0x38,0xdf,0xa6,0x0,0x4,0x68,0x67,0x25,0x25,0xe5,0x8,0x0,1,1,26
2023-10-21 14:35:57.855687,2023-10-21 14:35:58.048249,18383032903528,0x68,0x67,0x25,0x22,0xb8,0x10,0x0,0x0,0x0,0x0,0x0,0x0,0x0,0x0,0x0,0x0,0x0,0x0,0x0,0x0,0x0,0x0,0x0,0x0,0x0,0x0,0x0,0x0,0x0,0x0,0x0,0x0,0x4,0x68,0x67,0x25,0x25,0xe5,0x8,0x0,0x4,0x68,0x67,0x25,0x25,0xfc,0xec,0x0,0x4,0x68,0x67,0x25,0x23,0x87,0x36,0x0,1,1,26
2023-10-21 14:35:57.855687,2023-10-21 14:35:58.048249,55672006076264,0x68,0x67,0x25,0x26,0xa2,0x32,0x0,0x0,0x0,0x0,0x0,0x0,0x0,0x0,0x0,0x0,0x0,0x0,0x0,0x0,0x0,0x0,0x0,0x0,0x0,0x0,0x0,0x0,0x0,0x0,0x0,0x0,0x0,0x0,0x0,0x0,0x0,0x0,0x0,0x0,0x4,0x68,0x67,0x25,0x23,0xa6,0x46,0x0,0x4,0x58,0xcf,0x79,0x38,0xf8,0x60,0x0,1,1,26
2023-10-21 14:35:57.855687,2023-10-21 14:35:58.048249,42782792443752,0x68,0x67,0x25,0x25,0xe9,0x26,0x0,0x0,0x0,0x0,0x0,0x0,0x0,0x0,0x0,0x0,0x0,0x0,0x0,0x0,0x0,0x0,0x0,0x0,0x4,0x58,0xcf,0x79,0x38,0xe0,0x40,0x0,0x0,0x0,0x0,0x0,0x0,0x0,0x0,0x0,0x4,0x58,0xcf,0x79,0x38,0xdf,0x6e,0x0,0x4,0x68,0x67,0x25,0x26,0x1,0xda,0x0,1,1,26
2023-10-21 14:35:57.855687,2023-10-21 14:35:58.048249,183477655424856,0x58,0xcf,0x79,0x38,0xdf,0xa6,0x0,0x0,0x0,0x0,0x0,0x0,0x0,0x0,0x0,0x0,0x0,0x0,0x0,0x0,0x0,0x0,0x0,0x0,0x4,0x68,0x67,0x25,0x22,0xb5,0x44,0x0,0x4,0x68,0x67,0x25,0x26,0x7f,0x98,0x0,0x0,0x0,0x0,0x0,0x0,0x0,0x0,0x0,0x4,0x58,0xcf,0x79,0x38,0xe0,0xac,0x0,1,1,26
2023-10-21 14:35:57.855687,2023-10-21 14:35:58.048249,132142620824928,0x60,0x55,0xf9,0xd9,0x2e,0x78,0x0,0x0,0x0,0x0,0x0,0x0,0x0,0x0,0x0,0x0,0x0,0x0,0x0,0x0,0x0,0x0,0x0,0x0,0x0,0x0,0x0,0x0,0x0,0x0,0x0,0x0,0x4,0x68,0x67,0x25,0x25,0xfc,0xec,0x0,0x0,0x0,0x0,0x0,0x0,0x0,0x0,0x0,0x0,0x0,0x0,0x0,0x0,0x0,0x0,0x0,1,1,26
2023-10-21 14:35:57.855687,2023-10-21 14:35:58.048249,9780263741288,0x68,0x67,0x25,0x25,0xe5,0x8,0x0,0x0,0x0,0x0,0x0,0x0,0x0,0x0,0x0,0x0,0x0,0x0,0x0,0x0,0x0,0x0,0x0,0x0,0x4,0x68,0x67,0x25,0x22,0xb8,0x10,0x0,0x4,0x58,0xcf,0x79,0x38,0xdf,0x6e,0x0,0x4,0x58,0xcf,0x79,0x38,0xe0,0xac,0x0,0x4,0x58,0xcf,0x79,0x38,0xe0,0x40,0x0,1,1,26
2023-10-21 14:35:57.855687,2023-10-21 14:35:58.048249,126337410518872,0x58,0xcf,0x79,0x38,0xe7,0x72,0x0,0x0,0x0,0x0,0x0,0x0,0x0,0x0,0x0,0x0,0x0,0x0,0x0,0x0,0x0,0x0,0x0,0x0,0x4,0x68,0x67,0x25,0x24,0x8a,0x50,0x0,0x0,0x0,0x0,0x0,0x0,0x0,0x0,0x0,0x4,0x68,0x67,0x25,0x22,0xb2,0x96,0x0,0x4,0x68,0x67,0x25,0x22,0xa7,0x50,0x0,1,1,26
2023-10-21 14:35:57.855687,2023-10-21 14:35:58.048249,40300318123880,0x68,0x67,0x25,0x26,0xa7,0x24,0x0,0x0,0x0,0x0,0x0,0x0,0x0,0x0,0x0,0x0,0x0,0x0,0x0,0x0,0x0,0x0,0x0,0x0,0x4,0x68,0x67,0x26,0x26,0xa7,0x24,0x0,0x0,0x0,0x0,0x0,0x0,0x0,0x0,0x0,0x4,0x58,0xcf,0x79,0x39,0x12,0xde,0x0,0x4,0x68,0x67,0x25,0x26,0x1,0x90,0x0,1,1,26
2023-10-21 14:36:18.059569,2023-10-21 14:36:18.287242,77679368169320,0x68,0x67,0x25,0x23,0xa6,0x46,0x0,0x0,0x0,0x0,0x0,0x0,0x0,0x0,0x0,0x0,0x0,0x0,0x0,0x0,0x0,0x0,0x0,0x0,0x0,0x0,0x0,0x0,0x0,0x0,0x0,0x0,0x0,0x0,0x0,0x0,0x0,0x0,0x0,0x0,0x4,0x68,0x67,0x25,0x24,0x91,0xca,0x0,0x4,0x68,0x67,0x25,0x26,0xa2,0x32,0x0,2,1,26
2023-10-21 14:36:18.059569,2023-10-21 14:36:18.287242,88678762637160,0x68,0x67,0x25,0x22,0xa7,0x50,0x0,0x0,0x0,0x0,0x0,0x0,0x0,0x0,0x0,0x0,0x0,0x0,0x0,0x0,0x0,0x0,0x0,0x0,0x0,0x0,0x0,0x0,0x0,0x0,0x0,0x0,0x0,0x0,0x0,0x0,0x0,0x0,0x0,0x0,0x4,0x58,0xcf,0x79,0x38,0xe7,0x72,0x0,0x4,0x68,0x67,0x25,0x24,0x91,0xca,0x0,2,1,26
2023-10-21 14:36:18.059569,2023-10-21 14:36:18.287242,165691821221736,0x68,0x67,0x25,0x22,0xb2,0x96,0x0,0x0,0x0,0x0,0x0,0x0,0x0,0x0,0x0,0x0,0x0,0x0,0x0,0x0,0x0,0x0,0x0,0x0,0x4,0x58,0xcf,0x79,0x38,0xe2,0x6e,0x0,0x4,0x68,0x67,0x25,0x26,0x1,0xda,0x0,0x4,0x58,0xcf,0x79,0x38,0xe0,0x40,0x0,0x4,0x58,0xcf,0x79,0x38,0xe7,0x72,0x0,2,1,26
2023-10-21 14:36:18.059569,2023-10-21 14:36:18.287242,239698469807976,0x68,0x67,0x25,0x26,0x1,0xda,0x0,0x0,0x0,0x0,0x0,0x0,0x0,0x0,0x0,0x0,0x0,0x0,0x0,0x0,0x0,0x0,0x0,0x0,0x4,0x68,0x67,0x25,0x22,0xb2,0x96,0x0,0x0,0x0,0x0,0x0,0x0,0x0,0x0,0x0,0x4,0x68,0x67,0x25,0x25,0xe9,0x26,0x0,0x0,0x0,0x0,0x0,0x0,0x0,0x0,0x0,2,1,26
2023-10-21 14:36:18.059569,2023-10-21 14:36:18.287242,59954038138728,0x68,0x67,0x25,0x23,0x87,0x36,0x0,0x0,0x0,0x0,0x0,0x0,0x0,0x0,0x0,0x0,0x0,0x0,0x0,0x0,0x0,0x0,0x0,0x0,0x0,0x0,0x0,0x0,0x0,0x0,0x0,0x0,0x4,0x58,0xcf,0x79,0x38,0xe0,0x40,0x0,0x4,0x68,0x67,0x25,0x22,0xb8,0x10,0x0,0x4,0x58,0xcf,0x79,0x38,0xe2,0x6e,0x0,2,1,26
2023-10-21 14:36:18.059569,2023-10-21 14:36:18.287242,167671868254056,0x68,0x67,0x25,0x26,0x7f,0x98,0x0,0x0,0x0,0x0,0x0,0x0,0x0,0x0,0x0,0x0,0x0,0x0,0x0,0x0,0x0,0x0,0x0,0x0,0x4,0x58,0xcf,0x79,0x38,0xdf,0xa6,0x0,0x0,0x0,0x0,0x0,0x0,0x0,0x0,0x0,0x0,0x0,0x0,0x0,0x0,0x0,0x0,0x0,0x4,0x68,0x67,0x25,0x22,0xf5,0x8c,0x0,2,1,26
2023-10-21 14:36:18.059569,2023-10-21 14:36:18.287242,121917889171288,0x58,0xcf,0x79,0x38,0xe2,0x6e,0x0,0x0,0x0,0x0,0x0,0x0,0x0,0x0,0x0,0x0,0x0,0x0,0x0,0x0,0x0,0x0,0x0,0x0,0x0,0x0,0x0,0x0,0x0,0x0,0x0,0x0,0x4,0x68,0x67,0x25,0x22,0xb2,0x96,0x0,0x4,0x68,0x67,0x25,0x23,0x87,0x36,0x0,0x4,0x68,0x67,0x25,0x24,0x8a,0x50,0x0,2,1,26
2023-10-21 14:36:18.059569,2023-10-21 14:36:18.287242,222724725499752,0x68,0x67,0x25,0x24,0x91,0xca,0x0,0x0,0x0,0x0,0x0,0x0,0x0,0x0,0x0,0x0,0x0,0x0,0x0,0x0,0x0,0x0,0x0,0x0,0x0,0x0,0x0,0x0,0x0,0x0,0x0,0x0,0x0,0x0,0x0,0x0,0x0,0x0,0x0,0x0,0x4,0x68,0x67,0x25,0x22,0xa7,0x50,0x0,0x4,0x68,0x67,0x25,0x23,0xa6,0x46,0x0,2,1,26
2023-10-21 14:36:18.059569,2023-10-21 14:36:18.287242,154984467752808,0x68,0x67,0x25,0x22,0xf5,0x8c,0x0,0x0,0x0,0x0,0x0,0x0,0x0,0x0,0x0,0x0,0x0,0x0,0x0,0x0,0x0,0x0,0x0,0x0,0x4,0x58,0xcf,0x79,0x38,0xe0,0xac,0x0,0x0,0x0,0x0,0x0,0x0,0x0,0x0,0x0,0x4,0x68,0x67,0x25,0x26,0x7f,0x98,0x0,0x4,0x58,0xcf,0x79,0x38,0xdf,0x6e,0x0,2,1,26
2023-10-21 14:36:18.059569,2023-10-21 14:36:18.287242,121905004269400,0x58,0xcf,0x79,0x38,0xdf,0x6e,0x0,0x0,0x0,0x0,0x0,0x0,0x0,0x0,0x0,0x0,0x0,0x0,0x0,0x0,0x0,0x0,0x0,0x0,0x4,0x68,0x67,0x25,0x25,0xe5,0x8,0x0,0x0,0x0,0x0,0x0,0x0,0x0,0x0,0x0,0x4,0x68,0x67,0x25,0x22,0xf5,0x8c,0x0,0x4,0x68,0x67,0x25,0x25,0xe9,0x26,0x0,2,1,26
2023-10-21 14:36:18.059569,2023-10-21 14:36:18.287242,158334609352552,0x68,0x67,0x25,0x26,0x1,0x90,0x0,0x0,0x0,0x0,0x0,0x0,0x0,0x0,0x0,0x0,0x0,0x0,0x0,0x0,0x0,0x0,0x0,0x0,0x0,0x0,0x0,0x0,0x0,0x0,0x0,0x0,0x0,0x0,0x0,0x0,0x0,0x0,0x0,0x0,0x4,0x68,0x67,0x25,0x26,0xa7,0x24,0x0,0x0,0x0,0x0,0x0,0x0,0x0,0x0,0x0,2,1,26
2023-10-21 14:36:18.059569,2023-10-21 14:36:18.287242,75544752645992,0x68,0x67,0x25,0x22,0xb5,0x44,0x0,0x0,0x0,0x0,0x0,0x0,0x0,0x0,0x0,0x0,0x0,0x0,0x0,0x0,0x0,0x0,0x0,0x0,0x0,0x0,0x0,0x0,0x0,0x0,0x0,0x0,0x4,0x58,0xcf,0x79,0x38,0xdf,0xa6,0x0,0x0,0x0,0x0,0x0,0x0,0x0,0x0,0x0,0x4,0x68,0x67,0x25,0x25,0xfc,0xec,0x0,2,1,26
2023-10-21 14:36:18.059569,2023-10-21 14:36:18.287242,244169855061848,0x58,0xcf,0x79,0x39,0x12,0xde,0x0,0x0,0x0,0x0,0x0,0x0,0x0,0x0,0x0,0x0,0x0,0x0,0x0,0x0,0x0,0x0,0x0,0x0,0x0,0x0,0x0,0x0,0x0,0x0,0x0,0x0,0x0,0x0,0x0,0x0,0x0,0x0,0x0,0x0,0x4,0x58,0xcf,0x79,0x38,0xf8,0x60,0x0,0x4,0x68,0x67,0x25,0x26,0xa7,0x24,0x0,2,1,26
2023-10-21 14:36:18.059569,2023-10-21 14:36:18.287242,106619215662936,0x58,0xcf,0x79,0x38,0xf8,0x60,0x0,0x0,0x0,0x0,0x0,0x0,0x0,0x0,0x0,0x0,0x0,0x0,0x0,0x0,0x0,0x0,0x0,0x0,0x0,0x0,0x0,0x0,0x0,0x0,0x0,0x0,0x0,0x0,0x0,0x0,0x0,0x0,0x0,0x0,0x4,0x68,0x67,0x25,0x26,0xa2,0x32,0x0,0x4,0x58,0xcf,0x79,0x39,0x12,0xde,0x0,2,1,26
2023-10-21 14:36:18.059569,2023-10-21 14:36:18.287242,260567699122024,0x68,0x67,0x25,0x25,0xfc,0xec,0x0,0x0,0x0,0x0,0x0,0x0,0x0,0x0,0x0,0x0,0x0,0x0,0x0,0x0,0x0,0x0,0x0,0x0,0x4,0x60,0x55,0xf9,0xd9,0x2e,0x78,0x0,0x4,0x58,0xcf,0x79,0x38,0xe0,0xac,0x0,0x4,0x68,0x67,0x25,0x22,0xb5,0x44,0x0,0x4,0x68,0x67,0x25,0x22,0xb8,0x10,0x0,2,1,26
2023-10-21 14:36:18.059569,2023-10-21 14:36:18.287242,71331764359000,0x58,0xcf,0x79,0x38,0xe0,0x40,0x0,0x0,0x0,0x0,0x0,0x0,0x0,0x0,0x0,0x0,0x0,0x0,0x0,0x0,0x0,0x0,0x0,0x0,0x4,0x68,0x67,0x25,0x23,0x87,0x36,0x0,0x4,0x68,0x67,0x25,0x25,0xe9,0x26,0x0,0x4,0x68,0x67,0x25,0x25,0xe5,0x8,0x0,0x4,0x68,0x67,0x25,0x22,0xb2,0x96,0x0,2,1,26
2023-10-21 14:36:18.059569,2023-10-21 14:36:18.287242,88554242140008,0x68,0x67,0x25,0x24,0x8a,0x50,0x0,0x0,0x0,0x0,0x0,0x0,0x0,0x0,0x0,0x0,0x0,0x0,0x0,0x0,0x0,0x0,0x0,0x0,0x0,0x0,0x0,0x0,0x0,0x0,0x0,0x0,0x4,0x58,0xcf,0x79,0x38,0xe7,0x72,0x0,0x58,0xcf,0x79,0x38,0xe2,0x6e,0x0,0x0,0x0,0x0,0x0,0x0,0x0,0x0,0x0,0x0,2,1,26
2023-10-21 14:36:18.059569,2023-10-21 14:36:18.287242,190079020158808,0x58,0xcf,0x79,0x38,0xe0,0xac,0x0,0x0,0x0,0x0,0x0,0x0,0x0,0x0,0x0,0x0,0x0,0x0,0x0,0x0,0x0,0x0,0x0,0x0,0x4,0x68,0x67,0x25,0x25,0xfc,0xec,0x0,0x4,0x68,0x67,0x25,0x22,0xf5,0x8c,0x0,0x4,0x58,0xcf,0x79,0x38,0xdf,0xa6,0x0,0x4,0x68,0x67,0x25,0x25,0xe5,0x8,0x0,2,1,26
2023-10-21 14:36:18.059569,2023-10-21 14:36:18.287242,18383032903528,0x68,0x67,0x25,0x22,0xb8,0x10,0x0,0x0,0x0,0x0,0x0,0x0,0x0,0x0,0x0,0x0,0x0,0x0,0x0,0x0,0x0,0x0,0x0,0x0,0x0,0x0,0x0,0x0,0x0,0x0,0x0,0x0,0x4,0x68,0x67,0x25,0x25,0xe5,0x8,0x0,0x4,0x68,0x67,0x25,0x25,0xfc,0xec,0x0,0x4,0x68,0x67,0x25,0x23,0x87,0x36,0x0,2,1,26
2023-10-21 14:36:18.059569,2023-10-21 14:36:18.287242,55672006076264,0x68,0x67,0x25,0x26,0xa2,0x32,0x0,0x0,0x0,0x0,0x0,0x0,0x0,0x0,0x0,0x0,0x0,0x0,0x0,0x0,0x0,0x0,0x0,0x0,0x0,0x0,0x0,0x0,0x0,0x0,0x0,0x0,0x0,0x0,0x0,0x0,0x0,0x0,0x0,0x0,0x4,0x68,0x67,0x25,0x23,0xa6,0x46,0x0,0x4,0x58,0xcf,0x79,0x38,0xf8,0x60,0x0,2,1,26
2023-10-21 14:36:18.059569,2023-10-21 14:36:18.287242,42782792443752,0x68,0x67,0x25,0x25,0xe9,0x26,0x0,0x0,0x0,0x0,0x0,0x0,0x0,0x0,0x0,0x0,0x0,0x0,0x0,0x0,0x0,0x0,0x0,0x0,0x4,0x58,0xcf,0x79,0x38,0xe0,0x40,0x0,0x0,0x0,0x0,0x0,0x0,0x0,0x0,0x0,0x4,0x58,0xcf,0x79,0x38,0xdf,0x6e,0x0,0x4,0x68,0x67,0x25,0x26,0x1,0xda,0x0,2,1,26
2023-10-21 14:36:18.059569,2023-10-21 14:36:18.287242,183477655424856,0x58,0xcf,0x79,0x38,0xdf,0xa6,0x0,0x0,0x0,0x0,0x0,0x0,0x0,0x0,0x0,0x0,0x0,0x0,0x0,0x0,0x0,0x0,0x0,0x0,0x4,0x68,0x67,0x25,0x22,0xb5,0x44,0x0,0x4,0x68,0x67,0x25,0x26,0x7f,0x98,0x0,0x0,0x0,0x0,0x0,0x0,0x0,0x0,0x0,0x4,0x58,0xcf,0x79,0x38,0xe0,0xac,0x0,2,1,26
2023-10-21 14:36:18.059569,2023-10-21 14:36:18.287242,132142620824928,0x60,0x55,0xf9,0xd9,0x2e,0x78,0x0,0x0,0x0,0x0,0x0,0x0,0x0,0x0,0x0,0x0,0x0,0x0,0x0,0x0,0x0,0x0,0x0,0x0,0x0,0x0,0x0,0x0,0x0,0x0,0x0,0x0,0x4,0x68,0x67,0x25,0x25,0xfc,0xec,0x0,0x0,0x0,0x0,0x0,0x0,0x0,0x0,0x0,0x0,0x0,0x0,0x0,0x0,0x0,0x0,0x0,2,1,26
2023-10-21 14:36:18.059569,2023-10-21 14:36:18.287242,9780263741288,0x68,0x67,0x25,0x25,0xe5,0x8,0x0,0x0,0x0,0x0,0x0,0x0,0x0,0x0,0x0,0x0,0x0,0x0,0x0,0x0,0x0,0x0,0x0,0x0,0x4,0x68,0x67,0x25,0x22,0xb8,0x10,0x0,0x4,0x58,0xcf,0x79,0x38,0xdf,0x6e,0x0,0x4,0x58,0xcf,0x79,0x38,0xe0,0xac,0x0,0x4,0x58,0xcf,0x79,0x38,0xe0,0x40,0x0,2,1,26
2023-10-21 14:36:18.059569,2023-10-21 14:36:18.287242,126337410518872,0x58,0xcf,0x79,0x38,0xe7,0x72,0x0,0x0,0x0,0x0,0x0,0x0,0x0,0x0,0x0,0x0,0x0,0x0,0x0,0x0,0x0,0x0,0x0,0x0,0x4,0x68,0x67,0x25,0x24,0x8a,0x50,0x0,0x0,0x0,0x0,0x0,0x0,0x0,0x0,0x0,0x4,0x68,0x67,0x25,0x22,0xb2,0x96,0x0,0x4,0x68,0x67,0x25,0x22,0xa7,0x50,0x0,2,1,26
2023-10-21 14:36:18.059569,2023-10-21 14:36:18.287242,40300318123880,0x68,0x67,0x25,0x26,0xa7,0x24,0x0,0x0,0x0,0x0,0x0,0x0,0x0,0x0,0x0,0x0,0x0,0x0,0x0,0x0,0x0,0x0,0x0,0x0,0x4,0x68,0x67,0x26,0x26,0xa7,0x24,0x0,0x0,0x0,0x0,0x0,0x0,0x0,0x0,0x0,0x4,0x58,0xcf,0x79,0x39,0x12,0xde,0x0,0x4,0x68,0x67,0x25,0x26,0x1,0x90,0x0,2,1,26
2023-10-21 14:36:38.290869,2023-10-21 14:36:38.477099,77679368169320,0x68,0x67,0x25,0x23,0xa6,0x46,0x0,0x0,0x0,0x0,0x0,0x0,0x0,0x0,0x0,0x0,0x0,0x0,0x0,0x0,0x0,0x0,0x0,0x0,0x0,0x0,0x0,0x0,0x0,0x0,0x0,0x0,0x0,0x0,0x0,0x0,0x0,0x0,0x0,0x0,0x68,0x67,0x25,0x24,0x91,0xca,0x0,0x0,0x68,0x67,0x25,0x26,0xa2,0x32,0x0,0x0,3,1,26
2023-10-21 14:36:38.290869,2023-10-21 14:36:38.477099,88678762637160,0x68,0x67,0x25,0x22,0xa7,0x50,0x0,0x0,0x0,0x0,0x0,0x0,0x0,0x0,0x0,0x0,0x0,0x0,0x0,0x0,0x0,0x0,0x0,0x0,0x0,0x0,0x0,0x0,0x0,0x0,0x0,0x0,0x0,0x0,0x0,0x0,0x0,0x0,0x0,0x0,0x58,0xcf,0x79,0x38,0xe7,0x72,0x0,0x0,0x68,0x67,0x25,0x24,0x91,0xca,0x0,0x0,3,1,26
2023-10-21 14:36:38.290869,2023-10-21 14:36:38.477099,165691821221736,0x68,0x67,0x25,0x22,0xb2,0x96,0x0,0x0,0x0,0x0,0x0,0x0,0x0,0x0,0x0,0x0,0x0,0x0,0x0,0x0,0x0,0x0,0x0,0x0,0x58,0xcf,0x79,0x38,0xe2,0x6e,0x0,0x0,0x68,0x67,0x25,0x26,0x1,0xda,0x0,0x0,0x58,0xcf,0x79,0x38,0xe0,0x40,0x0,0x0,0x58,0xcf,0x79,0x38,0xe7,0x72,0x0,0x0,3,1,26
2023-10-21 14:36:38.290869,2023-10-21 14:36:38.477099,239698469807976,0x68,0x67,0x25,0x26,0x1,0xda,0x0,0x0,0x0,0x0,0x0,0x0,0x0,0x0,0x0,0x0,0x0,0x0,0x0,0x0,0x0,0x0,0x0,0x0,0x68,0x67,0x25,0x22,0xb2,0x96,0x0,0x0,0x0,0x0,0x0,0x0,0x0,0x0,0x0,0x0,0x68,0x67,0x25,0x25,0xe9,0x26,0x0,0x64,0x0,0x0,0x0,0x0,0x0,0x0,0x0,0x0,3,1,26
2023-10-21 14:36:38.290869,2023-10-21 14:36:38.477099,59954038138728,0x68,0x67,0x25,0x23,0x87,0x36,0x0,0x0,0x0,0x0,0x0,0x0,0x0,0x0,0x0,0x0,0x0,0x0,0x0,0x0,0x0,0x0,0x0,0x0,0x0,0x0,0x0,0x0,0x0,0x0,0x0,0x0,0x58,0xcf,0x79,0x38,0xe0,0x40,0x0,0x0,0x68,0x67,0x25,0x22,0xb8,0x10,0x0,0x0,0x58,0xcf,0x79,0x38,0xe2,0x6e,0x0,0x0,3,1,26
2023-10-21 14:36:38.290869,2023-10-21 14:36:38.477099,167671868254056,0x68,0x67,0x25,0x26,0x7f,0x98,0x0,0x0,0x0,0x0,0x0,0x0,0x0,0x0,0x0,0x0,0x0,0x0,0x0,0x0,0x0,0x0,0x0,0x0,0x58,0xcf,0x79,0x38,0xdf,0xa6,0x0,0x0,0x0,0x0,0x0,0x0,0x0,0x0,0x0,0x0,0x0,0x0,0x0,0x0,0x0,0x0,0x0,0x0,0x68,0x67,0x25,0x22,0xf5,0x8c,0x0,0x0,3,1,26
2023-10-21 14:36:38.290869,2023-10-21 14:36:38.477099,121917889171288,0x58,0xcf,0x79,0x38,0xe2,0x6e,0x0,0x0,0x0,0x0,0x0,0x0,0x0,0x0,0x0,0x0,0x0,0x0,0x0,0x0,0x0,0x0,0x0,0x0,0x0,0x0,0x0,0x0,0x0,0x0,0x0,0x0,0x68,0x67,0x25,0x22,0xb2,0x96,0x0,0x0,0x68,0x67,0x25,0x23,0x87,0x36,0x0,0x0,0x68,0x67,0x25,0x24,0x8a,0x50,0x0,0x0,3,1,26
2023-10-21 14:36:38.290869,2023-10-21 14:36:38.477099,222724725499752,0x68,0x67,0x25,0x24,0x91,0xca,0x0,0x0,0x0,0x0,0x0,0x0,0x0,0x0,0x0,0x0,0x0,0x0,0x0,0x0,0x0,0x0,0x0,0x0,0x0,0x0,0x0,0x0,0x0,0x0,0x0,0x0,0x0,0x0,0x0,0x0,0x0,0x0,0x0,0x0,0x68,0x67,0x25,0x22,0xa7,0x50,0x0,0x0,0x68,0x67,0x25,0x23,0xa6,0x46,0x0,0x0,3,1,26
2023-10-21 14:36:38.290869,2023-10-21 14:36:38.477099,154984467752808,0x68,0x67,0x25,0x22,0xf5,0x8c,0x0,0x0,0x0,0x0,0x0,0x0,0x0,0x0,0x0,0x0,0x0,0x0,0x0,0x0,0x0,0x0,0x0,0x0,0x58,0xcf,0x79,0x38,0xe0,0xac,0x0,0x0,0x0,0x0,0x0,0x0,0x0,0x0,0x0,0x0,0x68,0x67,0x25,0x26,0x7f,0x98,0x0,0x0,0x58,0xcf,0x79,0x38,0xdf,0x6e,0x0,0x0,3,1,26
2023-10-21 14:36:38.290869,2023-10-21 14:36:38.477099,121905004269400,0x58,0xcf,0x79,0x38,0xdf,0x6e,0x0,0x0,0x0,0x0,0x0,0x0,0x0,0x0,0x0,0x0,0x0,0x0,0x0,0x0,0x0,0x0,0x0,0x0,0x68,0x67,0x25,0x25,0xe5,0x8,0x0,0x0,0x0,0x0,0x0,0x0,0x0,0x0,0x0,0x0,0x68,0x67,0x25,0x22,0xf5,0x8c,0x0,0x0,0x68,0x67,0x25,0x25,0xe9,0x26,0x0,0x64,3,1,26
2023-10-21 14:36:38.290869,2023-10-21 14:36:38.477099,158334609352552,0x68,0x67,0x25,0x26,0x1,0x90,0x0,0x0,0x0,0x0,0x0,0x0,0x0,0x0,0x0,0x0,0x0,0x0,0x0,0x0,0x0,0x0,0x0,0x0,0x0,0x0,0x0,0x0,0x0,0x0,0x0,0x0,0x0,0x0,0x0,0x0,0x0,0x0,0x0,0x0,0x68,0x67,0x25,0x26,0xa7,0x24,0x0,0x0,0x0,0x0,0x0,0x0,0x0,0x0,0x0,0x0,3,1,26
2023-10-21 14:36:38.290869,2023-10-21 14:36:38.477099,75544752645992,0x68,0x67,0x25,0x22,0xb5,0x44,0x0,0x0,0x0,0x0,0x0,0x0,0x0,0x0,0x0,0x0,0x0,0x0,0x0,0x0,0x0,0x0,0x0,0x0,0x0,0x0,0x0,0x0,0x0,0x0,0x0,0x0,0x58,0xcf,0x79,0x38,0xdf,0xa6,0x0,0x0,0x0,0x0,0x0,0x0,0x0,0x0,0x0,0x0,0x68,0x67,0x25,0x25,0xfc,0xec,0x0,0x64,3,1,26
2023-10-21 14:36:38.290869,2023-10-21 14:36:38.477099,244169855061848,0x58,0xcf,0x79,0x39,0x12,0xde,0x0,0x0,0x0,0x0,0x0,0x0,0x0,0x0,0x0,0x0,0x0,0x0,0x0,0x0,0x0,0x0,0x0,0x0,0x0,0x0,0x0,0x0,0x0,0x0,0x0,0x0,0x0,0x0,0x0,0x0,0x0,0x0,0x0,0x0,0x58,0xcf,0x79,0x38,0xf8,0x60,0x0,0x0,0x68,0x67,0x25,0x26,0xa7,0x24,0x0,0x0,3,1,26
2023-10-21 14:36:38.290869,2023-10-21 14:36:38.477099,106619215662936,0x58,0xcf,0x79,0x38,0xf8,0x60,0x0,0x0,0x0,0x0,0x0,0x0,0x0,0x0,0x0,0x0,0x0,0x0,0x0,0x0,0x0,0x0,0x0,0x0,0x0,0x0,0x0,0x0,0x0,0x0,0x0,0x0,0x0,0x0,0x0,0x0,0x0,0x0,0x0,0x0,0x68,0x67,0x25,0x26,0xa2,0x32,0x0,0x0,0x58,0xcf,0x79,0x39,0x12,0xde,0x0,0x0,3,1,26
2023-10-21 14:36:38.290869,2023-10-21 14:36:38.477099,260567699122024,0x68,0x67,0x25,0x25,0xfc,0xec,0x0,0x0,0x0,0x0,0x0,0x0,0x0,0x0,0x0,0x0,0x0,0x0,0x0,0x0,0x0,0x0,0x0,0x0,0x60,0x55,0xf9,0xd9,0x2e,0x78,0x0,0x0,0x58,0xcf,0x79,0x38,0xe0,0xac,0x0,0x0,0x68,0x67,0x25,0x22,0xb5,0x44,0x0,0x0,0x68,0x67,0x25,0x22,0xb8,0x10,0x0,0x0,3,1,26
2023-10-21 14:36:38.290869,2023-10-21 14:36:38.477099,71331764359000,0x58,0xcf,0x79,0x38,0xe0,0x40,0x0,0x0,0x0,0x0,0x0,0x0,0x0,0x0,0x0,0x0,0x0,0x0,0x0,0x0,0x0,0x0,0x0,0x0,0x68,0x67,0x25,0x23,0x87,0x36,0x0,0x0,0x68,0x67,0x25,0x25,0xe9,0x26,0x0,0x0,0x68,0x67,0x25,0x25,0xe5,0x8,0x0,0x0,0x68,0x67,0x25,0x22,0xb2,0x96,0x0,0x0,3,1,26
2023-10-21 14:36:38.290869,2023-10-21 14:36:38.477099,88554242140008,0x68,0x67,0x25,0x24,0x8a,0x50,0x0,0x0,0x0,0x0,0x0,0x0,0x0,0x0,0x0,0x0,0x0,0x0,0x0,0x0,0x0,0x0,0x0,0x0,0x0,0x0,0x0,0x0,0x0,0x0,0x0,0x0,0x58,0xcf,0x79,0x38,0xe7,0x72,0x0,0x0,0x58,0xcf,0x79,0x38,0xe2,0x6e,0x0,0x0,0x0,0x0,0x0,0x0,0x0,0x0,0x0,0x0,3,1,26
2023-10-21 14:36:38.290869,2023-10-21 14:36:38.477099,190079020158808,0x58,0xcf,0x79,0x38,0xe0,0xac,0x0,0x0,0x0,0x0,0x0,0x0,0x0,0x0,0x0,0x0,0x0,0x0,0x0,0x0,0x0,0x0,0x0,0x0,0x68,0x67,0x25,0x25,0xfc,0xec,0x0,0x0,0x68,0x67,0x25,0x22,0xf5,0x8c,0x0,0x0,0x58,0xcf,0x79,0x38,0xdf,0xa6,0x0,0x0,0x68,0x67,0x25,0x25,0xe5,0x8,0x0,0x0,3,1,26
2023-10-21 14:36:38.290869,2023-10-21 14:36:38.477099,18383032903528,0x68,0x67,0x25,0x22,0xb8,0x10,0x0,0x0,0x0,0x0,0x0,0x0,0x0,0x0,0x0,0x0,0x0,0x0,0x0,0x0,0x0,0x0,0x0,0x0,0x0,0x0,0x0,0x0,0x0,0x0,0x0,0x0,0x68,0x67,0x25,0x25,0xe5,0x8,0x0,0x0,0x68,0x67,0x25,0x25,0xfc,0xec,0x0,0x0,0x68,0x67,0x25,0x23,0x87,0x36,0x0,0x0,3,1,26
2023-10-21 14:36:38.290869,2023-10-21 14:36:38.477099,55672006076264,0x68,0x67,0x25,0x26,0xa2,0x32,0x0,0x0,0x0,0x0,0x0,0x0,0x0,0x0,0x0,0x0,0x0,0x0,0x0,0x0,0x0,0x0,0x0,0x0,0x0,0x0,0x0,0x0,0x0,0x0,0x0,0x0,0x0,0x0,0x0,0x0,0x0,0x0,0x0,0x0,0x68,0x67,0x25,0x23,0xa6,0x46,0x0,0x0,0x58,0xcf,0x79,0x38,0xf8,0x60,0x0,0x0,3,1,26
2023-10-21 14:36:38.290869,2023-10-21 14:36:38.477099,42782792443752,0x68,0x67,0x25,0x25,0xe9,0x26,0x0,0x0,0x0,0x0,0x0,0x0,0x0,0x0,0x0,0x0,0x0,0x0,0x0,0x0,0x0,0x0,0x0,0x0,0x58,0xcf,0x79,0x38,0xe0,0x40,0x0,0x0,0x0,0x0,0x0,0x0,0x0,0x0,0x0,0x0,0x58,0xcf,0x79,0x38,0xdf,0x6e,0x0,0x0,0x68,0x67,0x25,0x26,0x1,0xda,0x0,0x0,3,1,26
2023-10-21 14:36:38.290869,2023-10-21 14:36:38.477099,183477655424856,0x58,0xcf,0x79,0x38,0xdf,0xa6,0x0,0x0,0x0,0x0,0x0,0x0,0x0,0x0,0x0,0x0,0x0,0x0,0x0,0x0,0x0,0x0,0x0,0x0,0x68,0x67,0x25,0x22,0xb5,0x44,0x0,0x0,0x68,0x67,0x25,0x26,0x7f,0x98,0x0,0x0,0x0,0x0,0x0,0x0,0x0,0x0,0x0,0x0,0x58,0xcf,0x79,0x38,0xe0,0xac,0x0,0x0,3,1,26
2023-10-21 14:36:38.290869,2023-10-21 14:36:38.477099,132142620824928,0x60,0x55,0xf9,0xd9,0x2e,0x78,0x0,0x0,0x0,0x0,0x0,0x0,0x0,0x0,0x0,0x0,0x0,0x0,0x0,0x0,0x0,0x0,0x0,0x0,0x0,0x0,0x0,0x0,0x0,0x0,0x0,0x0,0x68,0x67,0x25,0x25,0xfc,0xec,0x0,0x0,0x0,0x0,0x0,0x0,0x0,0x0,0x0,0x0,0x0,0x0,0x0,0x0,0x0,0x0,0x0,0x0,3,1,26
2023-10-21 14:36:38.290869,2023-10-21 14:36:38.477099,9780263741288,0x68,0x67,0x25,0x25,0xe5,0x8,0x0,0x0,0x0,0x0,0x0,0x0,0x0,0x0,0x0,0x0,0x0,0x0,0x0,0x0,0x0,0x0,0x0,0x0,0x68,0x67,0x25,0x22,0xb8,0x10,0x0,0x0,0x58,0xcf,0x79,0x38,0xdf,0x6e,0x0,0x0,0x58,0xcf,0x79,0x38,0xe0,0xac,0x0,0x0,0x58,0xcf,0x79,0x38,0xe0,0x40,0x0,0x0,3,1,26
2023-10-21 14:36:38.290869,2023-10-21 14:36:38.477099,126337410518872,0x58,0xcf,0x79,0x38,0xe7,0x72,0x0,0x0,0x0,0x0,0x0,0x0,0x0,0x0,0x0,0x0,0x0,0x0,0x0,0x0,0x0,0x0,0x0,0x0,0x68,0x67,0x25,0x24,0x8a,0x50,0x0,0x0,0x0,0x0,0x0,0x0,0x0,0x0,0x0,0x0,0x68,0x67,0x25,0x22,0xb2,0x96,0x0,0x0,0x68,0x67,0x25,0x22,0xa7,0x50,0x0,0x0,3,1,26
2023-10-21 14:36:38.290869,2023-10-21 14:36:38.477099,40300318123880,0x68,0x67,0x25,0x26,0xa7,0x24,0x0,0x0,0x0,0x0,0x0,0x0,0x0,0x0,0x0,0x0,0x0,0x0,0x0,0x0,0x0,0x0,0x0,0x0,0x68,0x67,0x25,0x26,0xa8,0x25,0x0,0x0,0x0,0x0,0x0,0x0,0x0,0x0,0x0,0x0,0x58,0xcf,0x79,0x39,0x12,0xde,0x0,0x0,0x68,0x67,0x25,0x26,0x1,0x90,0x0,0x0,3,1,26
2023-10-21 14:36:58.478901,2023-10-21 14:36:58.680620,77679368169320,0x68,0x67,0x25,0x23,0xa6,0x46,0x0,0x0,0x0,0x0,0x0,0x0,0x0,0x0,0x0,0x0,0x0,0x0,0x0,0x0,0x0,0x0,0x0,0x0,0x0,0x0,0x0,0x0,0x0,0x0,0x0,0x0,0x0,0x0,0x0,0x0,0x0,0x0,0x0,0x0,0x68,0x67,0x25,0x24,0x91,0xca,0x0,0x0,0x68,0x67,0x25,0x26,0xa2,0x32,0x0,0x0,4,1,26
2023-10-21 14:36:58.478901,2023-10-21 14:36:58.680620,88678762637160,0x68,0x67,0x25,0x22,0xa7,0x50,0x0,0x0,0x0,0x0,0x0,0x0,0x0,0x0,0x0,0x0,0x0,0x0,0x0,0x0,0x0,0x0,0x0,0x0,0x0,0x0,0x0,0x0,0x0,0x0,0x0,0x0,0x0,0x0,0x0,0x0,0x0,0x0,0x0,0x0,0x58,0xcf,0x79,0x38,0xe7,0x72,0x0,0x0,0x68,0x67,0x25,0x24,0x91,0xca,0x0,0x0,4,1,26
2023-10-21 14:36:58.478901,2023-10-21 14:36:58.680620,165691821221736,0x68,0x67,0x25,0x22,0xb2,0x96,0x0,0x0,0x0,0x0,0x0,0x0,0x0,0x0,0x0,0x0,0x0,0x0,0x0,0x0,0x0,0x0,0x0,0x0,0x58,0xcf,0x79,0x38,0xe2,0x6e,0x0,0x0,0x68,0x67,0x25,0x26,0x1,0xda,0x0,0x0,0x58,0xcf,0x79,0x38,0xe0,0x40,0x0,0x0,0x58,0xcf,0x79,0x38,0xe7,0x72,0x0,0x0,4,1,26
2023-10-21 14:36:58.478901,2023-10-21 14:36:58.680620,239698469807976,0x68,0x67,0x25,0x26,0x1,0xda,0x0,0x0,0x0,0x0,0x0,0x0,0x0,0x0,0x0,0x0,0x0,0x0,0x0,0x0,0x0,0x0,0x0,0x0,0x68,0x67,0x25,0x22,0xb2,0x96,0x0,0x0,0x0,0x0,0x0,0x0,0x0,0x0,0x0,0x0,0x68,0x67,0x25,0x25,0xe9,0x26,0x0,0x0,0x0,0x0,0x0,0x0,0x0,0x0,0x0,0x0,4,1,26
2023-10-21 14:36:58.478901,2023-10-21 14:36:58.680620,59954038138728,0x68,0x67,0x25,0x23,0x87,0x36,0x0,0x0,0x0,0x0,0x0,0x0,0x0,0x0,0x0,0x0,0x0,0x0,0x0,0x0,0x0,0x0,0x0,0x0,0x0,0x0,0x0,0x0,0x0,0x0,0x0,0x0,0x58,0xcf,0x79,0x38,0xe0,0x40,0x0,0x0,0x68,0x67,0x25,0x22,0xb8,0x10,0x0,0x0,0x58,0xcf,0x79,0x38,0xe2,0x6e,0x0,0x0,4,1,26
2023-10-21 14:36:58.478901,2023-10-21 14:36:58.680620,167671868254056,0x68,0x67,0x25,0x26,0x7f,0x98,0x0,0x0,0x0,0x0,0x0,0x0,0x0,0x0,0x0,0x0,0x0,0x0,0x0,0x0,0x0,0x0,0x0,0x0,0x58,0xcf,0x79,0x38,0xdf,0xa6,0x0,0x0,0x0,0x0,0x0,0x0,0x0,0x0,0x0,0x0,0x0,0x0,0x0,0x0,0x0,0x0,0x0,0x0,0x68,0x67,0x25,0x22,0xf5,0x8c,0x0,0x0,4,1,26
2023-10-21 14:36:58.478901,2023-10-21 14:36:58.680620,121917889171288,0x58,0xcf,0x79,0x38,0xe2,0x6e,0x0,0x0,0x0,0x0,0x0,0x0,0x0,0x0,0x0,0x0,0x0,0x0,0x0,0x0,0x0,0x0,0x0,0x0,0x0,0x0,0x0,0x0,0x0,0x0,0x0,0x0,0x68,0x67,0x25,0x22,0xb2,0x96,0x0,0x0,0x68,0x67,0x25,0x23,0x87,0x36,0x0,0x0,0x68,0x67,0x25,0x24,0x8a,0x50,0x0,0x0,4,1,26
2023-10-21 14:36:58.478901,2023-10-21 14:36:58.680620,222724725499752,0x68,0x67,0x25,0x24,0x91,0xca,0x0,0x0,0x0,0x0,0x0,0x0,0x0,0x0,0x0,0x0,0x0,0x0,0x0,0x0,0x0,0x0,0x0,0x0,0x0,0x0,0x0,0x0,0x0,0x0,0x0,0x0,0x0,0x0,0x0,0x0,0x0,0x0,0x0,0x0,0x68,0x67,0x25,0x22,0xa7,0x50,0x0,0x0,0x68,0x67,0x25,0x23,0xa6,0x46,0x0,0x0,4,1,26
2023-10-21 14:36:58.478901,2023-10-21 14:36:58.680620,154984467752808,0x68,0x67,0x25,0x22,0xf5,0x8c,0x0,0x0,0x0,0x0,0x0,0x0,0x0,0x0,0x0,0x0,0x0,0x0,0x0,0x0,0x0,0x0,0x0,0x0,0x58,0xcf,0x79,0x38,0xe0,0xac,0x0,0x0,0x0,0x0,0x0,0x0,0x0,0x0,0x0,0x0,0x68,0x67,0x25,0x26,0x7f,0x98,0x0,0x0,0x58,0xcf,0x79,0x38,0xdf,0x6e,0x0,0x0,4,1,26
2023-10-21 14:36:58.478901,2023-10-21 14:36:58.680620,121905004269400,0x58,0xcf,0x79,0x38,0xdf,0x6e,0x0,0x0,0x0,0x0,0x0,0x0,0x0,0x0,0x0,0x0,0x0,0x0,0x0,0x0,0x0,0x0,0x0,0x0,0x68,0x67,0x25,0x25,0xe5,0x8,0x0,0x0,0x0,0x0,0x0,0x0,0x0,0x0,0x0,0x0,0x68,0x67,0x25,0x22,0xf5,0x8c,0x0,0x0,0x68,0x67,0x25,0x25,0xe9,0x26,0x0,0x0,4,1,26
2023-10-21 14:36:58.478901,2023-10-21 14:36:58.680620,158334609352552,0x68,0x67,0x25,0x26,0x1,0x90,0x0,0x0,0x0,0x0,0x0,0x0,0x0,0x0,0x0,0x0,0x0,0x0,0x0,0x0,0x0,0x0,0x0,0x0,0x0,0x0,0x0,0x0,0x0,0x0,0x0,0x0,0x0,0x0,0x0,0x0,0x0,0x0,0x0,0x0,0x68,0x67,0x25,0x26,0xa7,0x24,0x0,0x0,0x0,0x0,0x0,0x0,0x0,0x0,0x0,0x0,4,1,26
2023-10-21 14:36:58.478901,2023-10-21 14:36:58.680620,75544752645992,0x68,0x67,0x25,0x22,0xb5,0x44,0x0,0x0,0x0,0x0,0x0,0x0,0x0,0x0,0x0,0x0,0x0,0x0,0x0,0x0,0x0,0x0,0x0,0x0,0x0,0x0,0x0,0x0,0x0,0x0,0x0,0x0,0x58,0xcf,0x79,0x38,0xdf,0xa6,0x0,0x0,0x0,0x0,0x0,0x0,0x0,0x0,0x0,0x0,0x68,0x67,0x25,0x25,0xfc,0xec,0x0,0x0,4,1,26
2023-10-21 14:36:58.478901,2023-10-21 14:36:58.680620,244169855061848,0x58,0xcf,0x79,0x39,0x12,0xde,0x0,0x0,0x0,0x0,0x0,0x0,0x0,0x0,0x0,0x0,0x0,0x0,0x0,0x0,0x0,0x0,0x0,0x0,0x0,0x0,0x0,0x0,0x0,0x0,0x0,0x0,0x0,0x0,0x0,0x0,0x0,0x0,0x0,0x0,0x58,0xcf,0x79,0x38,0xf8,0x60,0x0,0x0,0x68,0x67,0x25,0x26,0xa7,0x24,0x0,0x0,4,1,26
2023-10-21 14:36:58.478901,2023-10-21 14:36:58.680620,106619215662936,0x58,0xcf,0x79,0x38,0xf8,0x60,0x0,0x0,0x0,0x0,0x0,0x0,0x0,0x0,0x0,0x0,0x0,0x0,0x0,0x0,0x0,0x0,0x0,0x0,0x0,0x0,0x0,0x0,0x0,0x0,0x0,0x0,0x0,0x0,0x0,0x0,0x0,0x0,0x0,0x0,0x68,0x67,0x25,0x26,0xa2,0x32,0x0,0x0,0x58,0xcf,0x79,0x39,0x12,0xde,0x0,0x0,4,1,26
2023-10-21 14:36:58.478901,2023-10-21 14:36:58.680620,260567699122024,0x68,0x67,0x25,0x25,0xfc,0xec,0x0,0x0,0x0,0x0,0x0,0x0,0x0,0x0,0x0,0x0,0x0,0x0,0x0,0x0,0x0,0x0,0x0,0x0,0x60,0x55,0xf9,0xd9,0x2e,0x78,0x0,0x0,0x58,0xcf,0x79,0x38,0xe0,0xac,0x0,0x0,0x68,0x67,0x25,0x22,0xb5,0x44,0x0,0x0,0x68,0x67,0x25,0x22,0xb8,0x10,0x0,0x0,4,1,26
2023-10-21 14:36:58.478901,2023-10-21 14:36:58.680620,71331764359000,0x58,0xcf,0x79,0x38,0xe0,0x40,0x0,0x0,0x0,0x0,0x0,0x0,0x0,0x0,0x0,0x0,0x0,0x0,0x0,0x0,0x0,0x0,0x0,0x0,0x68,0x67,0x25,0x23,0x87,0x36,0x0,0x0,0x68,0x67,0x25,0x25,0xe9,0x26,0x0,0x0,0x68,0x67,0x25,0x25,0xe5,0x8,0x0,0x0,0x68,0x67,0x25,0x22,0xb2,0x96,0x0,0x0,4,1,26
2023-10-21 14:36:58.478901,2023-10-21 14:36:58.680620,88554242140008,0x68,0x67,0x25,0x24,0x8a,0x50,0x0,0x0,0x0,0x0,0x0,0x0,0x0,0x0,0x0,0x0,0x0,0x0,0x0,0x0,0x0,0x0,0x0,0x0,0x0,0x0,0x0,0x0,0x0,0x0,0x0,0x0,0x58,0xcf,0x79,0x38,0xe7,0x72,0x0,0x0,0x58,0xcf,0x79,0x38,0xe2,0x6e,0x0,0x0,0x0,0x0,0x0,0x0,0x0,0x0,0x0,0x0,4,1,26
2023-10-21 14:36:58.478901,2023-10-21 14:36:58.680620,190079020158808,0x58,0xcf,0x79,0x38,0xe0,0xac,0x0,0x0,0x0,0x0,0x0,0x0,0x0,0x0,0x0,0x0,0x0,0x0,0x0,0x0,0x0,0x0,0x0,0x0,0x68,0x67,0x25,0x25,0xfc,0xec,0x0,0x0,0x68,0x67,0x25,0x22,0xf5,0x8c,0x0,0x0,0x58,0xcf,0x79,0x38,0xdf,0xa6,0x0,0x0,0x68,0x67,0x25,0x25,0xe5,0x8,0x0,0x0,4,1,26
2023-10-21 14:36:58.478901,2023-10-21 14:36:58.680620,18383032903528,0x68,0x67,0x25,0x22,0xb8,0x10,0x0,0x0,0x0,0x0,0x0,0x0,0x0,0x0,0x0,0x0,0x0,0x0,0x0,0x0,0x0,0x0,0x0,0x0,0x0,0x0,0x0,0x0,0x0,0x0,0x0,0x0,0x68,0x67,0x25,0x25,0xe5,0x8,0x0,0x0,0x68,0x67,0x25,0x25,0xfc,0xec,0x0,0x0,0x68,0x67,0x25,0x23,0x87,0x36,0x0,0x0,4,1,26
2023-10-21 14:36:58.478901,2023-10-21 14:36:58.680620,55672006076264,0x68,0x67,0x25,0x26,0xa2,0x32,0x0,0x0,0x0,0x0,0x0,0x0,0x0,0x0,0x0,0x0,0x0,0x0,0x0,0x0,0x0,0x0,0x0,0x0,0x0,0x0,0x0,0x0,0x0,0x0,0x0,0x0,0x0,0x0,0x0,0x0,0x0,0x0,0x0,0x0,0x68,0x67,0x25,0x23,0xa6,0x46,0x0,0x0,0x58,0xcf,0x79,0x38,0xf8,0x60,0x0,0x0,4,1,26
2023-10-21 14:36:58.478901,2023-10-21 14:36:58.680620,42782792443752,0x68,0x67,0x25,0x25,0xe9,0x26,0x0,0x0,0x0,0x0,0x0,0x0,0x0,0x0,0x0,0x0,0x0,0x0,0x0,0x0,0x0,0x0,0x0,0x0,0x58,0xcf,0x79,0x38,0xe0,0x40,0x0,0x0,0x0,0x0,0x0,0x0,0x0,0x0,0x0,0x0,0x58,0xcf,0x79,0x38,0xdf,0x6e,0x0,0x0,0x68,0x67,0x25,0x26,0x1,0xda,0x0,0x0,4,1,26
2023-10-21 14:36:58.478901,2023-10-21 14:36:58.680620,183477655424856,0x58,0xcf,0x79,0x38,0xdf,0xa6,0x0,0x0,0x0,0x0,0x0,0x0,0x0,0x0,0x0,0x0,0x0,0x0,0x0,0x0,0x0,0x0,0x0,0x0,0x68,0x67,0x25,0x22,0xb5,0x44,0x0,0x0,0x68,0x67,0x25,0x26,0x7f,0x98,0x0,0x0,0x0,0x0,0x0,0x0,0x0,0x0,0x0,0x0,0x58,0xcf,0x79,0x38,0xe0,0xac,0x0,0x0,4,1,26
2023-10-21 14:36:58.478901,2023-10-21 14:36:58.680620,132142620824928,0x60,0x55,0xf9,0xd9,0x2e,0x78,0x0,0x0,0x0,0x0,0x0,0x0,0x0,0x0,0x0,0x0,0x0,0x0,0x0,0x0,0x0,0x0,0x0,0x0,0x0,0x0,0x0,0x0,0x0,0x0,0x0,0x0,0x68,0x67,0x25,0x25,0xfc,0xec,0x0,0x0,0x0,0x0,0x0,0x0,0x0,0x0,0x0,0x0,0x0,0x0,0x0,0x0,0x0,0x0,0x0,0x0,4,1,26
2023-10-21 14:36:58.478901,2023-10-21 14:36:58.680620,9780263741288,0x68,0x67,0x25,0x25,0xe5,0x8,0x0,0x0,0x0,0x0,0x0,0x0,0x0,0x0,0x0,0x0,0x0,0x0,0x0,0x0,0x0,0x0,0x0,0x0,0x68,0x67,0x25,0x22,0xb8,0x10,0x0,0x0,0x58,0xcf,0x79,0x38,0xdf,0x6e,0x0,0x0,0x58,0xcf,0x79,0x38,0xe0,0xac,0x0,0x0,0x58,0xcf,0x79,0x38,0xe0,0x40,0x0,0x0,4,1,26
2023-10-21 14:36:58.478901,2023-10-21 14:36:58.680620,126337410518872,0x58,0xcf,0x79,0x38,0xe7,0x72,0x0,0x0,0x0,0x0,0x0,0x0,0x0,0x0,0x0,0x0,0x0,0x0,0x0,0x0,0x0,0x0,0x0,0x0,0x68,0x67,0x25,0x24,0x8a,0x50,0x0,0x0,0x0,0x0,0x0,0x0,0x0,0x0,0x0,0x0,0x68,0x67,0x25,0x22,0xb2,0x96,0x0,0x0,0x68,0x67,0x25,0x22,0xa7,0x50,0x0,0x0,4,1,26
2023-10-21 14:36:58.478901,2023-10-21 14:36:58.680620,40300318123880,0x68,0x67,0x25,0x26,0xa7,0x24,0x0,0x0,0x0,0x0,0x0,0x0,0x0,0x0,0x0,0x0,0x0,0x0,0x0,0x0,0x0,0x0,0x0,0x0,0x68,0x67,0x25,0x26,0xa8,0x24,0x0,0x0,0x0,0x0,0x0,0x0,0x0,0x0,0x0,0x0,0x58,0xcf,0x79,0x39,0x12,0xde,0x0,0x0,0x68,0x67,0x25,0x26,0x1,0x90,0x0,0x0,4,1,26
2023-10-21 14:37:18.683864,2023-10-21 14:37:18.803606,77679368169320,0x68,0x67,0x25,0x23,0xa6,0x46,0x0,0x0,0x0,0x0,0x0,0x0,0x0,0x0,0x0,0x0,0x0,0x0,0x0,0x0,0x0,0x0,0x0,0x0,0x0,0x0,0x0,0x0,0x0,0x0,0x0,0x0,0x0,0x0,0x0,0x0,0x0,0x0,0x0,0x0,0x68,0x67,0x25,0x24,0x91,0xca,0x0,0x0,0x68,0x67,0x25,0x26,0xa2,0x32,0x0,0x0,5,1,26
2023-10-21 14:37:18.683864,2023-10-21 14:37:18.803606,88678762637160,0x68,0x67,0x25,0x22,0xa7,0x50,0x0,0x0,0x0,0x0,0x0,0x0,0x0,0x0,0x0,0x0,0x0,0x0,0x0,0x0,0x0,0x0,0x0,0x0,0x0,0x0,0x0,0x0,0x0,0x0,0x0,0x0,0x0,0x0,0x0,0x0,0x0,0x0,0x0,0x0,0x58,0xcf,0x79,0x38,0xe7,0x72,0x0,0x0,0x68,0x67,0x25,0x24,0x91,0xca,0x0,0x0,5,1,26
2023-10-21 14:37:18.683864,2023-10-21 14:37:18.803606,165691821221736,0x68,0x67,0x25,0x22,0xb2,0x96,0x0,0x0,0x0,0x0,0x0,0x0,0x0,0x0,0x0,0x0,0x0,0x0,0x0,0x0,0x0,0x0,0x0,0x0,0x58,0xcf,0x79,0x38,0xe2,0x6e,0x0,0x0,0x68,0x67,0x25,0x26,0x1,0xda,0x0,0x0,0x58,0xcf,0x79,0x38,0xe0,0x40,0x0,0x0,0x58,0xcf,0x79,0x38,0xe7,0x72,0x0,0x0,5,1,26
2023-10-21 14:37:18.683864,2023-10-21 14:37:18.803606,239698469807976,0x68,0x67,0x25,0x26,0x1,0xda,0x0,0x0,0x0,0x0,0x0,0x0,0x0,0x0,0x0,0x0,0x0,0x0,0x0,0x0,0x0,0x0,0x0,0x0,0x68,0x67,0x25,0x22,0xb2,0x96,0x0,0x0,0x0,0x0,0x0,0x0,0x0,0x0,0x0,0x0,0x68,0x67,0x25,0x25,0xe9,0x26,0x0,0x0,0x0,0x0,0x0,0x0,0x0,0x0,0x0,0x0,5,1,26
2023-10-21 14:37:18.683864,2023-10-21 14:37:18.803606,59954038138728,0x68,0x67,0x25,0x23,0x87,0x36,0x0,0x0,0x0,0x0,0x0,0x0,0x0,0x0,0x0,0x0,0x0,0x0,0x0,0x0,0x0,0x0,0x0,0x0,0x0,0x0,0x0,0x0,0x0,0x0,0x0,0x0,0x58,0xcf,0x79,0x38,0xe0,0x40,0x0,0x0,0x68,0x67,0x25,0x22,0xb8,0x10,0x0,0x0,0x58,0xcf,0x79,0x38,0xe2,0x6e,0x0,0x0,5,1,26
2023-10-21 14:37:18.683864,2023-10-21 14:37:18.803606,167671868254056,0x68,0x67,0x25,0x26,0x7f,0x98,0x0,0x0,0x0,0x0,0x0,0x0,0x0,0x0,0x0,0x0,0x0,0x0,0x0,0x0,0x0,0x0,0x0,0x0,0x58,0xcf,0x79,0x38,0xdf,0xa6,0x0,0x0,0x0,0x0,0x0,0x0,0x0,0x0,0x0,0x0,0x0,0x0,0x0,0x0,0x0,0x0,0x0,0x0,0x68,0x67,0x25,0x22,0xf5,0x8c,0x0,0x0,5,1,26
2023-10-21 14:37:18.683864,2023-10-21 14:37:18.803606,121917889171288,0x58,0xcf,0x79,0x38,0xe2,0x6e,0x0,0x0,0x0,0x0,0x0,0x0,0x0,0x0,0x0,0x0,0x0,0x0,0x0,0x0,0x0,0x0,0x0,0x0,0x0,0x0,0x0,0x0,0x0,0x0,0x0,0x0,0x68,0x67,0x25,0x22,0xb2,0x96,0x0,0x0,0x68,0x67,0x25,0x23,0x87,0x36,0x0,0x0,0x68,0x67,0x25,0x24,0x8a,0x50,0x0,0x0,5,1,26
2023-10-21 14:37:18.683864,2023-10-21 14:37:18.803606,222724725499752,0x68,0x67,0x25,0x24,0x91,0xca,0x0,0x0,0x0,0x0,0x0,0x0,0x0,0x0,0x0,0x0,0x0,0x0,0x0,0x0,0x0,0x0,0x0,0x0,0x0,0x0,0x0,0x0,0x0,0x0,0x0,0x0,0x0,0x0,0x0,0x0,0x0,0x0,0x0,0x0,0x68,0x67,0x25,0x22,0xa7,0x50,0x0,0x0,0x68,0x67,0x25,0x23,0xa6,0x46,0x0,0x0,5,1,26
2023-10-21 14:37:18.683864,2023-10-21 14:37:18.803606,154984467752808,0x68,0x67,0x25,0x22,0xf5,0x8c,0x0,0x0,0x0,0x0,0x0,0x0,0x0,0x0,0x0,0x0,0x0,0x0,0x0,0x0,0x0,0x0,0x0,0x0,0x58,0xcf,0x79,0x38,0xe0,0xac,0x0,0x0,0x0,0x0,0x0,0x0,0x0,0x0,0x0,0x0,0x68,0x67,0x25,0x26,0x7f,0x98,0x0,0x0,0x58,0xcf,0x79,0x38,0xdf,0x6e,0x0,0x0,5,1,26
2023-10-21 14:37:18.683864,2023-10-21 14:37:18.803606,121905004269400,0x58,0xcf,0x79,0x38,0xdf,0x6e,0x0,0x0,0x0,0x0,0x0,0x0,0x0,0x0,0x0,0x0,0x0,0x0,0x0,0x0,0x0,0x0,0x0,0x0,0x68,0x67,0x25,0x25,0xe5,0x8,0x0,0x0,0x0,0x0,0x0,0x0,0x0,0x0,0x0,0x0,0x68,0x67,0x25,0x22,0xf5,0x8c,0x0,0x0,0x68,0x67,0x25,0x25,0xe9,0x26,0x0,0x0,5,1,26
2023-10-21 14:37:18.683864,2023-10-21 14:37:18.803606,158334609352552,0x68,0x67,0x25,0x26,0x1,0x90,0x0,0x0,0x0,0x0,0x0,0x0,0x0,0x0,0x0,0x0,0x0,0x0,0x0,0x0,0x0,0x0,0x0,0x0,0x0,0x0,0x0,0x0,0x0,0x0,0x0,0x0,0x0,0x0,0x0,0x0,0x0,0x0,0x0,0x0,0x68,0x67,0x25,0x26,0xa7,0x24,0x0,0x0,0x0,0x0,0x0,0x0,0x0,0x0,0x0,0x0,5,1,26
2023-10-21 14:37:18.683864,2023-10-21 14:37:18.803606,75544752645992,0x68,0x67,0x25,0x22,0xb5,0x44,0x0,0x0,0x0,0x0,0x0,0x0,0x0,0x0,0x0,0x0,0x0,0x0,0x0,0x0,0x0,0x0,0x0,0x0,0x0,0x0,0x0,0x0,0x0,0x0,0x0,0x0,0x58,0xcf,0x79,0x38,0xdf,0xa6,0x0,0x0,0x0,0x0,0x0,0x0,0x0,0x0,0x0,0x0,0x68,0x67,0x25,0x25,0xfc,0xec,0x0,0x0,5,1,26
2023-10-21 14:37:18.683864,2023-10-21 14:37:18.803606,244169855061848,0x58,0xcf,0x79,0x39,0x12,0xde,0x0,0x0,0x0,0x0,0x0,0x0,0x0,0x0,0x0,0x0,0x0,0x0,0x0,0x0,0x0,0x0,0x0,0x0,0x0,0x0,0x0,0x0,0x0,0x0,0x0,0x0,0x0,0x0,0x0,0x0,0x0,0x0,0x0,0x0,0x58,0xcf,0x79,0x38,0xf8,0x60,0x0,0x0,0x68,0x67,0x25,0x26,0xa7,0x24,0x0,0x0,5,1,26
2023-10-21 14:37:18.683864,2023-10-21 14:37:18.803606,106619215662936,0x58,0xcf,0x79,0x38,0xf8,0x60,0x0,0x0,0x0,0x0,0x0,0x0,0x0,0x0,0x0,0x0,0x0,0x0,0x0,0x0,0x0,0x0,0x0,0x0,0x0,0x0,0x0,0x0,0x0,0x0,0x0,0x0,0x0,0x0,0x0,0x0,0x0,0x0,0x0,0x0,0x68,0x67,0x25,0x26,0xa2,0x32,0x0,0x0,0x58,0xcf,0x79,0x39,0x12,0xde,0x0,0x0,5,1,26
2023-10-21 14:37:18.683864,2023-10-21 14:37:18.803606,260567699122024,0x68,0x67,0x25,0x25,0xfc,0xec,0x0,0x0,0x0,0x0,0x0,0x0,0x0,0x0,0x0,0x0,0x0,0x0,0x0,0x0,0x0,0x0,0x0,0x0,0x60,0x55,0xf9,0xd9,0x2e,0x78,0x0,0x0,0x58,0xcf,0x79,0x38,0xe0,0xac,0x0,0x0,0x68,0x67,0x25,0x22,0xb5,0x44,0x0,0x0,0x68,0x67,0x25,0x22,0xb8,0x10,0x0,0x64,5,1,26
2023-10-21 14:37:18.683864,2023-10-21 14:37:18.803606,71331764359000,0x58,0xcf,0x79,0x38,0xe0,0x40,0x0,0x0,0x0,0x0,0x0,0x0,0x0,0x0,0x0,0x0,0x0,0x0,0x0,0x0,0x0,0x0,0x0,0x0,0x68,0x67,0x25,0x23,0x87,0x36,0x0,0x0,0x68,0x67,0x25,0x25,0xe9,0x26,0x0,0x0,0x68,0x67,0x25,0x25,0xe5,0x8,0x0,0x0,0x68,0x67,0x25,0x22,0xb2,0x96,0x0,0x0,5,1,26
2023-10-21 14:37:18.683864,2023-10-21 14:37:18.803606,88554242140008,0x68,0x67,0x25,0x24,0x8a,0x50,0x0,0x0,0x0,0x0,0x0,0x0,0x0,0x0,0x0,0x0,0x0,0x0,0x0,0x0,0x0,0x0,0x0,0x0,0x0,0x0,0x0,0x0,0x0,0x0,0x0,0x0,0x58,0xcf,0x79,0x38,0xe7,0x72,0x0,0x0,0x58,0xcf,0x79,0x38,0xe2,0x6e,0x0,0x0,0x0,0x0,0x0,0x0,0x0,0x0,0x0,0x0,5,1,26
2023-10-21 14:37:18.683864,2023-10-21 14:37:18.803606,190079020158808,0x58,0xcf,0x79,0x38,0xe0,0xac,0x0,0x0,0x0,0x0,0x0,0x0,0x0,0x0,0x0,0x0,0x0,0x0,0x0,0x0,0x0,0x0,0x0,0x0,0x68,0x67,0x25,0x25,0xfc,0xec,0x0,0x0,0x68,0x67,0x25,0x22,0xf5,0x8c,0x0,0x0,0x58,0xcf,0x79,0x38,0xdf,0xa6,0x0,0x0,0x68,0x67,0x25,0x25,0xe5,0x8,0x0,0x0,5,1,26
2023-10-21 14:37:18.683864,2023-10-21 14:37:18.803606,18383032903528,0x68,0x67,0x25,0x22,0xb8,0x10,0x0,0x0,0x0,0x0,0x0,0x0,0x0,0x0,0x0,0x0,0x0,0x0,0x0,0x0,0x0,0x0,0x0,0x0,0x0,0x0,0x0,0x0,0x0,0x0,0x0,0x0,0x68,0x67,0x25,0x25,0xe5,0x8,0x0,0x0,0x68,0x67,0x25,0x25,0xfc,0xec,0x0,0x0,0x68,0x67,0x25,0x23,0x87,0x36,0x0,0x0,5,1,26
2023-10-21 14:37:18.683864,2023-10-21 14:37:18.803606,55672006076264,0x68,0x67,0x25,0x26,0xa2,0x32,0x0,0x0,0x0,0x0,0x0,0x0,0x0,0x0,0x0,0x0,0x0,0x0,0x0,0x0,0x0,0x0,0x0,0x0,0x0,0x0,0x0,0x0,0x0,0x0,0x0,0x0,0x0,0x0,0x0,0x0,0x0,0x0,0x0,0x0,0x68,0x67,0x25,0x23,0xa6,0x46,0x0,0x0,0x58,0xcf,0x79,0x38,0xf8,0x60,0x0,0x0,5,1,26
2023-10-21 14:37:18.683864,2023-10-21 14:37:18.803606,42782792443752,0x68,0x67,0x25,0x25,0xe9,0x26,0x0,0x0,0x0,0x0,0x0,0x0,0x0,0x0,0x0,0x0,0x0,0x0,0x0,0x0,0x0,0x0,0x0,0x0,0x58,0xcf,0x79,0x38,0xe0,0x40,0x0,0x64,0x0,0x0,0x0,0x0,0x0,0x0,0x0,0x0,0x58,0xcf,0x79,0x38,0xdf,0x6e,0x0,0x0,0x68,0x67,0x25,0x26,0x1,0xda,0x0,0x0,5,1,26
2023-10-21 14:37:18.683864,2023-10-21 14:37:18.803606,183477655424856,0x58,0xcf,0x79,0x38,0xdf,0xa6,0x0,0x0,0x0,0x0,0x0,0x0,0x0,0x0,0x0,0x0,0x0,0x0,0x0,0x0,0x0,0x0,0x0,0x0,0x68,0x67,0x25,0x22,0xb5,0x44,0x0,0x0,0x68,0x67,0x25,0x26,0x7f,0x98,0x0,0x0,0x0,0x0,0x0,0x0,0x0,0x0,0x0,0x0,0x58,0xcf,0x79,0x38,0xe0,0xac,0x0,0x0,5,1,26
2023-10-21 14:37:18.683864,2023-10-21 14:37:18.803606,132142620824928,0x60,0x55,0xf9,0xd9,0x2e,0x78,0x0,0x0,0x0,0x0,0x0,0x0,0x0,0x0,0x0,0x0,0x0,0x0,0x0,0x0,0x0,0x0,0x0,0x0,0x0,0x0,0x0,0x0,0x0,0x0,0x0,0x0,0x68,0x67,0x25,0x25,0xfc,0xec,0x0,0x0,0x0,0x0,0x0,0x0,0x0,0x0,0x0,0x0,0x0,0x0,0x0,0x0,0x0,0x0,0x0,0x0,5,1,26
2023-10-21 14:37:18.683864,2023-10-21 14:37:18.803606,9780263741288,0x68,0x67,0x25,0x25,0xe5,0x8,0x0,0x0,0x0,0x0,0x0,0x0,0x0,0x0,0x0,0x0,0x0,0x0,0x0,0x0,0x0,0x0,0x0,0x0,0x68,0x67,0x25,0x22,0xb8,0x10,0x0,0x0,0x58,0xcf,0x79,0x38,0xdf,0x6e,0x0,0x0,0x58,0xcf,0x79,0x38,0xe0,0xac,0x0,0x0,0x58,0xcf,0x79,0x38,0xe0,0x40,0x0,0x0,5,1,26
2023-10-21 14:37:18.683864,2023-10-21 14:37:18.803606,126337410518872,0x58,0xcf,0x79,0x38,0xe7,0x72,0x0,0x0,0x0,0x0,0x0,0x0,0x0,0x0,0x0,0x0,0x0,0x0,0x0,0x0,0x0,0x0,0x0,0x0,0x68,0x67,0x25,0x24,0x8a,0x50,0x0,0x0,0x0,0x0,0x0,0x0,0x0,0x0,0x0,0x0,0x68,0x67,0x25,0x22,0xb2,0x96,0x0,0x0,0x68,0x67,0x25,0x22,0xa7,0x50,0x0,0x0,5,1,26
2023-10-21 14:37:18.683864,2023-10-21 14:37:18.803606,40300318123880,0x68,0x67,0x25,0x26,0xa7,0x24,0x0,0x0,0x0,0x0,0x0,0x0,0x0,0x0,0x0,0x0,0x0,0x0,0x0,0x0,0x0,0x0,0x0,0x0,0x68,0x67,0x25,0x26,0xa7,0x24,0x0,0x0,0x0,0x0,0x0,0x0,0x0,0x0,0x0,0x0,0x58,0xcf,0x79,0x39,0x12,0xde,0x0,0x0,0x68,0x67,0x25,0x26,0x1,0x90,0x0,0x0,5,1,26
