2025-02-24 17:17:38.534001,2025-02-24 17:17:40.064498,176613923055464,0x68,0x67,0x25,0x22,0xa1,0xa0,0x0,0x0,0x0,0x0,0x0,0x0,0x0,0x0,0x0,0x0,0x0,0x0,0x0,0x0,0x0,0x0,0x0,0x0,0x0,0x0,0x0,0x0,0x0,0x0,0x0,0x0,0x68,0x67,0x25,0x25,0xe7,0x28,0x0,0x0,0x68,0x67,0x25,0x25,0xff,0x7e,0x0,0x0,0x0,0x0,0x0,0x0,0x0,0x0,0x0,0x0,0,20,20
2025-02-24 17:17:38.534001,2025-02-24 17:17:40.064498,46781390219112,0x68,0x67,0x25,0x24,0x8c,0x2a,0x0,0x0,0x0,0x0,0x0,0x0,0x0,0x0,0x0,0x0,0x0,0x0,0x0,0x0,0x0,0x0,0x0,0x0,0x0,0x0,0x0,0x0,0x0,0x0,0x0,0x0,0x68,0x67,0x25,0x24,0xbb,0x30,0x0,0x0,0x68,0x67,0x25,0x22,0xbb,0x26,0x0,0x0,0x68,0x67,0x25,0x26,0xa6,0xe6,0x0,0x0,0,20,20
2025-02-24 17:17:38.534001,2025-02-24 17:17:40.064498,242523297109344,0x60,0x55,0xf9,0xda,0x92,0xdc,0x0,0x0,0x0,0x0,0x0,0x0,0x0,0x0,0x0,0x0,0x0,0x0,0x0,0x0,0x0,0x0,0x0,0x0,0x0,0x0,0x0,0x0,0x0,0x0,0x0,0x0,0x58,0xcf,0x79,0x38,0xe1,0x70,0x0,0x0,0x0,0x0,0x0,0x0,0x0,0x0,0x0,0x0,0x0,0x0,0x0,0x0,0x0,0x0,0x0,0x0,0,20,20
2025-02-24 17:17:38.534001,2025-02-24 17:17:40.064498,253601278945128,0x68,0x67,0x25,0x26,0xa6,0xe6,0x0,0x0,0x0,0x0,0x0,0x0,0x0,0x0,0x0,0x0,0x0,0x0,0x0,0x0,0x0,0x0,0x0,0x0,0x0,0x0,0x0,0x0,0x0,0x0,0x0,0x0,0x68,0x67,0x25,0x22,0xae,0xe6,0x0,0x0,0x68,0x67,0x25,0x24,0x8c,0x2a,0x0,0x0,0x58,0xcf,0x79,0x38,0xe1,0x70,0x0,0x0,0,20,20
2025-02-24 17:17:38.534001,2025-02-24 17:17:40.064498,101828741649760,0x60,0x55,0xf9,0xd9,0x9c,0x5c,0x0,0x0,0x0,0x0,0x0,0x0,0x0,0x0,0x0,0x0,0x0,0x0,0x0,0x0,0x0,0x0,0x0,0x0,0x0,0x0,0x0,0x0,0x0,0x0,0x0,0x0,0x0,0x0,0x0,0x0,0x0,0x0,0x0,0x0,0x68,0x67,0x25,0x26,0x1,0xc8,0x0,0x0,0x68,0x67,0x25,0x25,0xff,0x7e,0x0,0x0,0,20,20
2025-02-24 17:17:38.534001,2025-02-24 17:17:40.064498,150238528890728,0x68,0x67,0x25,0x22,0xa4,0x88,0x0,0x0,0x0,0x0,0x0,0x0,0x0,0x0,0x0,0x0,0x0,0x0,0x0,0x0,0x0,0x0,0x0,0x0,0x68,0x67,0x25,0x22,0xb5,0x4c,0x0,0x0,0x68,0x67,0x25,0x25,0xee,0x8a,0x0,0x0,0x0,0x0,0x0,0x0,0x0,0x0,0x0,0x0,0x68,0x67,0x25,0x22,0xbb,0x26,0x0,0x0,0,20,20
2025-02-24 17:17:38.534001,2025-02-24 17:17:40.064498,42585173616488,0x68,0x67,0x25,0x22,0xbb,0x26,0x0,0x0,0x0,0x0,0x0,0x0,0x0,0x0,0x0,0x0,0x0,0x0,0x0,0x0,0x0,0x0,0x0,0x0,0x68,0x67,0x25,0x22,0xb0,0x5e,0x0,0x0,0x68,0x67,0x25,0x25,0xec,0x30,0x0,0x0,0x68,0x67,0x25,0x22,0xa4,0x88,0x0,0x0,0x68,0x67,0x25,0x24,0x8c,0x2a,0x0,0x0,0,20,20
2025-02-24 17:17:38.534001,2025-02-24 17:17:40.064498,192290928316248,0x58,0xcf,0x79,0x38,0xe3,0xae,0x0,0x0,0x0,0x0,0x0,0x0,0x0,0x0,0x0,0x0,0x0,0x0,0x0,0x0,0x0,0x0,0x0,0x0,0x58,0xcf,0x79,0x38,0xe1,0x70,0x0,0x0,0x0,0x0,0x0,0x0,0x0,0x0,0x0,0x0,0x68,0x67,0x25,0x22,0xae,0xe6,0x0,0x0,0x68,0x67,0x25,0x24,0x5c,0xa8,0x0,0x0,0,20,20
2025-02-24 17:17:38.534001,2025-02-24 17:17:40.064498,253635571574632,0x68,0x67,0x25,0x22,0xae,0xe6,0x0,0x0,0x0,0x0,0x0,0x0,0x0,0x0,0x0,0x0,0x0,0x0,0x0,0x0,0x0,0x0,0x0,0x0,0x68,0x67,0x25,0x26,0xa6,0xe6,0x0,0x0,0x0,0x0,0x0,0x0,0x0,0x0,0x0,0x0,0x68,0x67,0x25,0x24,0xbb,0x30,0x0,0x0,0x58,0xcf,0x79,0x38,0xe3,0xae,0x0,0x0,0,20,20
2025-02-24 17:17:38.534001,2025-02-24 17:17:40.064498,84340845668200,0x68,0x67,0x25,0x22,0xb5,0x4c,0x0,0x0,0x0,0x0,0x0,0x0,0x0,0x0,0x0,0x0,0x0,0x0,0x0,0x0,0x0,0x0,0x0,0x0,0x0,0x0,0x0,0x0,0x0,0x0,0x0,0x0,0x68,0x67,0x25,0x22,0xa4,0x88,0x0,0x0,0x0,0x0,0x0,0x0,0x0,0x0,0x0,0x0,0x68,0x67,0x25,0x22,0xb0,0x5e,0x0,0x0,0,20,20
2025-02-24 17:17:38.534001,2025-02-24 17:17:40.064498,219907260508008,0x68,0x67,0x25,0x26,0x1,0xc8,0x0,0x0,0x0,0x0,0x0,0x0,0x0,0x0,0x0,0x0,0x0,0x0,0x0,0x0,0x0,0x0,0x0,0x0,0x0,0x0,0x0,0x0,0x0,0x0,0x0,0x0,0x0,0x0,0x0,0x0,0x0,0x0,0x0,0x0,0x68,0x67,0x25,0x24,0x5c,0xa8,0x0,0x0,0x60,0x55,0xf9,0xd9,0x9c,0x5c,0x0,0x0,0,20,20
2025-02-24 17:17:38.534001,2025-02-24 17:17:40.064498,44973225764712,0x68,0x67,0x25,0x25,0xe7,0x28,0x0,0x0,0x0,0x0,0x0,0x0,0x0,0x0,0x0,0x0,0x0,0x0,0x0,0x0,0x0,0x0,0x0,0x0,0x68,0x67,0x25,0x22,0xa1,0xa0,0x0,0x0,0x0,0x0,0x0,0x0,0x0,0x0,0x0,0x0,0x68,0x67,0x25,0x25,0xeb,0x1c,0x0,0x0,0x0,0x0,0x0,0x0,0x0,0x0,0x0,0x0,0,20,20
2025-02-24 17:17:38.534001,2025-02-24 17:17:40.064498,104110580131688,0x68,0x67,0x25,0x22,0xb0,0x5e,0x0,0x0,0x0,0x0,0x0,0x0,0x0,0x0,0x0,0x0,0x0,0x0,0x0,0x0,0x0,0x0,0x0,0x0,0x0,0x0,0x0,0x0,0x0,0x0,0x0,0x0,0x68,0x67,0x25,0x22,0xbb,0x26,0x0,0x0,0x68,0x67,0x25,0x22,0xb5,0x4c,0x0,0x0,0x0,0x0,0x0,0x0,0x0,0x0,0x0,0x0,0,20,20
2025-02-24 17:17:38.534001,2025-02-24 17:17:40.064498,152755430057832,0x68,0x67,0x25,0x25,0xee,0x8a,0x0,0x0,0x0,0x0,0x0,0x0,0x0,0x0,0x0,0x0,0x0,0x0,0x0,0x0,0x0,0x0,0x0,0x0,0x68,0x67,0x25,0x22,0xa4,0x88,0x0,0x0,0x0,0x0,0x0,0x0,0x0,0x0,0x0,0x0,0x0,0x0,0x0,0x0,0x0,0x0,0x0,0x0,0x68,0x67,0x25,0x25,0xec,0x30,0x0,0x0,0,20,20
2025-02-24 17:17:38.534001,2025-02-24 17:17:40.064498,53790793623400,0x68,0x67,0x25,0x25,0xec,0x30,0x0,0x0,0x0,0x0,0x0,0x0,0x0,0x0,0x0,0x0,0x0,0x0,0x0,0x0,0x0,0x0,0x0,0x0,0x68,0x67,0x25,0x22,0xbb,0x26,0x0,0x0,0x0,0x0,0x0,0x0,0x0,0x0,0x0,0x0,0x68,0x67,0x25,0x25,0xee,0x8a,0x0,0x0,0x68,0x67,0x25,0x24,0xbb,0x30,0x0,0x0,0,20,20
2025-02-24 17:17:38.534001,2025-02-24 17:17:40.064498,139634304968552,0x68,0x67,0x25,0x25,0xff,0x7e,0x0,0x0,0x0,0x0,0x0,0x0,0x0,0x0,0x0,0x0,0x0,0x0,0x0,0x0,0x0,0x0,0x0,0x0,0x0,0x0,0x0,0x0,0x0,0x0,0x0,0x0,0x68,0x67,0x25,0x25,0xeb,0x1c,0x0,0x0,0x60,0x55,0xf9,0xd9,0x9c,0x5c,0x0,0x0,0x68,0x67,0x25,0x22,0xa1,0xa0,0x0,0x0,0,20,20
2025-02-24 17:17:38.534001,2025-02-24 17:17:40.064498,53580323448680,0x68,0x67,0x25,0x24,0xbb,0x30,0x0,0x0,0x0,0x0,0x0,0x0,0x0,0x0,0x0,0x0,0x0,0x0,0x0,0x0,0x0,0x0,0x0,0x0,0x68,0x67,0x25,0x24,0x8c,0x2a,0x0,0x0,0x0,0x0,0x0,0x0,0x0,0x0,0x0,0x0,0x68,0x67,0x25,0x25,0xec,0x30,0x0,0x0,0x68,0x67,0x25,0x22,0xae,0xe6,0x0,0x0,0,20,20
2025-02-24 17:17:38.534001,2025-02-24 17:17:40.064498,31796266100584,0x68,0x67,0x25,0x25,0xeb,0x1c,0x0,0x0,0x0,0x0,0x0,0x0,0x0,0x0,0x0,0x0,0x0,0x0,0x0,0x0,0x0,0x0,0x0,0x0,0x68,0x67,0x25,0x25,0xff,0x7e,0x0,0x0,0x0,0x0,0x0,0x0,0x0,0x0,0x0,0x0,0x0,0x0,0x0,0x0,0x0,0x0,0x0,0x0,0x68,0x67,0x25,0x25,0xe7,0x28,0x0,0x0,0,20,20
2025-02-24 17:17:38.534001,2025-02-24 17:17:40.064498,185113696888680,0x68,0x67,0x25,0x24,0x5c,0xa8,0x0,0x0,0x0,0x0,0x0,0x0,0x0,0x0,0x0,0x0,0x0,0x0,0x0,0x0,0x0,0x0,0x0,0x0,0x0,0x0,0x0,0x0,0x0,0x0,0x0,0x0,0x0,0x0,0x0,0x0,0x0,0x0,0x0,0x0,0x58,0xcf,0x79,0x38,0xe3,0xae,0x0,0x0,0x68,0x67,0x25,0x26,0x1,0xc8,0x0,0x0,0,20,20
2025-02-24 17:17:38.534001,2025-02-24 17:17:40.064498,124112617459544,0x58,0xcf,0x79,0x38,0xe1,0x70,0x0,0x0,0x0,0x0,0x0,0x0,0x0,0x0,0x0,0x0,0x0,0x0,0x0,0x0,0x0,0x0,0x0,0x0,0x60,0x55,0xf9,0xda,0x92,0xdc,0x0,0x0,0x58,0xcf,0x79,0x38,0xe3,0xae,0x0,0x0,0x68,0x67,0x25,0x26,0xa6,0xe6,0x0,0x0,0x0,0x0,0x0,0x0,0x0,0x0,0x0,0x0,0,20,20
2025-02-24 17:17:50.080845,2025-02-24 17:17:50.680698,176613923055464,0x68,0x67,0x25,0x22,0xa1,0xa0,0x0,0x0,0x0,0x0,0x0,0x0,0x0,0x0,0x0,0x0,0x0,0x0,0x0,0x0,0x0,0x0,0x0,0x0,0x0,0x0,0x0,0x0,0x0,0x0,0x0,0x0,0x68,0x67,0x25,0x25,0xe7,0x28,0x0,0x0,0x68,0x67,0x25,0x25,0xff,0x7e,0x0,0x0,0x0,0x0,0x0,0x0,0x0,0x0,0x0,0x0,1,20,20
2025-02-24 17:17:50.080845,2025-02-24 17:17:50.680698,46781390219112,0x68,0x67,0x25,0x24,0x8c,0x2a,0x0,0x0,0x0,0x0,0x0,0x0,0x0,0x0,0x0,0x0,0x0,0x0,0x0,0x0,0x0,0x0,0x0,0x0,0x0,0x0,0x0,0x0,0x0,0x0,0x0,0x0,0x68,0x67,0x25,0x24,0xbb,0x30,0x0,0x0,0x68,0x67,0x25,0x22,0xbb,0x26,0x0,0x0,0x68,0x67,0x25,0x26,0xa6,0xe6,0x0,0x0,1,20,20
2025-02-24 17:17:50.080845,2025-02-24 17:17:50.680698,242523297109344,0x60,0x55,0xf9,0xda,0x92,0xdc,0x0,0x0,0x0,0x0,0x0,0x0,0x0,0x0,0x0,0x0,0x0,0x0,0x0,0x0,0x0,0x0,0x0,0x0,0x0,0x0,0x0,0x0,0x0,0x0,0x0,0x0,0x58,0xcf,0x79,0x38,0xe1,0x70,0x0,0x0,0x0,0x0,0x0,0x0,0x0,0x0,0x0,0x0,0x0,0x0,0x0,0x0,0x0,0x0,0x0,0x0,1,20,20
2025-02-24 17:17:50.080845,2025-02-24 17:17:50.680698,253601278945128,0x68,0x67,0x25,0x26,0xa6,0xe6,0x0,0x0,0x0,0x0,0x0,0x0,0x0,0x0,0x0,0x0,0x0,0x0,0x0,0x0,0x0,0x0,0x0,0x0,0x0,0x0,0x0,0x0,0x0,0x0,0x0,0x0,0x68,0x67,0x25,0x22,0xae,0xe6,0x0,0x0,0x68,0x67,0x25,0x24,0x8c,0x2a,0x0,0x0,0x58,0xcf,0x79,0x38,0xe1,0x70,0x0,0x0,1,20,20
2025-02-24 17:17:50.080845,2025-02-24 17:17:50.680698,101828741649760,0x60,0x55,0xf9,0xd9,0x9c,0x5c,0x0,0x0,0x0,0x0,0x0,0x0,0x0,0x0,0x0,0x0,0x0,0x0,0x0,0x0,0x0,0x0,0x0,0x0,0x0,0x0,0x0,0x0,0x0,0x0,0x0,0x0,0x0,0x0,0x0,0x0,0x0,0x0,0x0,0x0,0x68,0x67,0x25,0x26,0x1,0xc8,0x0,0x0,0x68,0x67,0x25,0x25,0xff,0x7e,0x0,0x0,1,20,20
2025-02-24 17:17:50.080845,2025-02-24 17:17:50.680698,150238528890728,0x68,0x67,0x25,0x22,0xa4,0x88,0x0,0x0,0x0,0x0,0x0,0x0,0x0,0x0,0x0,0x0,0x0,0x0,0x0,0x0,0x0,0x0,0x0,0x0,0x68,0x67,0x25,0x22,0xb5,0x4c,0x0,0x0,0x68,0x67,0x25,0x25,0xee,0x8a,0x0,0x0,0x0,0x0,0x0,0x0,0x0,0x0,0x0,0x0,0x68,0x67,0x25,0x22,0xbb,0x26,0x0,0x0,1,20,20
2025-02-24 17:17:50.080845,2025-02-24 17:17:50.680698,42585173616488,0x68,0x67,0x25,0x22,0xbb,0x26,0x0,0x0,0x0,0x0,0x0,0x0,0x0,0x0,0x0,0x0,0x0,0x0,0x0,0x0,0x0,0x0,0x0,0x0,0x68,0x67,0x25,0x22,0xb0,0x5e,0x0,0x0,0x68,0x67,0x25,0x25,0xec,0x30,0x0,0x0,0x68,0x67,0x25,0x22,0xa4,0x88,0x0,0x0,0x68,0x67,0x25,0x24,0x8c,0x2a,0x0,0x0,1,20,20
2025-02-24 17:17:50.080845,2025-02-24 17:17:50.680698,192290928316248,0x58,0xcf,0x79,0x38,0xe3,0xae,0x0,0x0,0x0,0x0,0x0,0x0,0x0,0x0,0x0,0x0,0x0,0x0,0x0,0x0,0x0,0x0,0x0,0x0,0x58,0xcf,0x79,0x38,0xe1,0x70,0x0,0x0,0x0,0x0,0x0,0x0,0x0,0x0,0x0,0x0,0x68,0x67,0x25,0x22,0xae,0xe6,0x0,0x0,0x68,0x67,0x25,0x24,0x5c,0xa8,0x0,0x0,1,20,20
2025-02-24 17:17:50.080845,2025-02-24 17:17:50.680698,253635571574632,0x68,0x67,0x25,0x22,0xae,0xe6,0x0,0x0,0x0,0x0,0x0,0x0,0x0,0x0,0x0,0x0,0x0,0x0,0x0,0x0,0x0,0x0,0x0,0x0,0x68,0x67,0x25,0x26,0xa6,0xe6,0x0,0x0,0x0,0x0,0x0,0x0,0x0,0x0,0x0,0x0,0x68,0x67,0x25,0x24,0xbb,0x30,0x0,0x0,0x58,0xcf,0x79,0x38,0xe3,0xae,0x0,0x0,1,20,20
2025-02-24 17:17:50.080845,2025-02-24 17:17:50.680698,84340845668200,0x68,0x67,0x25,0x22,0xb5,0x4c,0x0,0x0,0x0,0x0,0x0,0x0,0x0,0x0,0x0,0x0,0x0,0x0,0x0,0x0,0x0,0x0,0x0,0x0,0x0,0x0,0x0,0x0,0x0,0x0,0x0,0x0,0x68,0x67,0x25,0x22,0xa4,0x88,0x0,0x0,0x0,0x0,0x0,0x0,0x0,0x0,0x0,0x0,0x68,0x67,0x25,0x22,0xb0,0x5e,0x0,0x0,1,20,20
2025-02-24 17:17:50.080845,2025-02-24 17:17:50.680698,219907260508008,0x68,0x67,0x25,0x26,0x1,0xc8,0x0,0x0,0x0,0x0,0x0,0x0,0x0,0x0,0x0,0x0,0x0,0x0,0x0,0x0,0x0,0x0,0x0,0x0,0x0,0x0,0x0,0x0,0x0,0x0,0x0,0x0,0x0,0x0,0x0,0x0,0x0,0x0,0x0,0x0,0x68,0x67,0x25,0x24,0x5c,0xa8,0x0,0x0,0x60,0x55,0xf9,0xd9,0x9c,0x5c,0x0,0x0,1,20,20
2025-02-24 17:17:50.080845,2025-02-24 17:17:50.680698,44973225764712,0x68,0x67,0x25,0x25,0xe7,0x28,0x0,0x0,0x0,0x0,0x0,0x0,0x0,0x0,0x0,0x0,0x0,0x0,0x0,0x0,0x0,0x0,0x0,0x0,0x68,0x67,0x25,0x22,0xa1,0xa0,0x0,0x0,0x0,0x0,0x0,0x0,0x0,0x0,0x0,0x0,0x68,0x67,0x25,0x25,0xeb,0x1c,0x0,0x0,0x0,0x0,0x0,0x0,0x0,0x0,0x0,0x0,1,20,20
2025-02-24 17:17:50.080845,2025-02-24 17:17:50.680698,104110580131688,0x68,0x67,0x25,0x22,0xb0,0x5e,0x0,0x0,0x0,0x0,0x0,0x0,0x0,0x0,0x0,0x0,0x0,0x0,0x0,0x0,0x0,0x0,0x0,0x0,0x0,0x0,0x0,0x0,0x0,0x0,0x0,0x0,0x68,0x67,0x25,0x22,0xbb,0x26,0x0,0x0,0x68,0x67,0x25,0x22,0xb5,0x4c,0x0,0x0,0x0,0x0,0x0,0x0,0x0,0x0,0x0,0x0,1,20,20
2025-02-24 17:17:50.080845,2025-02-24 17:17:50.680698,152755430057832,0x68,0x67,0x25,0x25,0xee,0x8a,0x0,0x0,0x0,0x0,0x0,0x0,0x0,0x0,0x0,0x0,0x0,0x0,0x0,0x0,0x0,0x0,0x0,0x0,0x68,0x67,0x25,0x22,0xa4,0x88,0x0,0x0,0x0,0x0,0x0,0x0,0x0,0x0,0x0,0x0,0x0,0x0,0x0,0x0,0x0,0x0,0x0,0x0,0x68,0x67,0x25,0x25,0xec,0x30,0x0,0x0,1,20,20
2025-02-24 17:17:50.080845,2025-02-24 17:17:50.680698,53790793623400,0x68,0x67,0x25,0x25,0xec,0x30,0x0,0x0,0x0,0x0,0x0,0x0,0x0,0x0,0x0,0x0,0x0,0x0,0x0,0x0,0x0,0x0,0x0,0x0,0x68,0x67,0x25,0x22,0xbb,0x26,0x0,0x0,0x0,0x0,0x0,0x0,0x0,0x0,0x0,0x0,0x68,0x67,0x25,0x25,0xee,0x8a,0x0,0x0,0x68,0x67,0x25,0x24,0xbb,0x30,0x0,0x0,1,20,20
2025-02-24 17:17:50.080845,2025-02-24 17:17:50.680698,139634304968552,0x68,0x67,0x25,0x25,0xff,0x7e,0x0,0x0,0x0,0x0,0x0,0x0,0x0,0x0,0x0,0x0,0x0,0x0,0x0,0x0,0x0,0x0,0x0,0x0,0x0,0x0,0x0,0x0,0x0,0x0,0x0,0x0,0x68,0x67,0x25,0x25,0xeb,0x1c,0x0,0x0,0x60,0x55,0xf9,0xd9,0x9c,0x5c,0x0,0x0,0x68,0x67,0x25,0x22,0xa1,0xa0,0x0,0x0,1,20,20
2025-02-24 17:17:50.080845,2025-02-24 17:17:50.680698,53580323448680,0x68,0x67,0x25,0x24,0xbb,0x30,0x0,0x0,0x0,0x0,0x0,0x0,0x0,0x0,0x0,0x0,0x0,0x0,0x0,0x0,0x0,0x0,0x0,0x0,0x68,0x67,0x25,0x24,0x8c,0x2a,0x0,0x0,0x0,0x0,0x0,0x0,0x0,0x0,0x0,0x0,0x68,0x67,0x25,0x25,0xec,0x30,0x0,0x0,0x68,0x67,0x25,0x22,0xae,0xe6,0x0,0x0,1,20,20
2025-02-24 17:17:50.080845,2025-02-24 17:17:50.680698,31796266100584,0x68,0x67,0x25,0x25,0xeb,0x1c,0x0,0x0,0x0,0x0,0x0,0x0,0x0,0x0,0x0,0x0,0x0,0x0,0x0,0x0,0x0,0x0,0x0,0x0,0x68,0x67,0x25,0x25,0xff,0x7e,0x0,0x0,0x0,0x0,0x0,0x0,0x0,0x0,0x0,0x0,0x0,0x0,0x0,0x0,0x0,0x0,0x0,0x0,0x68,0x67,0x25,0x25,0xe7,0x28,0x0,0x0,1,20,20
2025-02-24 17:17:50.080845,2025-02-24 17:17:50.680698,185113696888680,0x68,0x67,0x25,0x24,0x5c,0xa8,0x0,0x0,0x0,0x0,0x0,0x0,0x0,0x0,0x0,0x0,0x0,0x0,0x0,0x0,0x0,0x0,0x0,0x0,0x0,0x0,0x0,0x0,0x0,0x0,0x0,0x0,0x0,0x0,0x0,0x0,0x0,0x0,0x0,0x0,0x58,0xcf,0x79,0x38,0xe3,0xae,0x0,0x0,0x68,0x67,0x25,0x26,0x1,0xc8,0x0,0x0,1,20,20
2025-02-24 17:17:50.080845,2025-02-24 17:17:50.680698,124112617459544,0x58,0xcf,0x79,0x38,0xe1,0x70,0x0,0x0,0x0,0x0,0x0,0x0,0x0,0x0,0x0,0x0,0x0,0x0,0x0,0x0,0x0,0x0,0x0,0x0,0x60,0x55,0xf9,0xda,0x92,0xdc,0x0,0x0,0x58,0xcf,0x79,0x38,0xe3,0xae,0x0,0x0,0x68,0x67,0x25,0x26,0xa6,0xe6,0x0,0x0,0x0,0x0,0x0,0x0,0x0,0x0,0x0,0x0,1,20,20
2025-02-24 17:18:00.688493,2025-02-24 17:18:02.248244,176613923055464,0x68,0x67,0x25,0x22,0xa1,0xa0,0x0,0x0,0x0,0x0,0x0,0x0,0x0,0x0,0x0,0x0,0x0,0x0,0x0,0x0,0x0,0x0,0x0,0x0,0x0,0x0,0x0,0x0,0x0,0x0,0x0,0x0,0x68,0x67,0x25,0x25,0xe7,0x28,0x0,0x0,0x68,0x67,0x25,0x25,0xff,0x7e,0x0,0x0,0x0,0x0,0x0,0x0,0x0,0x0,0x0,0x0,2,20,20
2025-02-24 17:18:00.688493,2025-02-24 17:18:02.248244,46781390219112,0x68,0x67,0x25,0x24,0x8c,0x2a,0x0,0x0,0x0,0x0,0x0,0x0,0x0,0x0,0x0,0x0,0x0,0x0,0x0,0x0,0x0,0x0,0x0,0x0,0x0,0x0,0x0,0x0,0x0,0x0,0x0,0x0,0x68,0x67,0x25,0x24,0xbb,0x30,0x0,0x0,0x68,0x67,0x25,0x22,0xbb,0x26,0x0,0x0,0x68,0x67,0x25,0x26,0xa6,0xe6,0x0,0x0,2,20,20
2025-02-24 17:18:00.688493,2025-02-24 17:18:02.248244,242523297109344,0x60,0x55,0xf9,0xda,0x92,0xdc,0x0,0x0,0x0,0x0,0x0,0x0,0x0,0x0,0x0,0x0,0x0,0x0,0x0,0x0,0x0,0x0,0x0,0x0,0x0,0x0,0x0,0x0,0x0,0x0,0x0,0x0,0x58,0xcf,0x79,0x38,0xe1,0x70,0x0,0x0,0x0,0x0,0x0,0x0,0x0,0x0,0x0,0x0,0x0,0x0,0x0,0x0,0x0,0x0,0x0,0x0,2,20,20
2025-02-24 17:18:00.688493,2025-02-24 17:18:02.248244,253601278945128,0x68,0x67,0x25,0x26,0xa6,0xe6,0x0,0x0,0x0,0x0,0x0,0x0,0x0,0x0,0x0,0x0,0x0,0x0,0x0,0x0,0x0,0x0,0x0,0x0,0x0,0x0,0x0,0x0,0x0,0x0,0x0,0x0,0x68,0x67,0x25,0x22,0xae,0xe6,0x0,0x0,0x68,0x67,0x25,0x24,0x8c,0x2a,0x0,0x0,0x58,0xcf,0x79,0x38,0xe1,0x70,0x0,0x0,2,20,20
2025-02-24 17:18:00.688493,2025-02-24 17:18:02.248244,101828741649760,0x60,0x55,0xf9,0xd9,0x9c,0x5c,0x0,0x0,0x0,0x0,0x0,0x0,0x0,0x0,0x0,0x0,0x0,0x0,0x0,0x0,0x0,0x0,0x0,0x0,0x0,0x0,0x0,0x0,0x0,0x0,0x0,0x0,0x0,0x0,0x0,0x0,0x0,0x0,0x0,0x0,0x68,0x67,0x25,0x26,0x1,0xc8,0x0,0x0,0x68,0x67,0x25,0x25,0xff,0x7e,0x0,0x0,2,20,20
2025-02-24 17:18:00.688493,2025-02-24 17:18:02.248244,150238528890728,0x68,0x67,0x25,0x22,0xa4,0x88,0x0,0x0,0x0,0x0,0x0,0x0,0x0,0x0,0x0,0x0,0x0,0x0,0x0,0x0,0x0,0x0,0x0,0x0,0x68,0x67,0x25,0x22,0xb5,0x4c,0x0,0x0,0x68,0x67,0x25,0x25,0xee,0x8a,0x0,0x0,0x0,0x0,0x0,0x0,0x0,0x0,0x0,0x0,0x68,0x67,0x25,0x22,0xbb,0x26,0x0,0x0,2,20,20
2025-02-24 17:18:00.688493,2025-02-24 17:18:02.248244,42585173616488,0x68,0x67,0x25,0x22,0xbb,0x26,0x0,0x0,0x0,0x0,0x0,0x0,0x0,0x0,0x0,0x0,0x0,0x0,0x0,0x0,0x0,0x0,0x0,0x0,0x68,0x67,0x25,0x22,0xb0,0x5e,0x0,0x0,0x68,0x67,0x25,0x25,0xec,0x30,0x0,0x0,0x68,0x67,0x25,0x22,0xa4,0x88,0x0,0x0,0x68,0x67,0x25,0x24,0x8c,0x2a,0x0,0x0,2,20,20
2025-02-24 17:18:00.688493,2025-02-24 17:18:02.248244,192290928316248,0x58,0xcf,0x79,0x38,0xe3,0xae,0x0,0x0,0x0,0x0,0x0,0x0,0x0,0x0,0x0,0x0,0x0,0x0,0x0,0x0,0x0,0x0,0x0,0x0,0x58,0xcf,0x79,0x38,0xe1,0x70,0x0,0x0,0x0,0x0,0x0,0x0,0x0,0x0,0x0,0x0,0x68,0x67,0x25,0x22,0xae,0xe6,0x0,0x0,0x68,0x67,0x25,0x24,0x5c,0xa8,0x0,0x0,2,20,20
2025-02-24 17:18:00.688493,2025-02-24 17:18:02.248244,253635571574632,0x68,0x67,0x25,0x22,0xae,0xe6,0x0,0x0,0x0,0x0,0x0,0x0,0x0,0x0,0x0,0x0,0x0,0x0,0x0,0x0,0x0,0x0,0x0,0x0,0x68,0x67,0x25,0x26,0xa6,0xe6,0x0,0x0,0x0,0x0,0x0,0x0,0x0,0x0,0x0,0x0,0x68,0x67,0x25,0x24,0xbb,0x30,0x0,0x0,0x58,0xcf,0x79,0x38,0xe3,0xae,0x0,0x0,2,20,20
2025-02-24 17:18:00.688493,2025-02-24 17:18:02.248244,84340845668200,0x68,0x67,0x25,0x22,0xb5,0x4c,0x0,0x0,0x0,0x0,0x0,0x0,0x0,0x0,0x0,0x0,0x0,0x0,0x0,0x0,0x0,0x0,0x0,0x0,0x0,0x0,0x0,0x0,0x0,0x0,0x0,0x0,0x68,0x67,0x25,0x22,0xa4,0x88,0x0,0x0,0x0,0x0,0x0,0x0,0x0,0x0,0x0,0x0,0x68,0x67,0x25,0x22,0xb0,0x5e,0x0,0x0,2,20,20
2025-02-24 17:18:00.688493,2025-02-24 17:18:02.248244,219907260508008,0x68,0x67,0x25,0x26,0x1,0xc8,0x0,0x0,0x0,0x0,0x0,0x0,0x0,0x0,0x0,0x0,0x0,0x0,0x0,0x0,0x0,0x0,0x0,0x0,0x0,0x0,0x0,0x0,0x0,0x0,0x0,0x0,0x0,0x0,0x0,0x0,0x0,0x0,0x0,0x0,0x68,0x67,0x25,0x24,0x5c,0xa8,0x0,0x0,0x60,0x55,0xf9,0xd9,0x9c,0x5c,0x0,0x0,2,20,20
2025-02-24 17:18:00.688493,2025-02-24 17:18:02.248244,44973225764712,0x68,0x67,0x25,0x25,0xe7,0x28,0x0,0x0,0x0,0x0,0x0,0x0,0x0,0x0,0x0,0x0,0x0,0x0,0x0,0x0,0x0,0x0,0x0,0x0,0x68,0x67,0x25,0x22,0xa1,0xa0,0x0,0x0,0x0,0x0,0x0,0x0,0x0,0x0,0x0,0x0,0x68,0x67,0x25,0x25,0xeb,0x1c,0x0,0x0,0x0,0x0,0x0,0x0,0x0,0x0,0x0,0x0,2,20,20
2025-02-24 17:18:00.688493,2025-02-24 17:18:02.248244,104110580131688,0x68,0x67,0x25,0x22,0xb0,0x5e,0x0,0x0,0x0,0x0,0x0,0x0,0x0,0x0,0x0,0x0,0x0,0x0,0x0,0x0,0x0,0x0,0x0,0x0,0x0,0x0,0x0,0x0,0x0,0x0,0x0,0x0,0x68,0x67,0x25,0x22,0xbb,0x26,0x0,0x0,0x68,0x67,0x25,0x22,0xb5,0x4c,0x0,0x0,0x0,0x0,0x0,0x0,0x0,0x0,0x0,0x0,2,20,20
2025-02-24 17:18:00.688493,2025-02-24 17:18:02.248244,152755430057832,0x68,0x67,0x25,0x25,0xee,0x8a,0x0,0x0,0x0,0x0,0x0,0x0,0x0,0x0,0x0,0x0,0x0,0x0,0x0,0x0,0x0,0x0,0x0,0x0,0x68,0x67,0x25,0x22,0xa4,0x88,0x0,0x0,0x0,0x0,0x0,0x0,0x0,0x0,0x0,0x0,0x0,0x0,0x0,0x0,0x0,0x0,0x0,0x0,0x68,0x67,0x25,0x25,0xec,0x30,0x0,0x0,2,20,20
2025-02-24 17:18:00.688493,2025-02-24 17:18:02.248244,53790793623400,0x68,0x67,0x25,0x25,0xec,0x30,0x0,0x0,0x0,0x0,0x0,0x0,0x0,0x0,0x0,0x0,0x0,0x0,0x0,0x0,0x0,0x0,0x0,0x0,0x68,0x67,0x25,0x22,0xbb,0x26,0x0,0x0,0x0,0x0,0x0,0x0,0x0,0x0,0x0,0x0,0x68,0x67,0x25,0x25,0xee,0x8a,0x0,0x0,0x68,0x67,0x25,0x24,0xbb,0x30,0x0,0x0,2,20,20
2025-02-24 17:18:00.688493,2025-02-24 17:18:02.248244,139634304968552,0x68,0x67,0x25,0x25,0xff,0x7e,0x0,0x0,0x0,0x0,0x0,0x0,0x0,0x0,0x0,0x0,0x0,0x0,0x0,0x0,0x0,0x0,0x0,0x0,0x0,0x0,0x0,0x0,0x0,0x0,0x0,0x0,0x68,0x67,0x25,0x25,0xeb,0x1c,0x0,0x0,0x60,0x55,0xf9,0xd9,0x9c,0x5c,0x0,0x0,0x68,0x67,0x25,0x22,0xa1,0xa0,0x0,0x0,2,20,20
2025-02-24 17:18:00.688493,2025-02-24 17:18:02.248244,53580323448680,0x68,0x67,0x25,0x24,0xbb,0x30,0x0,0x0,0x0,0x0,0x0,0x0,0x0,0x0,0x0,0x0,0x0,0x0,0x0,0x0,0x0,0x0,0x0,0x0,0x68,0x67,0x25,0x24,0x8c,0x2a,0x0,0x0,0x0,0x0,0x0,0x0,0x0,0x0,0x0,0x0,0x68,0x67,0x25,0x25,0xec,0x30,0x0,0x0,0x68,0x67,0x25,0x22,0xae,0xe6,0x0,0x0,2,20,20
2025-02-24 17:18:00.688493,2025-02-24 17:18:02.248244,31796266100584,0x68,0x67,0x25,0x25,0xeb,0x1c,0x0,0x0,0x0,0x0,0x0,0x0,0x0,0x0,0x0,0x0,0x0,0x0,0x0,0x0,0x0,0x0,0x0,0x0,0x68,0x67,0x25,0x25,0xff,0x7e,0x0,0x0,0x0,0x0,0x0,0x0,0x0,0x0,0x0,0x0,0x0,0x0,0x0,0x0,0x0,0x0,0x0,0x0,0x68,0x67,0x25,0x25,0xe7,0x28,0x0,0x0,2,20,20
2025-02-24 17:18:00.688493,2025-02-24 17:18:02.248244,185113696888680,0x68,0x67,0x25,0x24,0x5c,0xa8,0x0,0x0,0x0,0x0,0x0,0x0,0x0,0x0,0x0,0x0,0x0,0x0,0x0,0x0,0x0,0x0,0x0,0x0,0x0,0x0,0x0,0x0,0x0,0x0,0x0,0x0,0x0,0x0,0x0,0x0,0x0,0x0,0x0,0x0,0x58,0xcf,0x79,0x38,0xe3,0xae,0x0,0x0,0x68,0x67,0x25,0x26,0x1,0xc8,0x0,0x0,2,20,20
2025-02-24 17:18:00.688493,2025-02-24 17:18:02.248244,124112617459544,0x58,0xcf,0x79,0x38,0xe1,0x70,0x0,0x0,0x0,0x0,0x0,0x0,0x0,0x0,0x0,0x0,0x0,0x0,0x0,0x0,0x0,0x0,0x0,0x0,0x60,0x55,0xf9,0xda,0x92,0xdc,0x0,0x0,0x58,0xcf,0x79,0x38,0xe3,0xae,0x0,0x0,0x68,0x67,0x25,0x26,0xa6,0xe6,0x0,0x0,0x0,0x0,0x0,0x0,0x0,0x0,0x0,0x0,2,20,20
2025-02-24 17:18:12.261117,2025-02-24 17:18:13.794787,176613923055464,0x68,0x67,0x25,0x22,0xa1,0xa0,0x0,0x0,0x0,0x0,0x0,0x0,0x0,0x0,0x0,0x0,0x0,0x0,0x0,0x0,0x0,0x0,0x0,0x0,0x0,0x0,0x0,0x0,0x0,0x0,0x0,0x0,0x68,0x67,0x25,0x25,0xe7,0x28,0x0,0x0,0x68,0x67,0x25,0x25,0xff,0x7e,0x0,0x0,0x0,0x0,0x0,0x0,0x0,0x0,0x0,0x0,3,20,20
2025-02-24 17:18:12.261117,2025-02-24 17:18:13.794787,46781390219112,0x68,0x67,0x25,0x24,0x8c,0x2a,0x0,0x0,0x0,0x0,0x0,0x0,0x0,0x0,0x0,0x0,0x0,0x0,0x0,0x0,0x0,0x0,0x0,0x0,0x0,0x0,0x0,0x0,0x0,0x0,0x0,0x0,0x68,0x67,0x25,0x24,0xbb,0x30,0x0,0x0,0x68,0x67,0x25,0x22,0xbb,0x26,0x0,0x0,0x68,0x67,0x25,0x26,0xa6,0xe6,0x0,0x0,3,20,20
2025-02-24 17:18:12.261117,2025-02-24 17:18:13.794787,242523297109344,0x60,0x55,0xf9,0xda,0x92,0xdc,0x0,0x0,0x0,0x0,0x0,0x0,0x0,0x0,0x0,0x0,0x0,0x0,0x0,0x0,0x0,0x0,0x0,0x0,0x0,0x0,0x0,0x0,0x0,0x0,0x0,0x0,0x58,0xcf,0x79,0x38,0xe1,0x70,0x0,0x0,0x0,0x0,0x0,0x0,0x0,0x0,0x0,0x0,0x0,0x0,0x0,0x0,0x0,0x0,0x0,0x0,3,20,20
2025-02-24 17:18:12.261117,2025-02-24 17:18:13.794787,253601278945128,0x68,0x67,0x25,0x26,0xa6,0xe6,0x0,0x0,0x0,0x0,0x0,0x0,0x0,0x0,0x0,0x0,0x0,0x0,0x0,0x0,0x0,0x0,0x0,0x0,0x0,0x0,0x0,0x0,0x0,0x0,0x0,0x0,0x68,0x67,0x25,0x22,0xae,0xe6,0x0,0x0,0x68,0x67,0x25,0x24,0x8c,0x2a,0x0,0x0,0x58,0xcf,0x79,0x38,0xe1,0x70,0x0,0x0,3,20,20
2025-02-24 17:18:12.261117,2025-02-24 17:18:13.794787,101828741649760,0x60,0x55,0xf9,0xd9,0x9c,0x5c,0x0,0x0,0x0,0x0,0x0,0x0,0x0,0x0,0x0,0x0,0x0,0x0,0x0,0x0,0x0,0x0,0x0,0x0,0x0,0x0,0x0,0x0,0x0,0x0,0x0,0x0,0x0,0x0,0x0,0x0,0x0,0x0,0x0,0x0,0x68,0x67,0x25,0x26,0x1,0xc8,0x0,0x0,0x68,0x67,0x25,0x25,0xff,0x7e,0x0,0x0,3,20,20
2025-02-24 17:18:12.261117,2025-02-24 17:18:13.794787,150238528890728,0x68,0x67,0x25,0x22,0xa4,0x88,0x0,0x0,0x0,0x0,0x0,0x0,0x0,0x0,0x0,0x0,0x0,0x0,0x0,0x0,0x0,0x0,0x0,0x0,0x68,0x67,0x25,0x22,0xb5,0x4c,0x0,0x0,0x68,0x67,0x25,0x25,0xee,0x8a,0x0,0x0,0x0,0x0,0x0,0x0,0x0,0x0,0x0,0x0,0x68,0x67,0x25,0x22,0xbb,0x26,0x0,0x0,3,20,20
2025-02-24 17:18:12.261117,2025-02-24 17:18:13.794787,42585173616488,0x68,0x67,0x25,0x22,0xbb,0x26,0x0,0x0,0x0,0x0,0x0,0x0,0x0,0x0,0x0,0x0,0x0,0x0,0x0,0x0,0x0,0x0,0x0,0x0,0x68,0x67,0x25,0x22,0xb0,0x5e,0x0,0x0,0x68,0x67,0x25,0x25,0xec,0x30,0x0,0x0,0x68,0x67,0x25,0x22,0xa4,0x88,0x0,0x0,0x68,0x67,0x25,0x24,0x8c,0x2a,0x0,0x0,3,20,20
2025-02-24 17:18:12.261117,2025-02-24 17:18:13.794787,192290928316248,0x58,0xcf,0x79,0x38,0xe3,0xae,0x0,0x0,0x0,0x0,0x0,0x0,0x0,0x0,0x0,0x0,0x0,0x0,0x0,0x0,0x0,0x0,0x0,0x0,0x58,0xcf,0x79,0x38,0xe1,0x70,0x0,0x0,0x0,0x0,0x0,0x0,0x0,0x0,0x0,0x0,0x68,0x67,0x25,0x22,0xae,0xe6,0x0,0x0,0x68,0x67,0x25,0x24,0x5c,0xa8,0x0,0x0,3,20,20
2025-02-24 17:18:12.261117,2025-02-24 17:18:13.794787,253635571574632,0x68,0x67,0x25,0x22,0xae,0xe6,0x0,0x0,0x0,0x0,0x0,0x0,0x0,0x0,0x0,0x0,0x0,0x0,0x0,0x0,0x0,0x0,0x0,0x0,0x68,0x67,0x25,0x26,0xa6,0xe6,0x0,0x0,0x0,0x0,0x0,0x0,0x0,0x0,0x0,0x0,0x68,0x67,0x25,0x24,0xbb,0x30,0x0,0x0,0x58,0xcf,0x79,0x38,0xe3,0xae,0x0,0x0,3,20,20
2025-02-24 17:18:12.261117,2025-02-24 17:18:13.794787,84340845668200,0x68,0x67,0x25,0x22,0xb5,0x4c,0x0,0x0,0x0,0x0,0x0,0x0,0x0,0x0,0x0,0x0,0x0,0x0,0x0,0x0,0x0,0x0,0x0,0x0,0x0,0x0,0x0,0x0,0x0,0x0,0x0,0x0,0x68,0x67,0x25,0x22,0xa4,0x88,0x0,0x0,0x0,0x0,0x0,0x0,0x0,0x0,0x0,0x0,0x68,0x67,0x25,0x22,0xb0,0x5e,0x0,0x0,3,20,20
2025-02-24 17:18:12.261117,2025-02-24 17:18:13.794787,219907260508008,0x68,0x67,0x25,0x26,0x1,0xc8,0x0,0x0,0x0,0x0,0x0,0x0,0x0,0x0,0x0,0x0,0x0,0x0,0x0,0x0,0x0,0x0,0x0,0x0,0x0,0x0,0x0,0x0,0x0,0x0,0x0,0x0,0x0,0x0,0x0,0x0,0x0,0x0,0x0,0x0,0x68,0x67,0x25,0x24,0x5c,0xa8,0x0,0x0,0x60,0x55,0xf9,0xd9,0x9c,0x5c,0x0,0x0,3,20,20
2025-02-24 17:18:12.261117,2025-02-24 17:18:13.794787,44973225764712,0x68,0x67,0x25,0x25,0xe7,0x28,0x0,0x0,0x0,0x0,0x0,0x0,0x0,0x0,0x0,0x0,0x0,0x0,0x0,0x0,0x0,0x0,0x0,0x0,0x68,0x67,0x25,0x22,0xa1,0xa0,0x0,0x0,0x0,0x0,0x0,0x0,0x0,0x0,0x0,0x0,0x68,0x67,0x25,0x25,0xeb,0x1c,0x0,0x0,0x0,0x0,0x0,0x0,0x0,0x0,0x0,0x0,3,20,20
2025-02-24 17:18:12.261117,2025-02-24 17:18:13.794787,104110580131688,0x68,0x67,0x25,0x22,0xb0,0x5e,0x0,0x0,0x0,0x0,0x0,0x0,0x0,0x0,0x0,0x0,0x0,0x0,0x0,0x0,0x0,0x0,0x0,0x0,0x0,0x0,0x0,0x0,0x0,0x0,0x0,0x0,0x68,0x67,0x25,0x22,0xbb,0x26,0x0,0x0,0x68,0x67,0x25,0x22,0xb5,0x4c,0x0,0x0,0x0,0x0,0x0,0x0,0x0,0x0,0x0,0x0,3,20,20
2025-02-24 17:18:12.261117,2025-02-24 17:18:13.794787,152755430057832,0x68,0x67,0x25,0x25,0xee,0x8a,0x0,0x0,0x0,0x0,0x0,0x0,0x0,0x0,0x0,0x0,0x0,0x0,0x0,0x0,0x0,0x0,0x0,0x0,0x68,0x67,0x25,0x22,0xa4,0x88,0x0,0x0,0x0,0x0,0x0,0x0,0x0,0x0,0x0,0x0,0x0,0x0,0x0,0x0,0x0,0x0,0x0,0x0,0x68,0x67,0x25,0x25,0xec,0x30,0x0,0x0,3,20,20
2025-02-24 17:18:12.261117,2025-02-24 17:18:13.794787,53790793623400,0x68,0x67,0x25,0x25,0xec,0x30,0x0,0x0,0x0,0x0,0x0,0x0,0x0,0x0,0x0,0x0,0x0,0x0,0x0,0x0,0x0,0x0,0x0,0x0,0x68,0x67,0x25,0x22,0xbb,0x26,0x0,0x0,0x0,0x0,0x0,0x0,0x0,0x0,0x0,0x0,0x68,0x67,0x25,0x25,0xee,0x8a,0x0,0x0,0x68,0x67,0x25,0x24,0xbb,0x30,0x0,0x0,3,20,20
2025-02-24 17:18:12.261117,2025-02-24 17:18:13.794787,139634304968552,0x68,0x67,0x25,0x25,0xff,0x7e,0x0,0x0,0x0,0x0,0x0,0x0,0x0,0x0,0x0,0x0,0x0,0x0,0x0,0x0,0x0,0x0,0x0,0x0,0x0,0x0,0x0,0x0,0x0,0x0,0x0,0x0,0x68,0x67,0x25,0x25,0xeb,0x1c,0x0,0x0,0x60,0x55,0xf9,0xd9,0x9c,0x5c,0x0,0x0,0x68,0x67,0x25,0x22,0xa1,0xa0,0x0,0x0,3,20,20
2025-02-24 17:18:12.261117,2025-02-24 17:18:13.794787,53580323448680,0x68,0x67,0x25,0x24,0xbb,0x30,0x0,0x0,0x0,0x0,0x0,0x0,0x0,0x0,0x0,0x0,0x0,0x0,0x0,0x0,0x0,0x0,0x0,0x0,0x68,0x67,0x25,0x24,0x8c,0x2a,0x0,0x0,0x0,0x0,0x0,0x0,0x0,0x0,0x0,0x0,0x68,0x67,0x25,0x25,0xec,0x30,0x0,0x0,0x68,0x67,0x25,0x22,0xae,0xe6,0x0,0x0,3,20,20
2025-02-24 17:18:12.261117,2025-02-24 17:18:13.794787,31796266100584,0x68,0x67,0x25,0x25,0xeb,0x1c,0x0,0x0,0x0,0x0,0x0,0x0,0x0,0x0,0x0,0x0,0x0,0x0,0x0,0x0,0x0,0x0,0x0,0x0,0x68,0x67,0x25,0x25,0xff,0x7e,0x0,0x0,0x0,0x0,0x0,0x0,0x0,0x0,0x0,0x0,0x0,0x0,0x0,0x0,0x0,0x0,0x0,0x0,0x68,0x67,0x25,0x25,0xe7,0x28,0x0,0x0,3,20,20
2025-02-24 17:18:12.261117,2025-02-24 17:18:13.794787,185113696888680,0x68,0x67,0x25,0x24,0x5c,0xa8,0x0,0x0,0x0,0x0,0x0,0x0,0x0,0x0,0x0,0x0,0x0,0x0,0x0,0x0,0x0,0x0,0x0,0x0,0x0,0x0,0x0,0x0,0x0,0x0,0x0,0x0,0x0,0x0,0x0,0x0,0x0,0x0,0x0,0x0,0x58,0xcf,0x79,0x38,0xe3,0xae,0x0,0x0,0x68,0x67,0x25,0x26,0x1,0xc8,0x0,0x0,3,20,20
2025-02-24 17:18:12.261117,2025-02-24 17:18:13.794787,124112617459544,0x58,0xcf,0x79,0x38,0xe1,0x70,0x0,0x0,0x0,0x0,0x0,0x0,0x0,0x0,0x0,0x0,0x0,0x0,0x0,0x0,0x0,0x0,0x0,0x0,0x60,0x55,0xf9,0xda,0x92,0xdc,0x0,0x0,0x58,0xcf,0x79,0x38,0xe3,0xae,0x0,0x0,0x68,0x67,0x25,0x26,0xa6,0xe6,0x0,0x0,0x0,0x0,0x0,0x0,0x0,0x0,0x0,0x0,3,20,20
2025-02-24 17:18:23.805631,2025-02-24 17:18:24.679602,176613923055464,0x68,0x67,0x25,0x22,0xa1,0xa0,0x0,0x0,0x0,0x0,0x0,0x0,0x0,0x0,0x0,0x0,0x0,0x0,0x0,0x0,0x0,0x0,0x0,0x0,0x0,0x0,0x0,0x0,0x0,0x0,0x0,0x0,0x68,0x67,0x25,0x25,0xe7,0x28,0x0,0x0,0x68,0x67,0x25,0x25,0xff,0x7e,0x0,0x0,0x0,0x0,0x0,0x0,0x0,0x0,0x0,0x0,4,20,20
2025-02-24 17:18:23.805631,2025-02-24 17:18:24.679602,46781390219112,0x68,0x67,0x25,0x24,0x8c,0x2a,0x0,0x0,0x0,0x0,0x0,0x0,0x0,0x0,0x0,0x0,0x0,0x0,0x0,0x0,0x0,0x0,0x0,0x0,0x0,0x0,0x0,0x0,0x0,0x0,0x0,0x0,0x68,0x67,0x25,0x24,0xbb,0x30,0x0,0x0,0x68,0x67,0x25,0x22,0xbb,0x26,0x0,0x0,0x68,0x67,0x25,0x26,0xa6,0xe6,0x0,0x0,4,20,20
2025-02-24 17:18:23.805631,2025-02-24 17:18:24.679602,242523297109344,0x60,0x55,0xf9,0xda,0x92,0xdc,0x0,0x0,0x0,0x0,0x0,0x0,0x0,0x0,0x0,0x0,0x0,0x0,0x0,0x0,0x0,0x0,0x0,0x0,0x0,0x0,0x0,0x0,0x0,0x0,0x0,0x0,0x58,0xcf,0x79,0x38,0xe1,0x70,0x0,0x0,0x0,0x0,0x0,0x0,0x0,0x0,0x0,0x0,0x0,0x0,0x0,0x0,0x0,0x0,0x0,0x0,4,20,20
2025-02-24 17:18:23.805631,2025-02-24 17:18:24.679602,253601278945128,0x68,0x67,0x25,0x26,0xa6,0xe6,0x0,0x0,0x0,0x0,0x0,0x0,0x0,0x0,0x0,0x0,0x0,0x0,0x0,0x0,0x0,0x0,0x0,0x0,0x0,0x0,0x0,0x0,0x0,0x0,0x0,0x0,0x68,0x67,0x25,0x22,0xae,0xe6,0x0,0x0,0x68,0x67,0x25,0x24,0x8c,0x2a,0x0,0x0,0x58,0xcf,0x79,0x38,0xe1,0x70,0x0,0x0,4,20,20
2025-02-24 17:18:23.805631,2025-02-24 17:18:24.679602,101828741649760,0x60,0x55,0xf9,0xd9,0x9c,0x5c,0x0,0x0,0x0,0x0,0x0,0x0,0x0,0x0,0x0,0x0,0x0,0x0,0x0,0x0,0x0,0x0,0x0,0x0,0x0,0x0,0x0,0x0,0x0,0x0,0x0,0x0,0x0,0x0,0x0,0x0,0x0,0x0,0x0,0x0,0x68,0x67,0x25,0x26,0x1,0xc8,0x0,0x0,0x68,0x67,0x25,0x25,0xff,0x7e,0x0,0x0,4,20,20
2025-02-24 17:18:23.805631,2025-02-24 17:18:24.679602,150238528890728,0x68,0x67,0x25,0x22,0xa4,0x88,0x0,0x0,0x0,0x0,0x0,0x0,0x0,0x0,0x0,0x0,0x0,0x0,0x0,0x0,0x0,0x0,0x0,0x0,0x68,0x67,0x25,0x22,0xb5,0x4c,0x0,0x0,0x68,0x67,0x25,0x25,0xee,0x8a,0x0,0x0,0x0,0x0,0x0,0x0,0x0,0x0,0x0,0x0,0x68,0x67,0x25,0x22,0xbb,0x26,0x0,0x0,4,20,20
2025-02-24 17:18:23.805631,2025-02-24 17:18:24.679602,42585173616488,0x68,0x67,0x25,0x22,0xbb,0x26,0x0,0x0,0x0,0x0,0x0,0x0,0x0,0x0,0x0,0x0,0x0,0x0,0x0,0x0,0x0,0x0,0x0,0x0,0x68,0x67,0x25,0x22,0xb0,0x5e,0x0,0x0,0x68,0x67,0x25,0x25,0xec,0x30,0x0,0x0,0x68,0x67,0x25,0x22,0xa4,0x88,0x0,0x0,0x68,0x67,0x25,0x24,0x8c,0x2a,0x0,0x0,4,20,20
2025-02-24 17:18:23.805631,2025-02-24 17:18:24.679602,192290928316248,0x58,0xcf,0x79,0x38,0xe3,0xae,0x0,0x0,0x0,0x0,0x0,0x0,0x0,0x0,0x0,0x0,0x0,0x0,0x0,0x0,0x0,0x0,0x0,0x0,0x58,0xcf,0x79,0x38,0xe1,0x70,0x0,0x0,0x0,0x0,0x0,0x0,0x0,0x0,0x0,0x0,0x68,0x67,0x25,0x22,0xae,0xe6,0x0,0x0,0x68,0x67,0x25,0x24,0x5c,0xa8,0x0,0x0,4,20,20
2025-02-24 17:18:23.805631,2025-02-24 17:18:24.679602,253635571574632,0x68,0x67,0x25,0x22,0xae,0xe6,0x0,0x0,0x0,0x0,0x0,0x0,0x0,0x0,0x0,0x0,0x0,0x0,0x0,0x0,0x0,0x0,0x0,0x0,0x68,0x67,0x25,0x26,0xa6,0xe6,0x0,0x0,0x0,0x0,0x0,0x0,0x0,0x0,0x0,0x0,0x68,0x67,0x25,0x24,0xbb,0x30,0x0,0x0,0x58,0xcf,0x79,0x38,0xe3,0xae,0x0,0x0,4,20,20
2025-02-24 17:18:23.805631,2025-02-24 17:18:24.679602,84340845668200,0x68,0x67,0x25,0x22,0xb5,0x4c,0x0,0x0,0x0,0x0,0x0,0x0,0x0,0x0,0x0,0x0,0x0,0x0,0x0,0x0,0x0,0x0,0x0,0x0,0x0,0x0,0x0,0x0,0x0,0x0,0x0,0x0,0x68,0x67,0x25,0x22,0xa4,0x88,0x0,0x0,0x0,0x0,0x0,0x0,0x0,0x0,0x0,0x0,0x68,0x67,0x25,0x22,0xb0,0x5e,0x0,0x0,4,20,20
2025-02-24 17:18:23.805631,2025-02-24 17:18:24.679602,219907260508008,0x68,0x67,0x25,0x26,0x1,0xc8,0x0,0x0,0x0,0x0,0x0,0x0,0x0,0x0,0x0,0x0,0x0,0x0,0x0,0x0,0x0,0x0,0x0,0x0,0x0,0x0,0x0,0x0,0x0,0x0,0x0,0x0,0x0,0x0,0x0,0x0,0x0,0x0,0x0,0x0,0x68,0x67,0x25,0x24,0x5c,0xa8,0x0,0x0,0x60,0x55,0xf9,0xd9,0x9c,0x5c,0x0,0x0,4,20,20
2025-02-24 17:18:23.805631,2025-02-24 17:18:24.679602,44973225764712,0x68,0x67,0x25,0x25,0xe7,0x28,0x0,0x0,0x0,0x0,0x0,0x0,0x0,0x0,0x0,0x0,0x0,0x0,0x0,0x0,0x0,0x0,0x0,0x0,0x68,0x67,0x25,0x22,0xa1,0xa0,0x0,0x0,0x0,0x0,0x0,0x0,0x0,0x0,0x0,0x0,0x68,0x67,0x25,0x25,0xeb,0x1c,0x0,0x0,0x0,0x0,0x0,0x0,0x0,0x0,0x0,0x0,4,20,20
2025-02-24 17:18:23.805631,2025-02-24 17:18:24.679602,104110580131688,0x68,0x67,0x25,0x22,0xb0,0x5e,0x0,0x0,0x0,0x0,0x0,0x0,0x0,0x0,0x0,0x0,0x0,0x0,0x0,0x0,0x0,0x0,0x0,0x0,0x0,0x0,0x0,0x0,0x0,0x0,0x0,0x0,0x68,0x67,0x25,0x22,0xbb,0x26,0x0,0x0,0x68,0x67,0x25,0x22,0xb5,0x4c,0x0,0x0,0x0,0x0,0x0,0x0,0x0,0x0,0x0,0x0,4,20,20
2025-02-24 17:18:23.805631,2025-02-24 17:18:24.679602,152755430057832,0x68,0x67,0x25,0x25,0xee,0x8a,0x0,0x0,0x0,0x0,0x0,0x0,0x0,0x0,0x0,0x0,0x0,0x0,0x0,0x0,0x0,0x0,0x0,0x0,0x68,0x67,0x25,0x22,0xa4,0x88,0x0,0x0,0x0,0x0,0x0,0x0,0x0,0x0,0x0,0x0,0x0,0x0,0x0,0x0,0x0,0x0,0x0,0x0,0x68,0x67,0x25,0x25,0xec,0x30,0x0,0x0,4,20,20
2025-02-24 17:18:23.805631,2025-02-24 17:18:24.679602,53790793623400,0x68,0x67,0x25,0x25,0xec,0x30,0x0,0x0,0x0,0x0,0x0,0x0,0x0,0x0,0x0,0x0,0x0,0x0,0x0,0x0,0x0,0x0,0x0,0x0,0x68,0x67,0x25,0x22,0xbb,0x26,0x0,0x0,0x0,0x0,0x0,0x0,0x0,0x0,0x0,0x0,0x68,0x67,0x25,0x25,0xee,0x8a,0x0,0x0,0x60,0x67,0x25,0x24,0xbb,0x30,0x0,0x0,4,20,20
2025-02-24 17:18:23.805631,2025-02-24 17:18:24.679602,139634304968552,0x68,0x67,0x25,0x25,0xff,0x7e,0x0,0x0,0x0,0x0,0x0,0x0,0x0,0x0,0x0,0x0,0x0,0x0,0x0,0x0,0x0,0x0,0x0,0x0,0x0,0x0,0x0,0x0,0x0,0x0,0x0,0x0,0x68,0x67,0x25,0x25,0xeb,0x1c,0x0,0x0,0x60,0x55,0xf9,0xd9,0x9c,0x5c,0x0,0x0,0x68,0x67,0x25,0x22,0xa1,0xa0,0x0,0x0,4,20,20
2025-02-24 17:18:23.805631,2025-02-24 17:18:24.679602,53580323448680,0x68,0x67,0x25,0x24,0xbb,0x30,0x0,0x0,0x0,0x0,0x0,0x0,0x0,0x0,0x0,0x0,0x0,0x0,0x0,0x0,0x0,0x0,0x0,0x0,0x68,0x67,0x25,0x24,0x8c,0x2a,0x0,0x0,0x0,0x0,0x0,0x0,0x0,0x0,0x0,0x0,0x68,0x67,0x25,0x25,0xec,0x30,0x0,0x0,0x68,0x67,0x25,0x22,0xae,0xe6,0x0,0x0,4,20,20
2025-02-24 17:18:23.805631,2025-02-24 17:18:24.679602,31796266100584,0x68,0x67,0x25,0x25,0xeb,0x1c,0x0,0x0,0x0,0x0,0x0,0x0,0x0,0x0,0x0,0x0,0x0,0x0,0x0,0x0,0x0,0x0,0x0,0x0,0x68,0x67,0x25,0x25,0xff,0x7e,0x0,0x0,0x0,0x0,0x0,0x0,0x0,0x0,0x0,0x0,0x0,0x0,0x0,0x0,0x0,0x0,0x0,0x0,0x68,0x67,0x25,0x25,0xe7,0x28,0x0,0x0,4,20,20
2025-02-24 17:18:23.805631,2025-02-24 17:18:24.679602,185113696888680,0x68,0x67,0x25,0x24,0x5c,0xa8,0x0,0x0,0x0,0x0,0x0,0x0,0x0,0x0,0x0,0x0,0x0,0x0,0x0,0x0,0x0,0x0,0x0,0x0,0x0,0x0,0x0,0x0,0x0,0x0,0x0,0x0,0x0,0x0,0x0,0x0,0x0,0x0,0x0,0x0,0x58,0xcf,0x79,0x38,0xe3,0xae,0x0,0x0,0x68,0x67,0x25,0x26,0x1,0xc8,0x0,0x0,4,20,20
2025-02-24 17:18:23.805631,2025-02-24 17:18:24.679602,124112617459544,0x58,0xcf,0x79,0x38,0xe1,0x70,0x0,0x0,0x0,0x0,0x0,0x0,0x0,0x0,0x0,0x0,0x0,0x0,0x0,0x0,0x0,0x0,0x0,0x0,0x60,0x55,0xf9,0xda,0x92,0xdc,0x0,0x0,0x58,0xcf,0x79,0x38,0xe3,0xae,0x0,0x0,0x68,0x67,0x25,0x26,0xa6,0xe6,0x0,0x0,0x0,0x0,0x0,0x0,0x0,0x0,0x0,0x0,4,20,20
2025-02-24 17:18:34.694926,2025-02-24 17:18:35.501993,176613923055464,0x68,0x67,0x25,0x22,0xa1,0xa0,0x0,0x0,0x0,0x0,0x0,0x0,0x0,0x0,0x0,0x0,0x0,0x0,0x0,0x0,0x0,0x0,0x0,0x0,0x0,0x0,0x0,0x0,0x0,0x0,0x0,0x0,0x68,0x67,0x25,0x25,0xe7,0x28,0x0,0x0,0x68,0x67,0x25,0x25,0xff,0x7e,0x0,0x0,0x0,0x0,0x0,0x0,0x0,0x0,0x0,0x0,5,20,20
2025-02-24 17:18:34.694926,2025-02-24 17:18:35.501993,46781390219112,0x68,0x67,0x25,0x24,0x8c,0x2a,0x0,0x0,0x0,0x0,0x0,0x0,0x0,0x0,0x0,0x0,0x0,0x0,0x0,0x0,0x0,0x0,0x0,0x0,0x0,0x0,0x0,0x0,0x0,0x0,0x0,0x0,0x68,0x67,0x25,0x24,0xbb,0x30,0x0,0x0,0x68,0x67,0x25,0x22,0xbb,0x26,0x0,0x0,0x68,0x67,0x25,0x26,0xa6,0xe6,0x0,0x0,5,20,20
2025-02-24 17:18:34.694926,2025-02-24 17:18:35.501993,242523297109344,0x60,0x55,0xf9,0xda,0x92,0xdc,0x0,0x0,0x0,0x0,0x0,0x0,0x0,0x0,0x0,0x0,0x0,0x0,0x0,0x0,0x0,0x0,0x0,0x0,0x0,0x0,0x0,0x0,0x0,0x0,0x0,0x0,0x58,0xcf,0x79,0x38,0xe1,0x70,0x0,0x0,0x0,0x0,0x0,0x0,0x0,0x0,0x0,0x0,0x0,0x0,0x0,0x0,0x0,0x0,0x0,0x0,5,20,20
2025-02-24 17:18:34.694926,2025-02-24 17:18:35.501993,253601278945128,0x68,0x67,0x25,0x26,0xa6,0xe6,0x0,0x0,0x0,0x0,0x0,0x0,0x0,0x0,0x0,0x0,0x0,0x0,0x0,0x0,0x0,0x0,0x0,0x0,0x0,0x0,0x0,0x0,0x0,0x0,0x0,0x0,0x68,0x67,0x25,0x22,0xae,0xe6,0x0,0x0,0x68,0x67,0x25,0x24,0x8c,0x2a,0x0,0x0,0x58,0xcf,0x79,0x38,0xe1,0x70,0x0,0x0,5,20,20
2025-02-24 17:18:34.694926,2025-02-24 17:18:35.501993,101828741649760,0x60,0x55,0xf9,0xd9,0x9c,0x5c,0x0,0x0,0x0,0x0,0x0,0x0,0x0,0x0,0x0,0x0,0x0,0x0,0x0,0x0,0x0,0x0,0x0,0x0,0x0,0x0,0x0,0x0,0x0,0x0,0x0,0x0,0x0,0x0,0x0,0x0,0x0,0x0,0x0,0x0,0x68,0x67,0x25,0x26,0x1,0xc8,0x0,0x0,0x68,0x67,0x25,0x25,0xff,0x7e,0x0,0x0,5,20,20
2025-02-24 17:18:34.694926,2025-02-24 17:18:35.501993,150238528890728,0x68,0x67,0x25,0x22,0xa4,0x88,0x0,0x0,0x0,0x0,0x0,0x0,0x0,0x0,0x0,0x0,0x0,0x0,0x0,0x0,0x0,0x0,0x0,0x0,0x68,0x67,0x25,0x22,0xb5,0x4c,0x0,0x0,0x68,0x67,0x25,0x25,0xee,0x8a,0x0,0x0,0x0,0x0,0x0,0x0,0x0,0x0,0x0,0x0,0x68,0x67,0x25,0x22,0xbb,0x26,0x0,0x0,5,20,20
2025-02-24 17:18:34.694926,2025-02-24 17:18:35.501993,42585173616488,0x68,0x67,0x25,0x22,0xbb,0x26,0x0,0x0,0x0,0x0,0x0,0x0,0x0,0x0,0x0,0x0,0x0,0x0,0x0,0x0,0x0,0x0,0x0,0x0,0x68,0x67,0x25,0x22,0xb0,0x5e,0x0,0x0,0x68,0x67,0x25,0x25,0xec,0x30,0x0,0x0,0x68,0x67,0x25,0x22,0xa4,0x88,0x0,0x0,0x68,0x67,0x25,0x24,0x8c,0x2a,0x0,0x0,5,20,20
2025-02-24 17:18:34.694926,2025-02-24 17:18:35.501993,192290928316248,0x58,0xcf,0x79,0x38,0xe3,0xae,0x0,0x0,0x0,0x0,0x0,0x0,0x0,0x0,0x0,0x0,0x0,0x0,0x0,0x0,0x0,0x0,0x0,0x0,0x58,0xcf,0x79,0x38,0xe1,0x70,0x0,0x0,0x0,0x0,0x0,0x0,0x0,0x0,0x0,0x0,0x68,0x67,0x25,0x22,0xae,0xe6,0x0,0x0,0x68,0x67,0x25,0x24,0x5c,0xa8,0x0,0x0,5,20,20
2025-02-24 17:18:34.694926,2025-02-24 17:18:35.501993,253635571574632,0x68,0x67,0x25,0x22,0xae,0xe6,0x0,0x0,0x0,0x0,0x0,0x0,0x0,0x0,0x0,0x0,0x0,0x0,0x0,0x0,0x0,0x0,0x0,0x0,0x68,0x67,0x25,0x26,0xa6,0xe6,0x0,0x0,0x0,0x0,0x0,0x0,0x0,0x0,0x0,0x0,0x68,0x67,0x25,0x24,0xbb,0x30,0x0,0x0,0x58,0xcf,0x79,0x38,0xe3,0xae,0x0,0x0,5,20,20
2025-02-24 17:18:34.694926,2025-02-24 17:18:35.501993,84340845668200,0x68,0x67,0x25,0x22,0xb5,0x4c,0x0,0x0,0x0,0x0,0x0,0x0,0x0,0x0,0x0,0x0,0x0,0x0,0x0,0x0,0x0,0x0,0x0,0x0,0x0,0x0,0x0,0x0,0x0,0x0,0x0,0x0,0x68,0x67,0x25,0x22,0xa4,0x88,0x0,0x0,0x0,0x0,0x0,0x0,0x0,0x0,0x0,0x0,0x68,0x67,0x25,0x22,0xb0,0x5e,0x0,0x0,5,20,20
2025-02-24 17:18:34.694926,2025-02-24 17:18:35.501993,219907260508008,0x68,0x67,0x25,0x26,0x1,0xc8,0x0,0x0,0x0,0x0,0x0,0x0,0x0,0x0,0x0,0x0,0x0,0x0,0x0,0x0,0x0,0x0,0x0,0x0,0x0,0x0,0x0,0x0,0x0,0x0,0x0,0x0,0x0,0x0,0x0,0x0,0x0,0x0,0x0,0x0,0x68,0x67,0x25,0x24,0x5c,0xa8,0x0,0x0,0x60,0x55,0xf9,0xd9,0x9c,0x5c,0x0,0x0,5,20,20
2025-02-24 17:18:34.694926,2025-02-24 17:18:35.501993,44973225764712,0x68,0x67,0x25,0x25,0xe7,0x28,0x0,0x0,0x0,0x0,0x0,0x0,0x0,0x0,0x0,0x0,0x0,0x0,0x0,0x0,0x0,0x0,0x0,0x0,0x68,0x67,0x25,0x22,0xa1,0xa0,0x0,0x0,0x0,0x0,0x0,0x0,0x0,0x0,0x0,0x0,0x68,0x67,0x25,0x25,0xeb,0x1c,0x0,0x0,0x0,0x0,0x0,0x0,0x0,0x0,0x0,0x0,5,20,20
2025-02-24 17:18:34.694926,2025-02-24 17:18:35.501993,104110580131688,0x68,0x67,0x25,0x22,0xb0,0x5e,0x0,0x0,0x0,0x0,0x0,0x0,0x0,0x0,0x0,0x0,0x0,0x0,0x0,0x0,0x0,0x0,0x0,0x0,0x0,0x0,0x0,0x0,0x0,0x0,0x0,0x0,0x68,0x67,0x25,0x22,0xbb,0x26,0x0,0x0,0x68,0x67,0x25,0x22,0xb5,0x4c,0x0,0x0,0x0,0x0,0x0,0x0,0x0,0x0,0x0,0x0,5,20,20
2025-02-24 17:18:34.694926,2025-02-24 17:18:35.501993,152755430057832,0x68,0x67,0x25,0x25,0xee,0x8a,0x0,0x0,0x0,0x0,0x0,0x0,0x0,0x0,0x0,0x0,0x0,0x0,0x0,0x0,0x0,0x0,0x0,0x0,0x68,0x67,0x25,0x22,0xa4,0x88,0x0,0x0,0x0,0x0,0x0,0x0,0x0,0x0,0x0,0x0,0x0,0x0,0x0,0x0,0x0,0x0,0x0,0x0,0x68,0x67,0x25,0x25,0xec,0x30,0x0,0x0,5,20,20
2025-02-24 17:18:34.694926,2025-02-24 17:18:35.501993,53790793623400,0x68,0x67,0x25,0x25,0xec,0x30,0x0,0x0,0x0,0x0,0x0,0x0,0x0,0x0,0x0,0x0,0x0,0x0,0x0,0x0,0x0,0x0,0x0,0x0,0x68,0x67,0x25,0x22,0xbb,0x26,0x0,0x0,0x0,0x0,0x0,0x0,0x0,0x0,0x0,0x0,0x68,0x67,0x25,0x25,0xee,0x8a,0x0,0x0,0x68,0x67,0x25,0x24,0xbb,0x30,0x0,0x0,5,20,20
2025-02-24 17:18:34.694926,2025-02-24 17:18:35.501993,139634304968552,0x68,0x67,0x25,0x25,0xff,0x7e,0x0,0x0,0x0,0x0,0x0,0x0,0x0,0x0,0x0,0x0,0x0,0x0,0x0,0x0,0x0,0x0,0x0,0x0,0x0,0x0,0x0,0x0,0x0,0x0,0x0,0x0,0x68,0x67,0x25,0x25,0xeb,0x1c,0x0,0x0,0x60,0x55,0xf9,0xd9,0x9c,0x5c,0x0,0x0,0x68,0x67,0x25,0x22,0xa1,0xa0,0x0,0x0,5,20,20
2025-02-24 17:18:34.694926,2025-02-24 17:18:35.501993,53580323448680,0x68,0x67,0x25,0x24,0xbb,0x30,0x0,0x0,0x0,0x0,0x0,0x0,0x0,0x0,0x0,0x0,0x0,0x0,0x0,0x0,0x0,0x0,0x0,0x0,0x68,0x67,0x25,0x24,0x8c,0x2a,0x0,0x0,0x0,0x0,0x0,0x0,0x0,0x0,0x0,0x0,0x68,0x67,0x25,0x25,0xec,0x30,0x0,0x0,0x68,0x67,0x25,0x22,0xae,0xe6,0x0,0x0,5,20,20
2025-02-24 17:18:34.694926,2025-02-24 17:18:35.501993,31796266100584,0x68,0x67,0x25,0x25,0xeb,0x1c,0x0,0x0,0x0,0x0,0x0,0x0,0x0,0x0,0x0,0x0,0x0,0x0,0x0,0x0,0x0,0x0,0x0,0x0,0x68,0x67,0x25,0x25,0xff,0x7e,0x0,0x0,0x0,0x0,0x0,0x0,0x0,0x0,0x0,0x0,0x0,0x0,0x0,0x0,0x0,0x0,0x0,0x0,0x68,0x67,0x25,0x25,0xe7,0x28,0x0,0x0,5,20,20
2025-02-24 17:18:34.694926,2025-02-24 17:18:35.501993,185113696888680,0x68,0x67,0x25,0x24,0x5c,0xa8,0x0,0x0,0x0,0x0,0x0,0x0,0x0,0x0,0x0,0x0,0x0,0x0,0x0,0x0,0x0,0x0,0x0,0x0,0x0,0x0,0x0,0x0,0x0,0x0,0x0,0x0,0x0,0x0,0x0,0x0,0x0,0x0,0x0,0x0,0x58,0xcf,0x79,0x38,0xe3,0xae,0x0,0x0,0x68,0x67,0x25,0x26,0x1,0xc8,0x0,0x0,5,20,20
2025-02-24 17:18:34.694926,2025-02-24 17:18:35.501993,124112617459544,0x58,0xcf,0x79,0x38,0xe1,0x70,0x0,0x0,0x0,0x0,0x0,0x0,0x0,0x0,0x0,0x0,0x0,0x0,0x0,0x0,0x0,0x0,0x0,0x0,0x60,0x55,0xf9,0xda,0x92,0xdc,0x0,0x0,0x58,0xcf,0x79,0x38,0xe3,0xae,0x0,0x0,0x68,0x67,0x25,0x26,0xa6,0xe6,0x0,0x0,0x0,0x0,0x0,0x0,0x0,0x0,0x0,0x0,5,20,20
2025-02-24 17:18:45.513773,2025-02-24 17:18:46.326597,176613923055464,0x68,0x67,0x25,0x22,0xa1,0xa0,0x0,0x0,0x0,0x0,0x0,0x0,0x0,0x0,0x0,0x0,0x0,0x0,0x0,0x0,0x0,0x0,0x0,0x0,0x0,0x0,0x0,0x0,0x0,0x0,0x0,0x0,0x68,0x67,0x25,0x25,0xe7,0x28,0x0,0x0,0x68,0x67,0x25,0x25,0xff,0x7e,0x0,0x0,0x0,0x0,0x0,0x0,0x0,0x0,0x0,0x0,6,20,20
2025-02-24 17:18:45.513773,2025-02-24 17:18:46.326597,46781390219112,0x68,0x67,0x25,0x24,0x8c,0x2a,0x0,0x0,0x0,0x0,0x0,0x0,0x0,0x0,0x0,0x0,0x0,0x0,0x0,0x0,0x0,0x0,0x0,0x0,0x0,0x0,0x0,0x0,0x0,0x0,0x0,0x0,0x68,0x67,0x25,0x24,0xbb,0x30,0x0,0x0,0x68,0x67,0x25,0x22,0xbb,0x26,0x0,0x0,0x68,0x67,0x25,0x26,0xa6,0xe6,0x0,0x0,6,20,20
2025-02-24 17:18:45.513773,2025-02-24 17:18:46.326597,242523297109344,0x60,0x55,0xf9,0xda,0x92,0xdc,0x0,0x0,0x0,0x0,0x0,0x0,0x0,0x0,0x0,0x0,0x0,0x0,0x0,0x0,0x0,0x0,0x0,0x0,0x0,0x0,0x0,0x0,0x0,0x0,0x0,0x0,0x58,0xcf,0x79,0x38,0xe1,0x70,0x0,0x0,0x0,0x0,0x0,0x0,0x0,0x0,0x0,0x0,0x0,0x0,0x0,0x0,0x0,0x0,0x0,0x0,6,20,20
2025-02-24 17:18:45.513773,2025-02-24 17:18:46.326597,253601278945128,0x68,0x67,0x25,0x26,0xa6,0xe6,0x0,0x0,0x0,0x0,0x0,0x0,0x0,0x0,0x0,0x0,0x0,0x0,0x0,0x0,0x0,0x0,0x0,0x0,0x0,0x0,0x0,0x0,0x0,0x0,0x0,0x0,0x68,0x67,0x25,0x22,0xae,0xe6,0x0,0x0,0x68,0x67,0x25,0x24,0x8c,0x2a,0x0,0x0,0x58,0xcf,0x79,0x38,0xe1,0x70,0x0,0x0,6,20,20
2025-02-24 17:18:45.513773,2025-02-24 17:18:46.326597,101828741649760,0x60,0x55,0xf9,0xd9,0x9c,0x5c,0x0,0x0,0x0,0x0,0x0,0x0,0x0,0x0,0x0,0x0,0x0,0x0,0x0,0x0,0x0,0x0,0x0,0x0,0x0,0x0,0x0,0x0,0x0,0x0,0x0,0x0,0x0,0x0,0x0,0x0,0x0,0x0,0x0,0x0,0x68,0x67,0x25,0x26,0x1,0xc8,0x0,0x0,0x68,0x67,0x25,0x25,0xff,0x7e,0x0,0x0,6,20,20
2025-02-24 17:18:45.513773,2025-02-24 17:18:46.326597,150238528890728,0x68,0x67,0x25,0x22,0xa4,0x88,0x0,0x0,0x0,0x0,0x0,0x0,0x0,0x0,0x0,0x0,0x0,0x0,0x0,0x0,0x0,0x0,0x0,0x0,0x68,0x67,0x25,0x22,0xb5,0x4c,0x0,0x0,0x68,0x67,0x25,0x25,0xee,0x8a,0x0,0x0,0x0,0x0,0x0,0x0,0x0,0x0,0x0,0x0,0x68,0x67,0x25,0x22,0xbb,0x26,0x0,0x0,6,20,20
2025-02-24 17:18:45.513773,2025-02-24 17:18:46.326597,42585173616488,0x68,0x67,0x25,0x22,0xbb,0x26,0x0,0x0,0x0,0x0,0x0,0x0,0x0,0x0,0x0,0x0,0x0,0x0,0x0,0x0,0x0,0x0,0x0,0x0,0x68,0x67,0x25,0x22,0xb0,0x5e,0x0,0x0,0x68,0x67,0x25,0x25,0xec,0x30,0x0,0x0,0x68,0x67,0x25,0x22,0xa4,0x88,0x0,0x0,0x68,0x67,0x25,0x24,0x8c,0x2a,0x0,0x0,6,20,20
2025-02-24 17:18:45.513773,2025-02-24 17:18:46.326597,192290928316248,0x58,0xcf,0x79,0x38,0xe3,0xae,0x0,0x0,0x0,0x0,0x0,0x0,0x0,0x0,0x0,0x0,0x0,0x0,0x0,0x0,0x0,0x0,0x0,0x0,0x58,0xcf,0x79,0x38,0xe1,0x70,0x0,0x0,0x0,0x0,0x0,0x0,0x0,0x0,0x0,0x0,0x68,0x67,0x25,0x22,0xae,0xe6,0x0,0x0,0x68,0x67,0x25,0x24,0x5c,0xa8,0x0,0x0,6,20,20
2025-02-24 17:18:45.513773,2025-02-24 17:18:46.326597,253635571574632,0x68,0x67,0x25,0x22,0xae,0xe6,0x0,0x0,0x0,0x0,0x0,0x0,0x0,0x0,0x0,0x0,0x0,0x0,0x0,0x0,0x0,0x0,0x0,0x0,0x68,0x67,0x25,0x26,0xa6,0xe6,0x0,0x0,0x0,0x0,0x0,0x0,0x0,0x0,0x0,0x0,0x68,0x67,0x25,0x24,0xbb,0x30,0x0,0x0,0x58,0xcf,0x79,0x38,0xe3,0xae,0x0,0x0,6,20,20
2025-02-24 17:18:45.513773,2025-02-24 17:18:46.326597,84340845668200,0x68,0x67,0x25,0x22,0xb5,0x4c,0x0,0x0,0x0,0x0,0x0,0x0,0x0,0x0,0x0,0x0,0x0,0x0,0x0,0x0,0x0,0x0,0x0,0x0,0x0,0x0,0x0,0x0,0x0,0x0,0x0,0x0,0x68,0x67,0x25,0x22,0xa4,0x88,0x0,0x0,0x0,0x0,0x0,0x0,0x0,0x0,0x0,0x0,0x68,0x67,0x25,0x22,0xb0,0x5e,0x0,0x0,6,20,20
2025-02-24 17:18:45.513773,2025-02-24 17:18:46.326597,219907260508008,0x68,0x67,0x25,0x26,0x1,0xc8,0x0,0x0,0x0,0x0,0x0,0x0,0x0,0x0,0x0,0x0,0x0,0x0,0x0,0x0,0x0,0x0,0x0,0x0,0x0,0x0,0x0,0x0,0x0,0x0,0x0,0x0,0x0,0x0,0x0,0x0,0x0,0x0,0x0,0x0,0x68,0x67,0x25,0x24,0x5c,0xa8,0x0,0x0,0x60,0x55,0xf9,0xd9,0x9c,0x5c,0x0,0x0,6,20,20
2025-02-24 17:18:45.513773,2025-02-24 17:18:46.326597,44973225764712,0x68,0x67,0x25,0x25,0xe7,0x28,0x0,0x0,0x0,0x0,0x0,0x0,0x0,0x0,0x0,0x0,0x0,0x0,0x0,0x0,0x0,0x0,0x0,0x0,0x68,0x67,0x25,0x22,0xa1,0xa0,0x0,0x0,0x0,0x0,0x0,0x0,0x0,0x0,0x0,0x0,0x68,0x67,0x25,0x25,0xeb,0x1c,0x0,0x0,0x0,0x0,0x0,0x0,0x0,0x0,0x0,0x0,6,20,20
2025-02-24 17:18:45.513773,2025-02-24 17:18:46.326597,104110580131688,0x68,0x67,0x25,0x22,0xb0,0x5e,0x0,0x0,0x0,0x0,0x0,0x0,0x0,0x0,0x0,0x0,0x0,0x0,0x0,0x0,0x0,0x0,0x0,0x0,0x0,0x0,0x0,0x0,0x0,0x0,0x0,0x0,0x68,0x67,0x25,0x22,0xbb,0x26,0x0,0x0,0x68,0x67,0x25,0x22,0xb5,0x4c,0x0,0x0,0x0,0x0,0x0,0x0,0x0,0x0,0x0,0x0,6,20,20
2025-02-24 17:18:45.513773,2025-02-24 17:18:46.326597,152755430057832,0x68,0x67,0x25,0x25,0xee,0x8a,0x0,0x0,0x0,0x0,0x0,0x0,0x0,0x0,0x0,0x0,0x0,0x0,0x0,0x0,0x0,0x0,0x0,0x0,0x68,0x67,0x25,0x22,0xa4,0x88,0x0,0x0,0x0,0x0,0x0,0x0,0x0,0x0,0x0,0x0,0x0,0x0,0x0,0x0,0x0,0x0,0x0,0x0,0x68,0x67,0x25,0x25,0xec,0x30,0x0,0x0,6,20,20
2025-02-24 17:18:45.513773,2025-02-24 17:18:46.326597,53790793623400,0x68,0x67,0x25,0x25,0xec,0x30,0x0,0x0,0x0,0x0,0x0,0x0,0x0,0x0,0x0,0x0,0x0,0x0,0x0,0x0,0x0,0x0,0x0,0x0,0x68,0x67,0x25,0x22,0xbb,0x26,0x0,0x0,0x0,0x0,0x0,0x0,0x0,0x0,0x0,0x0,0x68,0x67,0x25,0x25,0xee,0x8a,0x0,0x0,0x68,0x67,0x25,0x24,0xbb,0x30,0x0,0x0,6,20,20
2025-02-24 17:18:45.513773,2025-02-24 17:18:46.326597,139634304968552,0x68,0x67,0x25,0x25,0xff,0x7e,0x0,0x0,0x0,0x0,0x0,0x0,0x0,0x0,0x0,0x0,0x0,0x0,0x0,0x0,0x0,0x0,0x0,0x0,0x0,0x0,0x0,0x0,0x0,0x0,0x0,0x0,0x68,0x67,0x25,0x25,0xeb,0x1c,0x0,0x0,0x60,0x55,0xf9,0xd9,0x9c,0x5c,0x0,0x0,0x68,0x67,0x25,0x22,0xa1,0xa0,0x0,0x0,6,20,20
2025-02-24 17:18:45.513773,2025-02-24 17:18:46.326597,53580323448680,0x68,0x67,0x25,0x24,0xbb,0x30,0x0,0x0,0x0,0x0,0x0,0x0,0x0,0x0,0x0,0x0,0x0,0x0,0x0,0x0,0x0,0x0,0x0,0x0,0x68,0x67,0x25,0x24,0x8c,0x2a,0x0,0x0,0x0,0x0,0x0,0x0,0x0,0x0,0x0,0x0,0x68,0x67,0x25,0x25,0xec,0x30,0x0,0x0,0x68,0x67,0x25,0x22,0xae,0xe6,0x0,0x0,6,20,20
2025-02-24 17:18:45.513773,2025-02-24 17:18:46.326597,31796266100584,0x68,0x67,0x25,0x25,0xeb,0x1c,0x0,0x0,0x0,0x0,0x0,0x0,0x0,0x0,0x0,0x0,0x0,0x0,0x0,0x0,0x0,0x0,0x0,0x0,0x68,0x67,0x25,0x25,0xff,0x7e,0x0,0x0,0x0,0x0,0x0,0x0,0x0,0x0,0x0,0x0,0x0,0x0,0x0,0x0,0x0,0x0,0x0,0x0,0x68,0x67,0x25,0x25,0xe7,0x28,0x0,0x0,6,20,20
2025-02-24 17:18:45.513773,2025-02-24 17:18:46.326597,185113696888680,0x68,0x67,0x25,0x24,0x5c,0xa8,0x0,0x0,0x0,0x0,0x0,0x0,0x0,0x0,0x0,0x0,0x0,0x0,0x0,0x0,0x0,0x0,0x0,0x0,0x0,0x0,0x0,0x0,0x0,0x0,0x0,0x0,0x0,0x0,0x0,0x0,0x0,0x0,0x0,0x0,0x58,0xcf,0x79,0x38,0xe3,0xae,0x0,0x0,0x68,0x67,0x25,0x26,0x1,0xc8,0x0,0x0,6,20,20
2025-02-24 17:18:45.513773,2025-02-24 17:18:46.326597,124112617459544,0x58,0xcf,0x79,0x38,0xe1,0x70,0x0,0x0,0x0,0x0,0x0,0x0,0x0,0x0,0x0,0x0,0x0,0x0,0x0,0x0,0x0,0x0,0x0,0x0,0x60,0x55,0xf9,0xda,0x92,0xdc,0x0,0x0,0x58,0xcf,0x79,0x38,0xe3,0xae,0x0,0x0,0x68,0x67,0x25,0x26,0xa6,0xe6,0x0,0x0,0x0,0x0,0x0,0x0,0x0,0x0,0x0,0x0,6,20,20
2025-02-24 17:18:56.335665,2025-02-24 17:18:57.103618,176613923055464,0x68,0x67,0x25,0x22,0xa1,0xa0,0x0,0x0,0x0,0x0,0x0,0x0,0x0,0x0,0x0,0x0,0x0,0x0,0x0,0x0,0x0,0x0,0x0,0x0,0x0,0x0,0x0,0x0,0x0,0x0,0x0,0x0,0x68,0x67,0x25,0x25,0xe7,0x28,0x0,0x0,0x68,0x67,0x25,0x25,0xff,0x7e,0x0,0x0,0x0,0x0,0x0,0x0,0x0,0x0,0x0,0x0,7,20,20
2025-02-24 17:18:56.335665,2025-02-24 17:18:57.103618,46781390219112,0x68,0x67,0x25,0x24,0x8c,0x2a,0x0,0x0,0x0,0x0,0x0,0x0,0x0,0x0,0x0,0x0,0x0,0x0,0x0,0x0,0x0,0x0,0x0,0x0,0x0,0x0,0x0,0x0,0x0,0x0,0x0,0x0,0x68,0x67,0x25,0x24,0xbb,0x30,0x0,0x0,0x68,0x67,0x25,0x22,0xbb,0x26,0x0,0x0,0x68,0x67,0x25,0x26,0xa6,0xe6,0x0,0x0,7,20,20
2025-02-24 17:18:56.335665,2025-02-24 17:18:57.103618,242523297109344,0x60,0x55,0xf9,0xda,0x92,0xdc,0x0,0x0,0x0,0x0,0x0,0x0,0x0,0x0,0x0,0x0,0x0,0x0,0x0,0x0,0x0,0x0,0x0,0x0,0x0,0x0,0x0,0x0,0x0,0x0,0x0,0x0,0x58,0xcf,0x79,0x38,0xe1,0x70,0x0,0x0,0x0,0x0,0x0,0x0,0x0,0x0,0x0,0x0,0x0,0x0,0x0,0x0,0x0,0x0,0x0,0x0,7,20,20
2025-02-24 17:18:56.335665,2025-02-24 17:18:57.103618,253601278945128,0x68,0x67,0x25,0x26,0xa6,0xe6,0x0,0x0,0x0,0x0,0x0,0x0,0x0,0x0,0x0,0x0,0x0,0x0,0x0,0x0,0x0,0x0,0x0,0x0,0x0,0x0,0x0,0x0,0x0,0x0,0x0,0x0,0x68,0x67,0x25,0x22,0xae,0xe6,0x0,0x0,0x68,0x67,0x25,0x24,0x8c,0x2a,0x0,0x0,0x58,0xcf,0x79,0x38,0xe1,0x70,0x0,0x0,7,20,20
2025-02-24 17:18:56.335665,2025-02-24 17:18:57.103618,101828741649760,0x60,0x55,0xf9,0xd9,0x9c,0x5c,0x0,0x0,0x0,0x0,0x0,0x0,0x0,0x0,0x0,0x0,0x0,0x0,0x0,0x0,0x0,0x0,0x0,0x0,0x0,0x0,0x0,0x0,0x0,0x0,0x0,0x0,0x0,0x0,0x0,0x0,0x0,0x0,0x0,0x0,0x68,0x67,0x25,0x26,0x1,0xc8,0x0,0x0,0x68,0x67,0x25,0x25,0xff,0x7e,0x0,0x0,7,20,20
2025-02-24 17:18:56.335665,2025-02-24 17:18:57.103618,150238528890728,0x68,0x67,0x25,0x22,0xa4,0x88,0x0,0x0,0x0,0x0,0x0,0x0,0x0,0x0,0x0,0x0,0x0,0x0,0x0,0x0,0x0,0x0,0x0,0x0,0x68,0x67,0x25,0x22,0xb5,0x4c,0x0,0x0,0x68,0x67,0x25,0x25,0xee,0x8a,0x0,0x0,0x0,0x0,0x0,0x0,0x0,0x0,0x0,0x0,0x68,0x67,0x25,0x22,0xbb,0x26,0x0,0x0,7,20,20
2025-02-24 17:18:56.335665,2025-02-24 17:18:57.103618,42585173616488,0x68,0x67,0x25,0x22,0xbb,0x26,0x0,0x0,0x0,0x0,0x0,0x0,0x0,0x0,0x0,0x0,0x0,0x0,0x0,0x0,0x0,0x0,0x0,0x0,0x68,0x67,0x25,0x22,0xb0,0x5e,0x0,0x0,0x68,0x67,0x25,0x25,0xec,0x30,0x0,0x0,0x68,0x67,0x25,0x22,0xa4,0x88,0x0,0x0,0x68,0x67,0x25,0x24,0x8c,0x2a,0x0,0x0,7,20,20
2025-02-24 17:18:56.335665,2025-02-24 17:18:57.103618,192290928316248,0x58,0xcf,0x79,0x38,0xe3,0xae,0x0,0x0,0x0,0x0,0x0,0x0,0x0,0x0,0x0,0x0,0x0,0x0,0x0,0x0,0x0,0x0,0x0,0x0,0x58,0xcf,0x79,0x38,0xe1,0x70,0x0,0x0,0x0,0x0,0x0,0x0,0x0,0x0,0x0,0x0,0x68,0x67,0x25,0x22,0xae,0xe6,0x0,0x0,0x68,0x67,0x25,0x24,0x5c,0xa8,0x0,0x0,7,20,20
2025-02-24 17:18:56.335665,2025-02-24 17:18:57.103618,253635571574632,0x68,0x67,0x25,0x22,0xae,0xe6,0x0,0x0,0x0,0x0,0x0,0x0,0x0,0x0,0x0,0x0,0x0,0x0,0x0,0x0,0x0,0x0,0x0,0x0,0x68,0x67,0x25,0x26,0xa6,0xe6,0x0,0x0,0x0,0x0,0x0,0x0,0x0,0x0,0x0,0x0,0x68,0x67,0x25,0x24,0xbb,0x30,0x0,0x0,0x58,0xcf,0x79,0x38,0xe3,0xae,0x0,0x0,7,20,20
2025-02-24 17:18:56.335665,2025-02-24 17:18:57.103618,84340845668200,0x68,0x67,0x25,0x22,0xb5,0x4c,0x0,0x0,0x0,0x0,0x0,0x0,0x0,0x0,0x0,0x0,0x0,0x0,0x0,0x0,0x0,0x0,0x0,0x0,0x0,0x0,0x0,0x0,0x0,0x0,0x0,0x0,0x68,0x67,0x25,0x22,0xa4,0x88,0x0,0x0,0x0,0x0,0x0,0x0,0x0,0x0,0x0,0x0,0x68,0x67,0x25,0x22,0xb0,0x5e,0x0,0x0,7,20,20
2025-02-24 17:18:56.335665,2025-02-24 17:18:57.103618,219907260508008,0x68,0x67,0x25,0x26,0x1,0xc8,0x0,0x0,0x0,0x0,0x0,0x0,0x0,0x0,0x0,0x0,0x0,0x0,0x0,0x0,0x0,0x0,0x0,0x0,0x0,0x0,0x0,0x0,0x0,0x0,0x0,0x0,0x0,0x0,0x0,0x0,0x0,0x0,0x0,0x0,0x68,0x67,0x25,0x24,0x5c,0xa8,0x0,0x0,0x60,0x55,0xf9,0xd9,0x9c,0x5c,0x0,0x0,7,20,20
2025-02-24 17:18:56.335665,2025-02-24 17:18:57.103618,44973225764712,0x68,0x67,0x25,0x25,0xe7,0x28,0x0,0x0,0x0,0x0,0x0,0x0,0x0,0x0,0x0,0x0,0x0,0x0,0x0,0x0,0x0,0x0,0x0,0x0,0x68,0x67,0x25,0x22,0xa1,0xa0,0x0,0x0,0x0,0x0,0x0,0x0,0x0,0x0,0x0,0x0,0x68,0x67,0x25,0x25,0xeb,0x1c,0x0,0x0,0x0,0x0,0x0,0x0,0x0,0x0,0x0,0x0,7,20,20
2025-02-24 17:18:56.335665,2025-02-24 17:18:57.103618,104110580131688,0x68,0x67,0x25,0x22,0xb0,0x5e,0x0,0x0,0x0,0x0,0x0,0x0,0x0,0x0,0x0,0x0,0x0,0x0,0x0,0x0,0x0,0x0,0x0,0x0,0x0,0x0,0x0,0x0,0x0,0x0,0x0,0x0,0x68,0x67,0x25,0x22,0xbb,0x26,0x0,0x0,0x68,0x67,0x25,0x22,0xb5,0x4c,0x0,0x0,0x0,0x0,0x0,0x0,0x0,0x0,0x0,0x0,7,20,20
2025-02-24 17:18:56.335665,2025-02-24 17:18:57.103618,152755430057832,0x68,0x67,0x25,0x25,0xee,0x8a,0x0,0x0,0x0,0x0,0x0,0x0,0x0,0x0,0x0,0x0,0x0,0x0,0x0,0x0,0x0,0x0,0x0,0x0,0x68,0x67,0x25,0x22,0xa4,0x88,0x0,0x0,0x0,0x0,0x0,0x0,0x0,0x0,0x0,0x0,0x0,0x0,0x0,0x0,0x0,0x0,0x0,0x0,0x68,0x67,0x25,0x25,0xec,0x30,0x0,0x0,7,20,20
2025-02-24 17:18:56.335665,2025-02-24 17:18:57.103618,53790793623400,0x68,0x67,0x25,0x25,0xec,0x30,0x0,0x0,0x0,0x0,0x0,0x0,0x0,0x0,0x0,0x0,0x0,0x0,0x0,0x0,0x0,0x0,0x0,0x0,0x68,0x67,0x25,0x22,0xbb,0x26,0x0,0x0,0x0,0x0,0x0,0x0,0x0,0x0,0x0,0x0,0x68,0x67,0x25,0x25,0xee,0x8a,0x0,0x0,0x68,0x67,0x25,0x24,0xbb,0x30,0x0,0x0,7,20,20
2025-02-24 17:18:56.335665,2025-02-24 17:18:57.103618,139634304968552,0x68,0x67,0x25,0x25,0xff,0x7e,0x0,0x0,0x0,0x0,0x0,0x0,0x0,0x0,0x0,0x0,0x0,0x0,0x0,0x0,0x0,0x0,0x0,0x0,0x0,0x0,0x0,0x0,0x0,0x0,0x0,0x0,0x68,0x67,0x25,0x25,0xeb,0x1c,0x0,0x0,0x60,0x55,0xf9,0xd9,0x9c,0x5c,0x0,0x0,0x68,0x67,0x25,0x22,0xa1,0xa0,0x0,0x0,7,20,20
2025-02-24 17:18:56.335665,2025-02-24 17:18:57.103618,53580323448680,0x68,0x67,0x25,0x24,0xbb,0x30,0x0,0x0,0x0,0x0,0x0,0x0,0x0,0x0,0x0,0x0,0x0,0x0,0x0,0x0,0x0,0x0,0x0,0x0,0x68,0x67,0x25,0x24,0x8c,0x2a,0x0,0x0,0x0,0x0,0x0,0x0,0x0,0x0,0x0,0x0,0x68,0x67,0x25,0x25,0xec,0x30,0x0,0x0,0x68,0x67,0x25,0x22,0xae,0xe6,0x0,0x0,7,20,20
2025-02-24 17:18:56.335665,2025-02-24 17:18:57.103618,31796266100584,0x68,0x67,0x25,0x25,0xeb,0x1c,0x0,0x0,0x0,0x0,0x0,0x0,0x0,0x0,0x0,0x0,0x0,0x0,0x0,0x0,0x0,0x0,0x0,0x0,0x68,0x67,0x25,0x25,0xff,0x7e,0x0,0x0,0x0,0x0,0x0,0x0,0x0,0x0,0x0,0x0,0x0,0x0,0x0,0x0,0x0,0x0,0x0,0x0,0x68,0x67,0x25,0x25,0xe7,0x28,0x0,0x0,7,20,20
2025-02-24 17:18:56.335665,2025-02-24 17:18:57.103618,185113696888680,0x68,0x67,0x25,0x24,0x5c,0xa8,0x0,0x0,0x0,0x0,0x0,0x0,0x0,0x0,0x0,0x0,0x0,0x0,0x0,0x0,0x0,0x0,0x0,0x0,0x0,0x0,0x0,0x0,0x0,0x0,0x0,0x0,0x0,0x0,0x0,0x0,0x0,0x0,0x0,0x0,0x58,0xcf,0x79,0x38,0xe3,0xae,0x0,0x0,0x68,0x67,0x25,0x26,0x1,0xc8,0x0,0x0,7,20,20
2025-02-24 17:18:56.335665,2025-02-24 17:18:57.103618,124112617459544,0x58,0xcf,0x79,0x38,0xe1,0x70,0x0,0x0,0x0,0x0,0x0,0x0,0x0,0x0,0x0,0x0,0x0,0x0,0x0,0x0,0x0,0x0,0x0,0x0,0x60,0x55,0xf9,0xda,0x92,0xdc,0x0,0x0,0x58,0xcf,0x79,0x38,0xe3,0xae,0x0,0x0,0x68,0x67,0x25,0x26,0xa6,0xe6,0x0,0x0,0x0,0x0,0x0,0x0,0x0,0x0,0x0,0x0,7,20,20
2025-02-24 17:19:07.114281,2025-02-24 17:19:07.715986,176613923055464,0x68,0x67,0x25,0x22,0xa1,0xa0,0x0,0x0,0x0,0x0,0x0,0x0,0x0,0x0,0x0,0x0,0x0,0x0,0x0,0x0,0x0,0x0,0x0,0x0,0x0,0x0,0x0,0x0,0x0,0x0,0x0,0x0,0x68,0x67,0x25,0x25,0xe7,0x28,0x0,0x0,0x68,0x67,0x25,0x25,0xff,0x7e,0x0,0x0,0x0,0x0,0x0,0x0,0x0,0x0,0x0,0x0,8,20,20
2025-02-24 17:19:07.114281,2025-02-24 17:19:07.715986,46781390219112,0x68,0x67,0x25,0x24,0x8c,0x2a,0x0,0x0,0x0,0x0,0x0,0x0,0x0,0x0,0x0,0x0,0x0,0x0,0x0,0x0,0x0,0x0,0x0,0x0,0x0,0x0,0x0,0x0,0x0,0x0,0x0,0x0,0x68,0x67,0x25,0x24,0xbb,0x30,0x0,0x0,0x68,0x67,0x25,0x22,0xbb,0x26,0x0,0x0,0x68,0x67,0x25,0x26,0xa6,0xe6,0x0,0x0,8,20,20
2025-02-24 17:19:07.114281,2025-02-24 17:19:07.715986,242523297109344,0x60,0x55,0xf9,0xda,0x92,0xdc,0x0,0x0,0x0,0x0,0x0,0x0,0x0,0x0,0x0,0x0,0x0,0x0,0x0,0x0,0x0,0x0,0x0,0x0,0x0,0x0,0x0,0x0,0x0,0x0,0x0,0x0,0x58,0xcf,0x79,0x38,0xe1,0x70,0x0,0x0,0x0,0x0,0x0,0x0,0x0,0x0,0x0,0x0,0x0,0x0,0x0,0x0,0x0,0x0,0x0,0x0,8,20,20
2025-02-24 17:19:07.114281,2025-02-24 17:19:07.715986,253601278945128,0x68,0x67,0x25,0x26,0xa6,0xe6,0x0,0x0,0x0,0x0,0x0,0x0,0x0,0x0,0x0,0x0,0x0,0x0,0x0,0x0,0x0,0x0,0x0,0x0,0x0,0x0,0x0,0x0,0x0,0x0,0x0,0x0,0x68,0x67,0x25,0x22,0xae,0xe6,0x0,0x0,0x68,0x67,0x25,0x24,0x8c,0x2a,0x0,0x0,0x58,0xcf,0x79,0x38,0xe1,0x70,0x0,0x0,8,20,20
2025-02-24 17:19:07.114281,2025-02-24 17:19:07.715986,101828741649760,0x60,0x55,0xf9,0xd9,0x9c,0x5c,0x0,0x0,0x0,0x0,0x0,0x0,0x0,0x0,0x0,0x0,0x0,0x0,0x0,0x0,0x0,0x0,0x0,0x0,0x0,0x0,0x0,0x0,0x0,0x0,0x0,0x0,0x0,0x0,0x0,0x0,0x0,0x0,0x0,0x0,0x68,0x67,0x25,0x26,0x1,0xc8,0x0,0x0,0x68,0x67,0x25,0x25,0xff,0x7e,0x0,0x0,8,20,20
2025-02-24 17:19:07.114281,2025-02-24 17:19:07.715986,150238528890728,0x68,0x67,0x25,0x22,0xa4,0x88,0x0,0x0,0x0,0x0,0x0,0x0,0x0,0x0,0x0,0x0,0x0,0x0,0x0,0x0,0x0,0x0,0x0,0x0,0x68,0x67,0x25,0x22,0xb5,0x4c,0x0,0x0,0x68,0x67,0x25,0x25,0xee,0x8a,0x0,0x0,0x0,0x0,0x0,0x0,0x0,0x0,0x0,0x0,0x68,0x67,0x25,0x22,0xbb,0x26,0x0,0x0,8,20,20
2025-02-24 17:19:07.114281,2025-02-24 17:19:07.715986,42585173616488,0x68,0x67,0x25,0x22,0xbb,0x26,0x0,0x0,0x0,0x0,0x0,0x0,0x0,0x0,0x0,0x0,0x0,0x0,0x0,0x0,0x0,0x0,0x0,0x0,0x68,0x67,0x25,0x22,0xb0,0x5e,0x0,0x0,0x68,0x67,0x25,0x25,0xec,0x30,0x0,0x0,0x68,0x67,0x25,0x22,0xa4,0x88,0x0,0x0,0x68,0x67,0x25,0x24,0x8c,0x2a,0x0,0x0,8,20,20
2025-02-24 17:19:07.114281,2025-02-24 17:19:07.715986,192290928316248,0x58,0xcf,0x79,0x38,0xe3,0xae,0x0,0x0,0x0,0x0,0x0,0x0,0x0,0x0,0x0,0x0,0x0,0x0,0x0,0x0,0x0,0x0,0x0,0x0,0x58,0xcf,0x79,0x38,0xe1,0x70,0x0,0x0,0x0,0x0,0x0,0x0,0x0,0x0,0x0,0x0,0x68,0x67,0x25,0x22,0xae,0xe6,0x0,0x0,0x68,0x67,0x25,0x24,0x5c,0xa8,0x0,0x0,8,20,20
2025-02-24 17:19:07.114281,2025-02-24 17:19:07.715986,253635571574632,0x68,0x67,0x25,0x22,0xae,0xe6,0x0,0x0,0x0,0x0,0x0,0x0,0x0,0x0,0x0,0x0,0x0,0x0,0x0,0x0,0x0,0x0,0x0,0x0,0x68,0x67,0x25,0x26,0xa6,0xe6,0x0,0x0,0x0,0x0,0x0,0x0,0x0,0x0,0x0,0x0,0x68,0x67,0x25,0x24,0xbb,0x30,0x0,0x0,0x58,0xcf,0x79,0x38,0xe3,0xae,0x0,0x0,8,20,20
2025-02-24 17:19:07.114281,2025-02-24 17:19:07.715986,84340845668200,0x68,0x67,0x25,0x22,0xb5,0x4c,0x0,0x0,0x0,0x0,0x0,0x0,0x0,0x0,0x0,0x0,0x0,0x0,0x0,0x0,0x0,0x0,0x0,0x0,0x0,0x0,0x0,0x0,0x0,0x0,0x0,0x0,0x68,0x67,0x25,0x22,0xa4,0x88,0x0,0x0,0x0,0x0,0x0,0x0,0x0,0x0,0x0,0x0,0x68,0x67,0x25,0x22,0xb0,0x5e,0x0,0x0,8,20,20
2025-02-24 17:19:07.114281,2025-02-24 17:19:07.715986,219907260508008,0x68,0x67,0x25,0x26,0x1,0xc8,0x0,0x0,0x0,0x0,0x0,0x0,0x0,0x0,0x0,0x0,0x0,0x0,0x0,0x0,0x0,0x0,0x0,0x0,0x0,0x0,0x0,0x0,0x0,0x0,0x0,0x0,0x0,0x0,0x0,0x0,0x0,0x0,0x0,0x0,0x68,0x67,0x25,0x24,0x5c,0xa8,0x0,0x0,0x60,0x55,0xf9,0xd9,0x9c,0x5c,0x0,0x0,8,20,20
2025-02-24 17:19:07.114281,2025-02-24 17:19:07.715986,44973225764712,0x68,0x67,0x25,0x25,0xe7,0x28,0x0,0x0,0x0,0x0,0x0,0x0,0x0,0x0,0x0,0x0,0x0,0x0,0x0,0x0,0x0,0x0,0x0,0x0,0x68,0x67,0x25,0x22,0xa1,0xa0,0x0,0x0,0x0,0x0,0x0,0x0,0x0,0x0,0x0,0x0,0x68,0x67,0x25,0x25,0xeb,0x1c,0x0,0x0,0x0,0x0,0x0,0x0,0x0,0x0,0x0,0x0,8,20,20
2025-02-24 17:19:07.114281,2025-02-24 17:19:07.715986,104110580131688,0x68,0x67,0x25,0x22,0xb0,0x5e,0x0,0x0,0x0,0x0,0x0,0x0,0x0,0x0,0x0,0x0,0x0,0x0,0x0,0x0,0x0,0x0,0x0,0x0,0x0,0x0,0x0,0x0,0x0,0x0,0x0,0x0,0x68,0x67,0x25,0x22,0xbb,0x26,0x0,0x0,0x68,0x67,0x25,0x22,0xb5,0x4c,0x0,0x0,0x0,0x0,0x0,0x0,0x0,0x0,0x0,0x0,8,20,20
2025-02-24 17:19:07.114281,2025-02-24 17:19:07.715986,152755430057832,0x68,0x67,0x25,0x25,0xee,0x8a,0x0,0x0,0x0,0x0,0x0,0x0,0x0,0x0,0x0,0x0,0x0,0x0,0x0,0x0,0x0,0x0,0x0,0x0,0x68,0x67,0x25,0x22,0xa4,0x88,0x0,0x0,0x0,0x0,0x0,0x0,0x0,0x0,0x0,0x0,0x0,0x0,0x0,0x0,0x0,0x0,0x0,0x0,0x68,0x67,0x25,0x25,0xec,0x30,0x0,0x0,8,20,20
2025-02-24 17:19:07.114281,2025-02-24 17:19:07.715986,53790793623400,0x68,0x67,0x25,0x25,0xec,0x30,0x0,0x0,0x0,0x0,0x0,0x0,0x0,0x0,0x0,0x0,0x0,0x0,0x0,0x0,0x0,0x0,0x0,0x0,0x68,0x67,0x25,0x22,0xbb,0x26,0x0,0x0,0x0,0x0,0x0,0x0,0x0,0x0,0x0,0x0,0x68,0x67,0x25,0x25,0xee,0x8a,0x0,0x0,0x68,0x67,0x25,0x24,0xbb,0x30,0x0,0x0,8,20,20
2025-02-24 17:19:07.114281,2025-02-24 17:19:07.715986,139634304968552,0x68,0x67,0x25,0x25,0xff,0x7e,0x0,0x0,0x0,0x0,0x0,0x0,0x0,0x0,0x0,0x0,0x0,0x0,0x0,0x0,0x0,0x0,0x0,0x0,0x0,0x0,0x0,0x0,0x0,0x0,0x0,0x0,0x68,0x67,0x25,0x25,0xeb,0x1c,0x0,0x0,0x60,0x55,0xf9,0xd9,0x9c,0x5c,0x0,0x0,0x68,0x67,0x25,0x22,0xa1,0xa0,0x0,0x0,8,20,20
2025-02-24 17:19:07.114281,2025-02-24 17:19:07.715986,53580323448680,0x68,0x67,0x25,0x24,0xbb,0x30,0x0,0x0,0x0,0x0,0x0,0x0,0x0,0x0,0x0,0x0,0x0,0x0,0x0,0x0,0x0,0x0,0x0,0x0,0x68,0x67,0x25,0x24,0x8c,0x2a,0x0,0x0,0x0,0x0,0x0,0x0,0x0,0x0,0x0,0x0,0x68,0x67,0x25,0x25,0xec,0x30,0x0,0x0,0x68,0x67,0x25,0x22,0xae,0xe6,0x0,0x0,8,20,20
2025-02-24 17:19:07.114281,2025-02-24 17:19:07.715986,31796266100584,0x68,0x67,0x25,0x25,0xeb,0x1c,0x0,0x0,0x0,0x0,0x0,0x0,0x0,0x0,0x0,0x0,0x0,0x0,0x0,0x0,0x0,0x0,0x0,0x0,0x68,0x67,0x25,0x25,0xff,0x7e,0x0,0x0,0x0,0x0,0x0,0x0,0x0,0x0,0x0,0x0,0x0,0x0,0x0,0x0,0x0,0x0,0x0,0x0,0x68,0x67,0x25,0x25,0xe7,0x28,0x0,0x0,8,20,20
2025-02-24 17:19:07.114281,2025-02-24 17:19:07.715986,185113696888680,0x68,0x67,0x25,0x24,0x5c,0xa8,0x0,0x0,0x0,0x0,0x0,0x0,0x0,0x0,0x0,0x0,0x0,0x0,0x0,0x0,0x0,0x0,0x0,0x0,0x0,0x0,0x0,0x0,0x0,0x0,0x0,0x0,0x0,0x0,0x0,0x0,0x0,0x0,0x0,0x0,0x58,0xcf,0x79,0x38,0xe3,0xae,0x0,0x0,0x68,0x67,0x25,0x26,0x1,0xc8,0x0,0x0,8,20,20
2025-02-24 17:19:07.114281,2025-02-24 17:19:07.715986,124112617459544,0x58,0xcf,0x79,0x38,0xe1,0x70,0x0,0x0,0x0,0x0,0x0,0x0,0x0,0x0,0x0,0x0,0x0,0x0,0x0,0x0,0x0,0x0,0x0,0x0,0x60,0x55,0xf9,0xda,0x92,0xdc,0x0,0x0,0x58,0xcf,0x79,0x38,0xe3,0xae,0x0,0x0,0x68,0x67,0x25,0x26,0xa6,0xe6,0x0,0x0,0x0,0x0,0x0,0x0,0x0,0x0,0x0,0x0,8,20,20
2025-02-24 17:19:17.731771,2025-02-24 17:19:18.428819,176613923055464,0x68,0x67,0x25,0x22,0xa1,0xa0,0x0,0x0,0x0,0x0,0x0,0x0,0x0,0x0,0x0,0x0,0x0,0x0,0x0,0x0,0x0,0x0,0x0,0x0,0x0,0x0,0x0,0x0,0x0,0x0,0x0,0x0,0x68,0x67,0x25,0x25,0xe7,0x28,0x0,0x0,0x68,0x67,0x25,0x25,0xff,0x7e,0x0,0x0,0x0,0x0,0x0,0x0,0x0,0x0,0x0,0x0,9,20,20
2025-02-24 17:19:17.731771,2025-02-24 17:19:18.428819,46781390219112,0x68,0x67,0x25,0x24,0x8c,0x2a,0x0,0x0,0x0,0x0,0x0,0x0,0x0,0x0,0x0,0x0,0x0,0x0,0x0,0x0,0x0,0x0,0x0,0x0,0x0,0x0,0x0,0x0,0x0,0x0,0x0,0x0,0x68,0x67,0x25,0x24,0xbb,0x30,0x0,0x0,0x68,0x67,0x25,0x22,0xbb,0x26,0x0,0x0,0x68,0x67,0x25,0x26,0xa6,0xe6,0x0,0x0,9,20,20
2025-02-24 17:19:17.731771,2025-02-24 17:19:18.428819,242523297109344,0x60,0x55,0xf9,0xda,0x92,0xdc,0x0,0x0,0x0,0x0,0x0,0x0,0x0,0x0,0x0,0x0,0x0,0x0,0x0,0x0,0x0,0x0,0x0,0x0,0x0,0x0,0x0,0x0,0x0,0x0,0x0,0x0,0x58,0xcf,0x79,0x38,0xe1,0x70,0x0,0x0,0x0,0x0,0x0,0x0,0x0,0x0,0x0,0x0,0x0,0x0,0x0,0x0,0x0,0x0,0x0,0x0,9,20,20
2025-02-24 17:19:17.731771,2025-02-24 17:19:18.428819,253601278945128,0x68,0x67,0x25,0x26,0xa6,0xe6,0x0,0x0,0x0,0x0,0x0,0x0,0x0,0x0,0x0,0x0,0x0,0x0,0x0,0x0,0x0,0x0,0x0,0x0,0x0,0x0,0x0,0x0,0x0,0x0,0x0,0x0,0x68,0x67,0x25,0x22,0xae,0xe6,0x0,0x0,0x68,0x67,0x25,0x24,0x8c,0x2a,0x0,0x0,0x58,0xcf,0x79,0x38,0xe1,0x70,0x0,0x0,9,20,20
2025-02-24 17:19:17.731771,2025-02-24 17:19:18.428819,101828741649760,0x60,0x55,0xf9,0xd9,0x9c,0x5c,0x0,0x0,0x0,0x0,0x0,0x0,0x0,0x0,0x0,0x0,0x0,0x0,0x0,0x0,0x0,0x0,0x0,0x0,0x0,0x0,0x0,0x0,0x0,0x0,0x0,0x0,0x0,0x0,0x0,0x0,0x0,0x0,0x0,0x0,0x68,0x67,0x25,0x26,0x1,0xc8,0x0,0x0,0x68,0x67,0x25,0x25,0xff,0x7e,0x0,0x0,9,20,20
2025-02-24 17:19:17.731771,2025-02-24 17:19:18.428819,150238528890728,0x68,0x67,0x25,0x22,0xa4,0x88,0x0,0x0,0x0,0x0,0x0,0x0,0x0,0x0,0x0,0x0,0x0,0x0,0x0,0x0,0x0,0x0,0x0,0x0,0x68,0x67,0x25,0x22,0xb5,0x4c,0x0,0x0,0x68,0x67,0x25,0x25,0xee,0x8a,0x0,0x0,0x0,0x0,0x0,0x0,0x0,0x0,0x0,0x0,0x68,0x67,0x25,0x22,0xbb,0x26,0x0,0x0,9,20,20
2025-02-24 17:19:17.731771,2025-02-24 17:19:18.428819,42585173616488,0x68,0x67,0x25,0x22,0xbb,0x26,0x0,0x0,0x0,0x0,0x0,0x0,0x0,0x0,0x0,0x0,0x0,0x0,0x0,0x0,0x0,0x0,0x0,0x0,0x68,0x67,0x25,0x22,0xb0,0x5e,0x0,0x0,0x68,0x67,0x25,0x25,0xec,0x30,0x0,0x0,0x68,0x67,0x25,0x22,0xa4,0x88,0x0,0x0,0x68,0x67,0x25,0x24,0x8c,0x2a,0x0,0x0,9,20,20
2025-02-24 17:19:17.731771,2025-02-24 17:19:18.428819,192290928316248,0x58,0xcf,0x79,0x38,0xe3,0xae,0x0,0x0,0x0,0x0,0x0,0x0,0x0,0x0,0x0,0x0,0x0,0x0,0x0,0x0,0x0,0x0,0x0,0x0,0x58,0xcf,0x79,0x38,0xe1,0x70,0x0,0x0,0x0,0x0,0x0,0x0,0x0,0x0,0x0,0x0,0x68,0x67,0x25,0x22,0xae,0xe6,0x0,0x0,0x68,0x67,0x25,0x24,0x5c,0xa8,0x0,0x0,9,20,20
2025-02-24 17:19:17.731771,2025-02-24 17:19:18.428819,253635571574632,0x68,0x67,0x25,0x22,0xae,0xe6,0x0,0x0,0x0,0x0,0x0,0x0,0x0,0x0,0x0,0x0,0x0,0x0,0x0,0x0,0x0,0x0,0x0,0x0,0x68,0x67,0x25,0x26,0xa6,0xe6,0x0,0x0,0x0,0x0,0x0,0x0,0x0,0x0,0x0,0x0,0x68,0x67,0x25,0x24,0xbb,0x30,0x0,0x0,0x58,0xcf,0x79,0x38,0xe3,0xae,0x0,0x0,9,20,20
2025-02-24 17:19:17.731771,2025-02-24 17:19:18.428819,84340845668200,0x68,0x67,0x25,0x22,0xb5,0x4c,0x0,0x0,0x0,0x0,0x0,0x0,0x0,0x0,0x0,0x0,0x0,0x0,0x0,0x0,0x0,0x0,0x0,0x0,0x0,0x0,0x0,0x0,0x0,0x0,0x0,0x0,0x68,0x67,0x25,0x22,0xa4,0x88,0x0,0x0,0x0,0x0,0x0,0x0,0x0,0x0,0x0,0x0,0x68,0x67,0x25,0x22,0xb0,0x5e,0x0,0x0,9,20,20
2025-02-24 17:19:17.731771,2025-02-24 17:19:18.428819,219907260508008,0x68,0x67,0x25,0x26,0x1,0xc8,0x0,0x0,0x0,0x0,0x0,0x0,0x0,0x0,0x0,0x0,0x0,0x0,0x0,0x0,0x0,0x0,0x0,0x0,0x0,0x0,0x0,0x0,0x0,0x0,0x0,0x0,0x0,0x0,0x0,0x0,0x0,0x0,0x0,0x0,0x68,0x67,0x25,0x24,0x5c,0xa8,0x0,0x0,0x60,0x55,0xf9,0xd9,0x9c,0x5c,0x0,0x0,9,20,20
2025-02-24 17:19:17.731771,2025-02-24 17:19:18.428819,44973225764712,0x68,0x67,0x25,0x25,0xe7,0x28,0x0,0x0,0x0,0x0,0x0,0x0,0x0,0x0,0x0,0x0,0x0,0x0,0x0,0x0,0x0,0x0,0x0,0x0,0x68,0x67,0x25,0x22,0xa1,0xa0,0x0,0x0,0x0,0x0,0x0,0x0,0x0,0x0,0x0,0x0,0x68,0x67,0x25,0x25,0xeb,0x1c,0x0,0x0,0x0,0x0,0x0,0x0,0x0,0x0,0x0,0x0,9,20,20
2025-02-24 17:19:17.731771,2025-02-24 17:19:18.428819,104110580131688,0x68,0x67,0x25,0x22,0xb0,0x5e,0x0,0x0,0x0,0x0,0x0,0x0,0x0,0x0,0x0,0x0,0x0,0x0,0x0,0x0,0x0,0x0,0x0,0x0,0x0,0x0,0x0,0x0,0x0,0x0,0x0,0x0,0x68,0x67,0x25,0x22,0xbb,0x26,0x0,0x0,0x68,0x67,0x25,0x22,0xb5,0x4c,0x0,0x0,0x0,0x0,0x0,0x0,0x0,0x0,0x0,0x0,9,20,20
2025-02-24 17:19:17.731771,2025-02-24 17:19:18.428819,152755430057832,0x68,0x67,0x25,0x25,0xee,0x8a,0x0,0x0,0x0,0x0,0x0,0x0,0x0,0x0,0x0,0x0,0x0,0x0,0x0,0x0,0x0,0x0,0x0,0x0,0x68,0x67,0x25,0x22,0xa4,0x88,0x0,0x0,0x0,0x0,0x0,0x0,0x0,0x0,0x0,0x0,0x0,0x0,0x0,0x0,0x0,0x0,0x0,0x0,0x68,0x67,0x25,0x25,0xec,0x30,0x0,0x0,9,20,20
2025-02-24 17:19:17.731771,2025-02-24 17:19:18.428819,53790793623400,0x68,0x67,0x25,0x25,0xec,0x30,0x0,0x0,0x0,0x0,0x0,0x0,0x0,0x0,0x0,0x0,0x0,0x0,0x0,0x0,0x0,0x0,0x0,0x0,0x68,0x67,0x25,0x22,0xbb,0x26,0x0,0x0,0x0,0x0,0x0,0x0,0x0,0x0,0x0,0x0,0x68,0x67,0x25,0x25,0xee,0x8a,0x0,0x0,0x68,0x67,0x25,0x24,0xbb,0x30,0x0,0x0,9,20,20
2025-02-24 17:19:17.731771,2025-02-24 17:19:18.428819,139634304968552,0x68,0x67,0x25,0x25,0xff,0x7e,0x0,0x0,0x0,0x0,0x0,0x0,0x0,0x0,0x0,0x0,0x0,0x0,0x0,0x0,0x0,0x0,0x0,0x0,0x0,0x0,0x0,0x0,0x0,0x0,0x0,0x0,0x68,0x67,0x25,0x25,0xeb,0x1c,0x0,0x0,0x60,0x55,0xf9,0xd9,0x9c,0x5c,0x0,0x0,0x68,0x67,0x25,0x22,0xa1,0xa0,0x0,0x0,9,20,20
2025-02-24 17:19:17.731771,2025-02-24 17:19:18.428819,53580323448680,0x68,0x67,0x25,0x24,0xbb,0x30,0x0,0x0,0x0,0x0,0x0,0x0,0x0,0x0,0x0,0x0,0x0,0x0,0x0,0x0,0x0,0x0,0x0,0x0,0x68,0x67,0x25,0x24,0x8c,0x2a,0x0,0x0,0x0,0x0,0x0,0x0,0x0,0x0,0x0,0x0,0x68,0x67,0x25,0x25,0xec,0x30,0x0,0x0,0x68,0x67,0x25,0x22,0xae,0xe6,0x0,0x0,9,20,20
2025-02-24 17:19:17.731771,2025-02-24 17:19:18.428819,31796266100584,0x68,0x67,0x25,0x25,0xeb,0x1c,0x0,0x0,0x0,0x0,0x0,0x0,0x0,0x0,0x0,0x0,0x0,0x0,0x0,0x0,0x0,0x0,0x0,0x0,0x68,0x67,0x25,0x25,0xff,0x7e,0x0,0x0,0x0,0x0,0x0,0x0,0x0,0x0,0x0,0x0,0x0,0x0,0x0,0x0,0x0,0x0,0x0,0x0,0x68,0x67,0x25,0x25,0xe7,0x28,0x0,0x0,9,20,20
2025-02-24 17:19:17.731771,2025-02-24 17:19:18.428819,185113696888680,0x68,0x67,0x25,0x24,0x5c,0xa8,0x0,0x0,0x0,0x0,0x0,0x0,0x0,0x0,0x0,0x0,0x0,0x0,0x0,0x0,0x0,0x0,0x0,0x0,0x0,0x0,0x0,0x0,0x0,0x0,0x0,0x0,0x0,0x0,0x0,0x0,0x0,0x0,0x0,0x0,0x58,0xcf,0x79,0x38,0xe3,0xae,0x0,0x0,0x68,0x67,0x25,0x26,0x1,0xc8,0x0,0x0,9,20,20
2025-02-24 17:19:17.731771,2025-02-24 17:19:18.428819,124112617459544,0x58,0xcf,0x79,0x38,0xe1,0x70,0x0,0x0,0x0,0x0,0x0,0x0,0x0,0x0,0x0,0x0,0x0,0x0,0x0,0x0,0x0,0x0,0x0,0x0,0x60,0x55,0xf9,0xda,0x92,0xdc,0x0,0x0,0x58,0xcf,0x79,0x38,0xe3,0xae,0x0,0x0,0x68,0x67,0x25,0x26,0xa6,0xe6,0x0,0x0,0x0,0x0,0x0,0x0,0x0,0x0,0x0,0x0,9,20,20
