2025-02-24 16:27:42.572591,2025-02-24 16:28:04.107118,125357850453864,0x68,0x67,0x25,0x26,0x3,0x72,0x0,0x0,0x68,0x67,0x25,0x25,0xf2,0x82,0x0,0x0,0x60,0x55,0xf9,0xd9,0xe1,0xe2,0x0,0x0,0x60,0x55,0xf9,0xda,0x92,0x8c,0x0,0x0,0x68,0x67,0x25,0x24,0x8f,0xd0,0x0,0x0,0x0,0x0,0x0,0x0,0x0,0x0,0x0,0x0,0x0,0x0,0x0,0x0,0x0,0x0,0x0,0x0,0,28,28
2025-02-24 16:27:42.572591,2025-02-24 16:28:04.107118,101828741649760,0x60,0x55,0xf9,0xd9,0x9c,0x5c,0x0,0x0,0x68,0x67,0x25,0x25,0xff,0x7e,0x0,0x0,0x0,0x0,0x0,0x0,0x0,0x0,0x0,0x0,0x0,0x0,0x0,0x0,0x0,0x0,0x0,0x0,0x0,0x0,0x0,0x0,0x0,0x0,0x0,0x0,0x68,0x67,0x25,0x25,0xfd,0x54,0x0,0x0,0x0,0x0,0x0,0x0,0x0,0x0,0x0,0x0,0,28,28
2025-02-24 16:27:42.572591,2025-02-24 16:28:04.107118,93446226667368,0x68,0x67,0x25,0x25,0xfd,0x54,0x0,0x0,0x60,0x55,0xf9,0xda,0x92,0x8c,0x0,0x0,0x0,0x0,0x0,0x0,0x0,0x0,0x0,0x0,0x68,0x67,0x25,0x22,0xb8,0x10,0x0,0x0,0x60,0x55,0xf9,0xd9,0xe1,0xe2,0x0,0x0,0x0,0x0,0x0,0x0,0x0,0x0,0x0,0x0,0x60,0x55,0xf9,0xd9,0x9c,0x5c,0x0,0x0,0,28,28
2025-02-24 16:27:42.572591,2025-02-24 16:28:04.107118,236103548626792,0x68,0x67,0x25,0x24,0xbc,0xd6,0x0,0x0,0x68,0x67,0x25,0x24,0x8f,0xd0,0x0,0x0,0x0,0x0,0x0,0x0,0x0,0x0,0x0,0x0,0x60,0x55,0xf9,0xd9,0xe1,0xe2,0x0,0x0,0x68,0x67,0x25,0x25,0xf0,0xf0,0x0,0x0,0x0,0x0,0x0,0x0,0x0,0x0,0x0,0x0,0x0,0x0,0x0,0x0,0x0,0x0,0x0,0x0,0,28,28
2025-02-24 16:27:42.572591,2025-02-24 16:28:04.107118,249459652515168,0x60,0x55,0xf9,0xd9,0xe1,0xe2,0x0,0x0,0x68,0x67,0x25,0x26,0x3,0x72,0x0,0x0,0x0,0x0,0x0,0x0,0x0,0x0,0x0,0x0,0x68,0x67,0x25,0x25,0xfd,0x54,0x0,0x0,0x68,0x67,0x25,0x24,0xbc,0xd6,0x0,0x0,0x0,0x0,0x0,0x0,0x0,0x0,0x0,0x0,0x0,0x0,0x0,0x0,0x0,0x0,0x0,0x0,0,28,28
2025-02-24 16:27:42.572591,2025-02-24 16:28:04.107118,139634304968552,0x68,0x67,0x25,0x25,0xff,0x7e,0x0,0x0,0x0,0x0,0x0,0x0,0x0,0x0,0x0,0x0,0x60,0x55,0xf9,0xd9,0x9c,0x5c,0x0,0x0,0x0,0x0,0x0,0x0,0x0,0x0,0x0,0x0,0x0,0x0,0x0,0x0,0x0,0x0,0x0,0x0,0x60,0x55,0xf9,0xda,0x92,0x8c,0x0,0x0,0x0,0x0,0x0,0x0,0x0,0x0,0x0,0x0,0,28,28
2025-02-24 16:27:42.572591,2025-02-24 16:28:04.107118,75776731211624,0x68,0x67,0x25,0x25,0xeb,0x44,0x0,0x0,0x0,0x0,0x0,0x0,0x0,0x0,0x0,0x0,0x68,0x67,0x25,0x25,0xf2,0x82,0x0,0x0,0x68,0x67,0x25,0x25,0xa2,0xec,0x0,0x0,0x0,0x0,0x0,0x0,0x0,0x0,0x0,0x0,0x0,0x0,0x0,0x0,0x0,0x0,0x0,0x0,0x0,0x0,0x0,0x0,0x0,0x0,0x0,0x0,0,28,28
2025-02-24 16:27:42.572591,2025-02-24 16:28:04.107118,31777959269728,0x60,0x55,0xf9,0xe1,0xe6,0x1c,0x0,0x0,0x68,0x67,0x25,0x22,0xa5,0x34,0x0,0x0,0x0,0x0,0x0,0x0,0x0,0x0,0x0,0x0,0x68,0x67,0x25,0x24,0x5c,0xa8,0x0,0x0,0x68,0x67,0x25,0x22,0xab,0xe0,0x0,0x0,0x0,0x0,0x0,0x0,0x0,0x0,0x0,0x0,0x0,0x0,0x0,0x0,0x0,0x0,0x0,0x0,0,28,28
2025-02-24 16:27:42.572591,2025-02-24 16:28:04.107118,264914206025576,0x68,0x67,0x25,0x25,0xf0,0xf0,0x0,0x0,0x58,0xcf,0x79,0x38,0xe2,0xe4,0x0,0x0,0x0,0x0,0x0,0x0,0x0,0x0,0x0,0x0,0x68,0x67,0x25,0x24,0xbc,0xd6,0x0,0x0,0x68,0x67,0x25,0x22,0xa1,0xa0,0x0,0x0,0x0,0x0,0x0,0x0,0x0,0x0,0x0,0x0,0x0,0x0,0x0,0x0,0x0,0x0,0x0,0x0,0,28,28
2025-02-24 16:27:42.572591,2025-02-24 16:28:04.107118,247025616906088,0x68,0x67,0x25,0x22,0xab,0xe0,0x0,0x0,0x68,0x67,0x25,0x26,0xa7,0x24,0x0,0x0,0x0,0x0,0x0,0x0,0x0,0x0,0x0,0x0,0x60,0x55,0xf9,0xe1,0xe6,0x1c,0x0,0x0,0x68,0x67,0x25,0x22,0xb8,0x10,0x0,0x0,0x0,0x0,0x0,0x0,0x0,0x0,0x0,0x0,0x0,0x0,0x0,0x0,0x0,0x0,0x0,0x0,0,28,28
2025-02-24 16:27:42.572591,2025-02-24 16:28:04.107118,176613923055464,0x68,0x67,0x25,0x22,0xa1,0xa0,0x0,0x0,0x0,0x0,0x0,0x0,0x0,0x0,0x0,0x0,0x0,0x0,0x0,0x0,0x0,0x0,0x0,0x0,0x68,0x67,0x25,0x25,0xf0,0xf0,0x0,0x0,0x0,0x0,0x0,0x0,0x0,0x0,0x0,0x0,0x0,0x0,0x0,0x0,0x0,0x0,0x0,0x0,0x0,0x0,0x0,0x0,0x0,0x0,0x0,0x0,0,28,28
2025-02-24 16:27:42.572591,2025-02-24 16:28:04.107118,236288248997736,0x68,0x67,0x25,0x25,0xe7,0xd6,0x0,0x0,0x68,0x67,0x25,0x25,0x34,0x24,0x0,0x0,0x60,0x55,0xf9,0xd9,0x2a,0x6a,0x0,0x0,0x68,0x67,0x25,0x24,0x61,0x94,0x0,0x0,0x68,0x67,0x25,0x25,0x84,0xb0,0x0,0x0,0x0,0x0,0x0,0x0,0x0,0x0,0x0,0x0,0x0,0x0,0x0,0x0,0x0,0x0,0x0,0x0,0,28,28
2025-02-24 16:27:42.572591,2025-02-24 16:28:04.107118,176373471995752,0x68,0x67,0x25,0x26,0x69,0xa0,0x0,0x0,0x0,0x0,0x0,0x0,0x0,0x0,0x0,0x0,0x68,0x67,0x25,0x24,0x8f,0xd0,0x0,0x0,0x68,0x67,0x25,0x25,0xf2,0x82,0x0,0x0,0x0,0x0,0x0,0x0,0x0,0x0,0x0,0x0,0x0,0x0,0x0,0x0,0x0,0x0,0x0,0x0,0x0,0x0,0x0,0x0,0x0,0x0,0x0,0x0,0,28,28
2025-02-24 16:27:42.572591,2025-02-24 16:28:04.107118,31796266100584,0x68,0x67,0x25,0x25,0xeb,0x1c,0x0,0x0,0x0,0x0,0x0,0x0,0x0,0x0,0x0,0x0,0x68,0x67,0x25,0x25,0xe7,0x28,0x0,0x0,0x0,0x0,0x0,0x0,0x0,0x0,0x0,0x0,0x0,0x0,0x0,0x0,0x0,0x0,0x0,0x0,0x0,0x0,0x0,0x0,0x0,0x0,0x0,0x0,0x0,0x0,0x0,0x0,0x0,0x0,0x0,0x0,0,28,28
2025-02-24 16:27:42.572591,2025-02-24 16:28:04.107118,154562366887264,0x60,0x55,0xf9,0xda,0x92,0x8c,0x0,0x0,0x68,0x67,0x25,0x25,0x84,0xb0,0x0,0x0,0x68,0x67,0x25,0x25,0xfd,0x54,0x0,0x0,0x60,0x55,0xf9,0xd9,0x2a,0x6a,0x0,0x0,0x68,0x67,0x25,0x26,0x3,0x72,0x0,0x0,0x0,0x0,0x0,0x0,0x0,0x0,0x0,0x0,0x68,0x67,0x25,0x25,0xff,0x7e,0x0,0x0,0,28,28
2025-02-24 16:27:42.572591,2025-02-24 16:28:04.107118,260181152065384,0x68,0x67,0x25,0x25,0xa2,0xec,0x0,0x0,0x68,0x67,0x25,0x25,0xe7,0x28,0x0,0x0,0x68,0x67,0x25,0x25,0x84,0xb0,0x0,0x0,0x68,0x67,0x25,0x25,0x34,0x24,0x0,0x0,0x68,0x67,0x25,0x25,0xeb,0x44,0x0,0x0,0x0,0x0,0x0,0x0,0x0,0x0,0x0,0x0,0x0,0x0,0x0,0x0,0x0,0x0,0x0,0x0,0,28,28
2025-02-24 16:27:42.572591,2025-02-24 16:28:04.107118,251660261248856,0x58,0xcf,0x79,0x38,0xe2,0xe4,0x0,0x0,0x0,0x0,0x0,0x0,0x0,0x0,0x0,0x0,0x68,0x67,0x25,0x25,0xf0,0xf0,0x0,0x0,0x68,0x67,0x25,0x24,0x8f,0xd0,0x0,0x0,0x0,0x0,0x0,0x0,0x0,0x0,0x0,0x0,0x0,0x0,0x0,0x0,0x0,0x0,0x0,0x0,0x0,0x0,0x0,0x0,0x0,0x0,0x0,0x0,0,28,28
2025-02-24 16:27:42.572591,2025-02-24 16:28:04.107118,57883847124840,0x68,0x67,0x25,0x22,0xa5,0x34,0x0,0x0,0x0,0x0,0x0,0x0,0x0,0x0,0x0,0x0,0x60,0x55,0xf9,0xe1,0xe6,0x1c,0x0,0x0,0x0,0x0,0x0,0x0,0x0,0x0,0x0,0x0,0x68,0x67,0x25,0x26,0xa7,0x24,0x0,0x0,0x0,0x0,0x0,0x0,0x0,0x0,0x0,0x0,0x0,0x0,0x0,0x0,0x0,0x0,0x0,0x0,0,28,28
2025-02-24 16:27:42.572591,2025-02-24 16:28:04.107118,18383032903528,0x68,0x67,0x25,0x22,0xb8,0x10,0x0,0x0,0x60,0x55,0xf9,0xd9,0x2a,0x6a,0x0,0x0,0x0,0x0,0x0,0x0,0x0,0x0,0x0,0x0,0x68,0x67,0x25,0x22,0xab,0xe0,0x0,0x0,0x68,0x67,0x25,0x25,0xfd,0x54,0x0,0x0,0x0,0x0,0x0,0x0,0x0,0x0,0x0,0x0,0x0,0x0,0x0,0x0,0x0,0x0,0x0,0x0,0,28,28
2025-02-24 16:27:42.572591,2025-02-24 16:28:04.107118,116732278166880,0x60,0x55,0xf9,0xd9,0x2a,0x6a,0x0,0x0,0x68,0x67,0x25,0x25,0xe7,0xd6,0x0,0x0,0x68,0x67,0x25,0x22,0xb8,0x10,0x0,0x0,0x68,0x67,0x25,0x26,0xa7,0x24,0x0,0x0,0x60,0x55,0xf9,0xda,0x92,0x8c,0x0,0x0,0x0,0x0,0x0,0x0,0x0,0x0,0x0,0x0,0x0,0x0,0x0,0x0,0x0,0x0,0x0,0x0,0,28,28
2025-02-24 16:27:42.572591,2025-02-24 16:28:04.107118,185113696888680,0x68,0x67,0x25,0x24,0x5c,0xa8,0x0,0x0,0x0,0x0,0x0,0x0,0x0,0x0,0x0,0x0,0x0,0x0,0x0,0x0,0x0,0x0,0x0,0x0,0x0,0x0,0x0,0x0,0x0,0x0,0x0,0x0,0x60,0x55,0xf9,0xe1,0xe6,0x1c,0x0,0x0,0x0,0x0,0x0,0x0,0x0,0x0,0x0,0x0,0x0,0x0,0x0,0x0,0x0,0x0,0x0,0x0,0,28,28
2025-02-24 16:27:42.572591,2025-02-24 16:28:04.107118,143976516904808,0x68,0x67,0x25,0x25,0xf2,0x82,0x0,0x0,0x68,0x67,0x25,0x25,0xeb,0x44,0x0,0x0,0x68,0x67,0x25,0x26,0x3,0x72,0x0,0x0,0x68,0x67,0x25,0x25,0x84,0xb0,0x0,0x0,0x68,0x67,0x25,0x26,0x69,0xa0,0x0,0x0,0x0,0x0,0x0,0x0,0x0,0x0,0x0,0x0,0x0,0x0,0x0,0x0,0x0,0x0,0x0,0x0,0,28,28
2025-02-24 16:27:42.572591,2025-02-24 16:28:04.107118,229313205331816,0x68,0x67,0x25,0x24,0x8f,0xd0,0x0,0x0,0x68,0x67,0x25,0x26,0x69,0xa0,0x0,0x0,0x68,0x67,0x25,0x24,0xbc,0xd6,0x0,0x0,0x68,0x67,0x25,0x26,0x3,0x72,0x0,0x0,0x58,0xcf,0x79,0x38,0xe2,0xe4,0x0,0x0,0x0,0x0,0x0,0x0,0x0,0x0,0x0,0x0,0x0,0x0,0x0,0x0,0x0,0x0,0x0,0x0,0,28,28
2025-02-24 16:27:42.572591,2025-02-24 16:28:04.107118,40300318123880,0x68,0x67,0x25,0x26,0xa7,0x24,0x0,0x0,0x68,0x67,0x25,0x24,0x61,0x94,0x0,0x0,0x68,0x67,0x25,0x22,0xab,0xe0,0x0,0x0,0x68,0x67,0x25,0x22,0xa5,0x34,0x0,0x0,0x60,0x55,0xf9,0xd9,0x2a,0x6a,0x0,0x0,0x0,0x0,0x0,0x0,0x0,0x0,0x0,0x0,0x0,0x0,0x0,0x0,0x0,0x0,0x0,0x0,0,28,28
2025-02-24 16:27:42.572591,2025-02-24 16:28:04.107118,44973225764712,0x68,0x67,0x25,0x25,0xe7,0x28,0x0,0x0,0x68,0x67,0x25,0x25,0xeb,0x1c,0x0,0x0,0x68,0x67,0x25,0x25,0xa2,0xec,0x0,0x0,0x0,0x0,0x0,0x0,0x0,0x0,0x0,0x0,0x0,0x0,0x0,0x0,0x0,0x0,0x0,0x0,0x0,0x0,0x0,0x0,0x0,0x0,0x0,0x0,0x0,0x0,0x0,0x0,0x0,0x0,0x0,0x0,0,28,28
2025-02-24 16:27:42.572591,2025-02-24 16:28:04.107118,39806380107624,0x68,0x67,0x25,0x25,0x34,0x24,0x0,0x0,0x0,0x0,0x0,0x0,0x0,0x0,0x0,0x0,0x68,0x67,0x25,0x25,0xe7,0x96,0x0,0x0,0x0,0x0,0x0,0x0,0x0,0x0,0x0,0x0,0x68,0x67,0x25,0x25,0xa2,0xec,0x0,0x0,0x0,0x0,0x0,0x0,0x0,0x0,0x0,0x0,0x0,0x0,0x0,0x0,0x0,0x0,0x0,0x0,0,28,28
2025-02-24 16:27:42.572591,2025-02-24 16:28:04.107118,194081605379944,0x68,0x67,0x25,0x25,0x84,0xb0,0x0,0x0,0x68,0x67,0x25,0x25,0xa2,0xec,0x0,0x0,0x60,0x55,0xf9,0xda,0x92,0x8c,0x0,0x0,0x68,0x67,0x25,0x25,0xe7,0xd6,0x0,0x0,0x68,0x67,0x25,0x25,0xf2,0x82,0x0,0x0,0x0,0x0,0x0,0x0,0x0,0x0,0x0,0x0,0x0,0x0,0x0,0x0,0x0,0x0,0x0,0x0,0,28,28
2025-02-24 16:28:14.115041,2025-02-24 16:28:35.642396,125357850453864,0x68,0x67,0x25,0x26,0x3,0x72,0x0,0x0,0x68,0x67,0x25,0x25,0xf2,0x82,0x0,0x0,0x60,0x55,0xf9,0xd9,0xe1,0xe2,0x0,0x0,0x60,0x55,0xf9,0xda,0x92,0x8c,0x0,0x0,0x68,0x67,0x25,0x24,0x8f,0xd0,0x0,0x0,0x0,0x0,0x0,0x0,0x0,0x0,0x0,0x0,0x0,0x0,0x0,0x0,0x0,0x0,0x0,0x0,1,28,28
2025-02-24 16:28:14.115041,2025-02-24 16:28:35.642396,101828741649760,0x60,0x55,0xf9,0xd9,0x9c,0x5c,0x0,0x0,0x68,0x67,0x25,0x25,0xff,0x7e,0x0,0x0,0x0,0x0,0x0,0x0,0x0,0x0,0x0,0x0,0x0,0x0,0x0,0x0,0x0,0x0,0x0,0x0,0x0,0x0,0x0,0x0,0x0,0x0,0x0,0x0,0x68,0x67,0x25,0x25,0xfd,0x54,0x0,0x0,0x0,0x0,0x0,0x0,0x0,0x0,0x0,0x0,1,28,28
2025-02-24 16:28:14.115041,2025-02-24 16:28:35.642396,93446226667368,0x68,0x67,0x25,0x25,0xfd,0x54,0x0,0x0,0x60,0x55,0xf9,0xda,0x92,0x8c,0x0,0x0,0x0,0x0,0x0,0x0,0x0,0x0,0x0,0x0,0x68,0x67,0x25,0x22,0xb8,0x10,0x0,0x0,0x60,0x55,0xf9,0xd9,0xe1,0xe2,0x0,0x0,0x0,0x0,0x0,0x0,0x0,0x0,0x0,0x0,0x60,0x55,0xf9,0xd9,0x9c,0x5c,0x0,0x0,1,28,28
2025-02-24 16:28:14.115041,2025-02-24 16:28:35.642396,236103548626792,0x68,0x67,0x25,0x24,0xbc,0xd6,0x0,0x0,0x68,0x67,0x25,0x24,0x8f,0xd0,0x0,0x0,0x0,0x0,0x0,0x0,0x0,0x0,0x0,0x0,0x60,0x55,0xf9,0xd9,0xe1,0xe2,0x0,0x0,0x68,0x67,0x25,0x25,0xf0,0xf0,0x0,0x0,0x0,0x0,0x0,0x0,0x0,0x0,0x0,0x0,0x0,0x0,0x0,0x0,0x0,0x0,0x0,0x0,1,28,28
2025-02-24 16:28:14.115041,2025-02-24 16:28:35.642396,249459652515168,0x60,0x55,0xf9,0xd9,0xe1,0xe2,0x0,0x0,0x68,0x67,0x25,0x26,0x3,0x72,0x0,0x0,0x0,0x0,0x0,0x0,0x0,0x0,0x0,0x0,0x68,0x67,0x25,0x25,0xfd,0x54,0x0,0x0,0x68,0x67,0x25,0x24,0xbc,0xd6,0x0,0x0,0x0,0x0,0x0,0x0,0x0,0x0,0x0,0x0,0x0,0x0,0x0,0x0,0x0,0x0,0x0,0x0,1,28,28
2025-02-24 16:28:14.115041,2025-02-24 16:28:35.642396,139634304968552,0x68,0x67,0x25,0x25,0xff,0x7e,0x0,0x0,0x0,0x0,0x0,0x0,0x0,0x0,0x0,0x0,0x60,0x55,0xf9,0xd9,0x9c,0x5c,0x0,0x0,0x0,0x0,0x0,0x0,0x0,0x0,0x0,0x0,0x0,0x0,0x0,0x0,0x0,0x0,0x0,0x0,0x60,0x55,0xf9,0xda,0x92,0x8c,0x0,0x0,0x0,0x0,0x0,0x0,0x0,0x0,0x0,0x0,1,28,28
2025-02-24 16:28:14.115041,2025-02-24 16:28:35.642396,75776731211624,0x68,0x67,0x25,0x25,0xeb,0x44,0x0,0x0,0x0,0x0,0x0,0x0,0x0,0x0,0x0,0x0,0x68,0x67,0x25,0x25,0xf2,0x82,0x0,0x0,0x68,0x67,0x25,0x25,0xa2,0xec,0x0,0x0,0x0,0x0,0x0,0x0,0x0,0x0,0x0,0x0,0x0,0x0,0x0,0x0,0x0,0x0,0x0,0x0,0x0,0x0,0x0,0x0,0x0,0x0,0x0,0x0,1,28,28
2025-02-24 16:28:14.115041,2025-02-24 16:28:35.642396,31777959269728,0x60,0x55,0xf9,0xe1,0xe6,0x1c,0x0,0x0,0x68,0x67,0x25,0x22,0xa5,0x34,0x0,0x0,0x0,0x0,0x0,0x0,0x0,0x0,0x0,0x0,0x68,0x67,0x25,0x24,0x5c,0xa8,0x0,0x0,0x68,0x67,0x25,0x22,0xab,0xe0,0x0,0x0,0x0,0x0,0x0,0x0,0x0,0x0,0x0,0x0,0x0,0x0,0x0,0x0,0x0,0x0,0x0,0x0,1,28,28
2025-02-24 16:28:14.115041,2025-02-24 16:28:35.642396,264914206025576,0x68,0x67,0x25,0x25,0xf0,0xf0,0x0,0x0,0x58,0xcf,0x79,0x38,0xe2,0xe4,0x0,0x0,0x0,0x0,0x0,0x0,0x0,0x0,0x0,0x0,0x68,0x67,0x25,0x24,0xbc,0xd6,0x0,0x0,0x68,0x67,0x25,0x22,0xa1,0xa0,0x0,0x0,0x0,0x0,0x0,0x0,0x0,0x0,0x0,0x0,0x0,0x0,0x0,0x0,0x0,0x0,0x0,0x0,1,28,28
2025-02-24 16:28:14.115041,2025-02-24 16:28:35.642396,247025616906088,0x68,0x67,0x25,0x22,0xab,0xe0,0x0,0x0,0x68,0x67,0x25,0x26,0xa7,0x24,0x0,0x0,0x0,0x0,0x0,0x0,0x0,0x0,0x0,0x0,0x60,0x55,0xf9,0xe1,0xe6,0x1c,0x0,0x0,0x68,0x67,0x25,0x22,0xb8,0x10,0x0,0x0,0x0,0x0,0x0,0x0,0x0,0x0,0x0,0x0,0x0,0x0,0x0,0x0,0x0,0x0,0x0,0x0,1,28,28
2025-02-24 16:28:14.115041,2025-02-24 16:28:35.642396,176613923055464,0x68,0x67,0x25,0x22,0xa1,0xa0,0x0,0x0,0x0,0x0,0x0,0x0,0x0,0x0,0x0,0x0,0x0,0x0,0x0,0x0,0x0,0x0,0x0,0x0,0x68,0x67,0x25,0x25,0xf0,0xf0,0x0,0x0,0x0,0x0,0x0,0x0,0x0,0x0,0x0,0x0,0x0,0x0,0x0,0x0,0x0,0x0,0x0,0x0,0x0,0x0,0x0,0x0,0x0,0x0,0x0,0x0,1,28,28
2025-02-24 16:28:14.115041,2025-02-24 16:28:35.642396,236288248997736,0x68,0x67,0x25,0x25,0xe7,0xd6,0x0,0x0,0x68,0x67,0x25,0x25,0x34,0x24,0x0,0x0,0x60,0x55,0xf9,0xd9,0x2a,0x6a,0x0,0x0,0x68,0x67,0x25,0x24,0x61,0x94,0x0,0x0,0x68,0x67,0x25,0x25,0x84,0xb0,0x0,0x0,0x0,0x0,0x0,0x0,0x0,0x0,0x0,0x0,0x0,0x0,0x0,0x0,0x0,0x0,0x0,0x0,1,28,28
2025-02-24 16:28:14.115041,2025-02-24 16:28:35.642396,176373471995752,0x68,0x67,0x25,0x26,0x69,0xa0,0x0,0x0,0x0,0x0,0x0,0x0,0x0,0x0,0x0,0x0,0x68,0x67,0x25,0x24,0x8f,0xd0,0x0,0x0,0x68,0x67,0x25,0x25,0xf2,0x82,0x0,0x0,0x0,0x0,0x0,0x0,0x0,0x0,0x0,0x0,0x0,0x0,0x0,0x0,0x0,0x0,0x0,0x0,0x0,0x0,0x0,0x0,0x0,0x0,0x0,0x0,1,28,28
2025-02-24 16:28:14.115041,2025-02-24 16:28:35.642396,31796266100584,0x68,0x67,0x25,0x25,0xeb,0x1c,0x0,0x0,0x0,0x0,0x0,0x0,0x0,0x0,0x0,0x0,0x68,0x67,0x25,0x25,0xe7,0x28,0x0,0x0,0x0,0x0,0x0,0x0,0x0,0x0,0x0,0x0,0x0,0x0,0x0,0x0,0x0,0x0,0x0,0x0,0x0,0x0,0x0,0x0,0x0,0x0,0x0,0x0,0x0,0x0,0x0,0x0,0x0,0x0,0x0,0x0,1,28,28
2025-02-24 16:28:14.115041,2025-02-24 16:28:35.642396,154562366887264,0x60,0x55,0xf9,0xda,0x92,0x8c,0x0,0x0,0x68,0x67,0x25,0x25,0x84,0xb0,0x0,0x0,0x68,0x67,0x25,0x25,0xfd,0x54,0x0,0x0,0x60,0x55,0xf9,0xd9,0x2a,0x6a,0x0,0x0,0x68,0x67,0x25,0x26,0x3,0x72,0x0,0x0,0x0,0x0,0x0,0x0,0x0,0x0,0x0,0x0,0x68,0x67,0x25,0x25,0xff,0x7e,0x0,0x0,1,28,28
2025-02-24 16:28:14.115041,2025-02-24 16:28:35.642396,260181152065384,0x68,0x67,0x25,0x25,0xa2,0xec,0x0,0x0,0x68,0x67,0x25,0x25,0xe7,0x28,0x0,0x0,0x68,0x67,0x25,0x25,0x84,0xb0,0x0,0x0,0x68,0x67,0x25,0x25,0x34,0x24,0x0,0x0,0x68,0x67,0x25,0x25,0xeb,0x44,0x0,0x0,0x0,0x0,0x0,0x0,0x0,0x0,0x0,0x0,0x0,0x0,0x0,0x0,0x0,0x0,0x0,0x0,1,28,28
2025-02-24 16:28:14.115041,2025-02-24 16:28:35.642396,251660261248856,0x58,0xcf,0x79,0x38,0xe2,0xe4,0x0,0x0,0x0,0x0,0x0,0x0,0x0,0x0,0x0,0x0,0x68,0x67,0x25,0x25,0xf0,0xf0,0x0,0x0,0x68,0x67,0x25,0x24,0x8f,0xd0,0x0,0x0,0x0,0x0,0x0,0x0,0x0,0x0,0x0,0x0,0x0,0x0,0x0,0x0,0x0,0x0,0x0,0x0,0x0,0x0,0x0,0x0,0x0,0x0,0x0,0x0,1,28,28
2025-02-24 16:28:14.115041,2025-02-24 16:28:35.642396,57883847124840,0x68,0x67,0x25,0x22,0xa5,0x34,0x0,0x0,0x0,0x0,0x0,0x0,0x0,0x0,0x0,0x0,0x60,0x55,0xf9,0xe1,0xe6,0x1c,0x0,0x0,0x0,0x0,0x0,0x0,0x0,0x0,0x0,0x0,0x68,0x67,0x25,0x26,0xa7,0x24,0x0,0x0,0x0,0x0,0x0,0x0,0x0,0x0,0x0,0x0,0x0,0x0,0x0,0x0,0x0,0x0,0x0,0x0,1,28,28
2025-02-24 16:28:14.115041,2025-02-24 16:28:35.642396,18383032903528,0x68,0x67,0x25,0x22,0xb8,0x10,0x0,0x0,0x60,0x55,0xf9,0xd9,0x2a,0x6a,0x0,0x0,0x0,0x0,0x0,0x0,0x0,0x0,0x0,0x0,0x68,0x67,0x25,0x22,0xab,0xe0,0x0,0x0,0x68,0x67,0x25,0x25,0xfd,0x54,0x0,0x0,0x0,0x0,0x0,0x0,0x0,0x0,0x0,0x0,0x0,0x0,0x0,0x0,0x0,0x0,0x0,0x0,1,28,28
2025-02-24 16:28:14.115041,2025-02-24 16:28:35.642396,116732278166880,0x60,0x55,0xf9,0xd9,0x2a,0x6a,0x0,0x0,0x68,0x67,0x25,0x25,0xe7,0xd6,0x0,0x0,0x68,0x67,0x25,0x22,0xb8,0x10,0x0,0x0,0x68,0x67,0x25,0x26,0xa7,0x24,0x0,0x0,0x60,0x55,0xf9,0xda,0x92,0x8c,0x0,0x0,0x0,0x0,0x0,0x0,0x0,0x0,0x0,0x0,0x0,0x0,0x0,0x0,0x0,0x0,0x0,0x0,1,28,28
2025-02-24 16:28:14.115041,2025-02-24 16:28:35.642396,185113696888680,0x68,0x67,0x25,0x24,0x5c,0xa8,0x0,0x0,0x0,0x0,0x0,0x0,0x0,0x0,0x0,0x0,0x0,0x0,0x0,0x0,0x0,0x0,0x0,0x0,0x0,0x0,0x0,0x0,0x0,0x0,0x0,0x0,0x60,0x55,0xf9,0xe1,0xe6,0x1c,0x0,0x0,0x0,0x0,0x0,0x0,0x0,0x0,0x0,0x0,0x0,0x0,0x0,0x0,0x0,0x0,0x0,0x0,1,28,28
2025-02-24 16:28:14.115041,2025-02-24 16:28:35.642396,143976516904808,0x68,0x67,0x25,0x25,0xf2,0x82,0x0,0x0,0x68,0x67,0x25,0x25,0xeb,0x44,0x0,0x0,0x68,0x67,0x25,0x26,0x3,0x72,0x0,0x0,0x68,0x67,0x25,0x25,0x84,0xb0,0x0,0x0,0x68,0x67,0x25,0x26,0x69,0xa0,0x0,0x0,0x0,0x0,0x0,0x0,0x0,0x0,0x0,0x0,0x0,0x0,0x0,0x0,0x0,0x0,0x0,0x0,1,28,28
2025-02-24 16:28:14.115041,2025-02-24 16:28:35.642396,229313205331816,0x68,0x67,0x25,0x24,0x8f,0xd0,0x0,0x0,0x68,0x67,0x25,0x26,0x69,0xa0,0x0,0x0,0x68,0x67,0x25,0x24,0xbc,0xd6,0x0,0x0,0x68,0x67,0x25,0x26,0x3,0x72,0x0,0x0,0x58,0xcf,0x79,0x38,0xe2,0xe4,0x0,0x0,0x0,0x0,0x0,0x0,0x0,0x0,0x0,0x0,0x0,0x0,0x0,0x0,0x0,0x0,0x0,0x0,1,28,28
2025-02-24 16:28:14.115041,2025-02-24 16:28:35.642396,40300318123880,0x68,0x67,0x25,0x26,0xa7,0x24,0x0,0x0,0x68,0x67,0x25,0x24,0x61,0x94,0x0,0x0,0x68,0x67,0x25,0x22,0xab,0xe0,0x0,0x0,0x68,0x67,0x25,0x22,0xa5,0x34,0x0,0x0,0x60,0x55,0xf9,0xd9,0x2a,0x6a,0x0,0x0,0x0,0x0,0x0,0x0,0x0,0x0,0x0,0x0,0x0,0x0,0x0,0x0,0x0,0x0,0x0,0x0,1,28,28
2025-02-24 16:28:14.115041,2025-02-24 16:28:35.642396,44973225764712,0x68,0x67,0x25,0x25,0xe7,0x28,0x0,0x0,0x68,0x67,0x25,0x25,0xeb,0x1c,0x0,0x0,0x68,0x67,0x25,0x25,0xa2,0xec,0x0,0x0,0x0,0x0,0x0,0x0,0x0,0x0,0x0,0x0,0x0,0x0,0x0,0x0,0x0,0x0,0x0,0x0,0x0,0x0,0x0,0x0,0x0,0x0,0x0,0x0,0x0,0x0,0x0,0x0,0x0,0x0,0x0,0x0,1,28,28
2025-02-24 16:28:14.115041,2025-02-24 16:28:35.642396,39806380107624,0x68,0x67,0x25,0x25,0x34,0x24,0x0,0x0,0x0,0x0,0x0,0x0,0x0,0x0,0x0,0x0,0x68,0x67,0x25,0x25,0xe7,0xd6,0x0,0x0,0x0,0x0,0x0,0x0,0x0,0x0,0x0,0x0,0x68,0x67,0x25,0x25,0xa2,0xec,0x0,0x0,0x0,0x0,0x0,0x0,0x0,0x0,0x0,0x0,0x0,0x0,0x0,0x0,0x0,0x0,0x0,0x0,1,28,28
2025-02-24 16:28:14.115041,2025-02-24 16:28:35.642396,194081605379944,0x68,0x67,0x25,0x25,0x84,0xb0,0x0,0x0,0x68,0x67,0x25,0x25,0xa2,0xec,0x0,0x0,0x60,0x55,0xf9,0xda,0x92,0x8c,0x0,0x0,0x68,0x67,0x25,0x25,0xe7,0xd6,0x0,0x0,0x68,0x67,0x25,0x25,0xf2,0x82,0x0,0x0,0x0,0x0,0x0,0x0,0x0,0x0,0x0,0x0,0x0,0x0,0x0,0x0,0x0,0x0,0x0,0x0,1,28,28
2025-02-24 16:28:45.652325,2025-02-24 16:29:07.155441,125357850453864,0x68,0x67,0x25,0x26,0x3,0x72,0x0,0x0,0x68,0x67,0x25,0x25,0xf2,0x82,0x0,0x0,0x60,0x55,0xf9,0xd9,0xe1,0xe2,0x0,0x0,0x60,0x55,0xf9,0xda,0x92,0x8c,0x0,0x0,0x68,0x67,0x25,0x24,0x8f,0xd0,0x0,0x0,0x0,0x0,0x0,0x0,0x0,0x0,0x0,0x0,0x0,0x0,0x0,0x0,0x0,0x0,0x0,0x0,2,28,28
2025-02-24 16:28:45.652325,2025-02-24 16:29:07.155441,101828741649760,0x60,0x55,0xf9,0xd9,0x9c,0x5c,0x0,0x0,0x68,0x67,0x25,0x25,0xff,0x7e,0x0,0x0,0x0,0x0,0x0,0x0,0x0,0x0,0x0,0x0,0x0,0x0,0x0,0x0,0x0,0x0,0x0,0x0,0x0,0x0,0x0,0x0,0x0,0x0,0x0,0x0,0x68,0x67,0x25,0x25,0xfd,0x54,0x0,0x0,0x0,0x0,0x0,0x0,0x0,0x0,0x0,0x0,2,28,28
2025-02-24 16:28:45.652325,2025-02-24 16:29:07.155441,93446226667368,0x68,0x67,0x25,0x25,0xfd,0x54,0x0,0x0,0x60,0x55,0xf9,0xda,0x92,0x8c,0x0,0x0,0x0,0x0,0x0,0x0,0x0,0x0,0x0,0x0,0x68,0x67,0x25,0x22,0xb8,0x10,0x0,0x0,0x60,0x55,0xf9,0xd9,0xe1,0xe2,0x0,0x0,0x0,0x0,0x0,0x0,0x0,0x0,0x0,0x0,0x60,0x55,0xf9,0xd9,0x9c,0x5c,0x0,0x0,2,28,28
2025-02-24 16:28:45.652325,2025-02-24 16:29:07.155441,236103548626792,0x68,0x67,0x25,0x24,0xbc,0xd6,0x0,0x0,0x68,0x67,0x25,0x24,0x8f,0xd0,0x0,0x0,0x0,0x0,0x0,0x0,0x0,0x0,0x0,0x0,0x60,0x55,0xf9,0xd9,0xe1,0xe2,0x0,0x0,0x68,0x67,0x25,0x25,0xf0,0xf0,0x0,0x0,0x0,0x0,0x0,0x0,0x0,0x0,0x0,0x0,0x0,0x0,0x0,0x0,0x0,0x0,0x0,0x0,2,28,28
2025-02-24 16:28:45.652325,2025-02-24 16:29:07.155441,249459652515168,0x60,0x55,0xf9,0xd9,0xe1,0xe2,0x0,0x0,0x68,0x67,0x25,0x26,0x3,0x72,0x0,0x0,0x0,0x0,0x0,0x0,0x0,0x0,0x0,0x0,0x68,0x67,0x25,0x25,0xfd,0x54,0x0,0x0,0x68,0x67,0x25,0x24,0xbc,0xd6,0x0,0x0,0x0,0x0,0x0,0x0,0x0,0x0,0x0,0x0,0x0,0x0,0x0,0x0,0x0,0x0,0x0,0x0,2,28,28
2025-02-24 16:28:45.652325,2025-02-24 16:29:07.155441,139634304968552,0x68,0x67,0x25,0x25,0xff,0x7e,0x0,0x0,0x0,0x0,0x0,0x0,0x0,0x0,0x0,0x0,0x60,0x55,0xf9,0xd9,0x9c,0x5c,0x0,0x0,0x0,0x0,0x0,0x0,0x0,0x0,0x0,0x0,0x0,0x0,0x0,0x0,0x0,0x0,0x0,0x0,0x60,0x55,0xf9,0xda,0x92,0x8c,0x0,0x0,0x0,0x0,0x0,0x0,0x0,0x0,0x0,0x0,2,28,28
2025-02-24 16:28:45.652325,2025-02-24 16:29:07.155441,75776731211624,0x68,0x67,0x25,0x25,0xeb,0x44,0x0,0x0,0x0,0x0,0x0,0x0,0x0,0x0,0x0,0x0,0x68,0x67,0x25,0x25,0xf2,0x82,0x0,0x0,0x68,0x67,0x25,0x25,0xa2,0xec,0x0,0x0,0x0,0x0,0x0,0x0,0x0,0x0,0x0,0x0,0x0,0x0,0x0,0x0,0x0,0x0,0x0,0x0,0x0,0x0,0x0,0x0,0x0,0x0,0x0,0x0,2,28,28
2025-02-24 16:28:45.652325,2025-02-24 16:29:07.155441,31777959269728,0x60,0x55,0xf9,0xe1,0xe6,0x1c,0x0,0x0,0x68,0x67,0x25,0x22,0xa5,0x34,0x0,0x0,0x0,0x0,0x0,0x0,0x0,0x0,0x0,0x0,0x68,0x67,0x25,0x24,0x5c,0xa8,0x0,0x0,0x68,0x67,0x25,0x22,0xab,0xe0,0x0,0x0,0x0,0x0,0x0,0x0,0x0,0x0,0x0,0x0,0x0,0x0,0x0,0x0,0x0,0x0,0x0,0x0,2,28,28
2025-02-24 16:28:45.652325,2025-02-24 16:29:07.155441,264914206025576,0x68,0x67,0x25,0x25,0xf0,0xf0,0x0,0x0,0x58,0xcf,0x79,0x38,0xe2,0xe4,0x0,0x0,0x0,0x0,0x0,0x0,0x0,0x0,0x0,0x0,0x68,0x67,0x25,0x24,0xbc,0xd6,0x0,0x0,0x68,0x67,0x25,0x22,0xa1,0xa0,0x0,0x0,0x0,0x0,0x0,0x0,0x0,0x0,0x0,0x0,0x0,0x0,0x0,0x0,0x0,0x0,0x0,0x0,2,28,28
2025-02-24 16:28:45.652325,2025-02-24 16:29:07.155441,247025616906088,0x68,0x67,0x25,0x22,0xab,0xe0,0x0,0x0,0x68,0x67,0x25,0x26,0xa7,0x24,0x0,0x0,0x0,0x0,0x0,0x0,0x0,0x0,0x0,0x0,0x60,0x55,0xf9,0xe1,0xe6,0x1c,0x0,0x0,0x68,0x67,0x25,0x22,0xb8,0x10,0x0,0x0,0x0,0x0,0x0,0x0,0x0,0x0,0x0,0x0,0x0,0x0,0x0,0x0,0x0,0x0,0x0,0x0,2,28,28
2025-02-24 16:28:45.652325,2025-02-24 16:29:07.155441,176613923055464,0x68,0x67,0x25,0x22,0xa1,0xa0,0x0,0x0,0x0,0x0,0x0,0x0,0x0,0x0,0x0,0x0,0x0,0x0,0x0,0x0,0x0,0x0,0x0,0x0,0x68,0x67,0x25,0x25,0xf0,0xf0,0x0,0x0,0x0,0x0,0x0,0x0,0x0,0x0,0x0,0x0,0x0,0x0,0x0,0x0,0x0,0x0,0x0,0x0,0x0,0x0,0x0,0x0,0x0,0x0,0x0,0x0,2,28,28
2025-02-24 16:28:45.652325,2025-02-24 16:29:07.155441,236288248997736,0x68,0x67,0x25,0x25,0xe7,0xd6,0x0,0x0,0x68,0x67,0x25,0x25,0x34,0x24,0x0,0x0,0x60,0x55,0xf9,0xd9,0x2a,0x6a,0x0,0x0,0x68,0x67,0x25,0x24,0x61,0x94,0x0,0x0,0x68,0x67,0x25,0x25,0x84,0xb0,0x0,0x0,0x0,0x0,0x0,0x0,0x0,0x0,0x0,0x0,0x0,0x0,0x0,0x0,0x0,0x0,0x0,0x0,2,28,28
2025-02-24 16:28:45.652325,2025-02-24 16:29:07.155441,176373471995752,0x68,0x67,0x25,0x26,0x69,0xa0,0x0,0x0,0x0,0x0,0x0,0x0,0x0,0x0,0x0,0x0,0x68,0x67,0x25,0x24,0x8f,0xd0,0x0,0x0,0x68,0x67,0x25,0x25,0xf2,0x82,0x0,0x0,0x0,0x0,0x0,0x0,0x0,0x0,0x0,0x0,0x0,0x0,0x0,0x0,0x0,0x0,0x0,0x0,0x0,0x0,0x0,0x0,0x0,0x0,0x0,0x0,2,28,28
2025-02-24 16:28:45.652325,2025-02-24 16:29:07.155441,31796266100584,0x68,0x67,0x25,0x25,0xeb,0x1c,0x0,0x0,0x0,0x0,0x0,0x0,0x0,0x0,0x0,0x0,0x68,0x67,0x25,0x25,0xe7,0x28,0x0,0x0,0x0,0x0,0x0,0x0,0x0,0x0,0x0,0x0,0x0,0x0,0x0,0x0,0x0,0x0,0x0,0x0,0x0,0x0,0x0,0x0,0x0,0x0,0x0,0x0,0x0,0x0,0x0,0x0,0x0,0x0,0x0,0x0,2,28,28
2025-02-24 16:28:45.652325,2025-02-24 16:29:07.155441,154562366887264,0x60,0x55,0xf9,0xda,0x92,0x8c,0x0,0x0,0x68,0x67,0x25,0x25,0x84,0xb0,0x0,0x0,0x68,0x67,0x25,0x25,0xfd,0x54,0x0,0x0,0x60,0x55,0xf9,0xd9,0x2a,0x6a,0x0,0x0,0x68,0x67,0x25,0x26,0x3,0x72,0x0,0x0,0x0,0x0,0x0,0x0,0x0,0x0,0x0,0x0,0x68,0x67,0x25,0x25,0xff,0x7e,0x0,0x0,2,28,28
2025-02-24 16:28:45.652325,2025-02-24 16:29:07.155441,260181152065384,0x68,0x67,0x25,0x25,0xa2,0xec,0x0,0x0,0x68,0x67,0x25,0x25,0xe7,0x28,0x0,0x0,0x68,0x67,0x25,0x25,0x84,0xb0,0x0,0x0,0x68,0x67,0x25,0x25,0x34,0x24,0x0,0x0,0x68,0x67,0x25,0x25,0xeb,0x44,0x0,0x0,0x0,0x0,0x0,0x0,0x0,0x0,0x0,0x0,0x0,0x0,0x0,0x0,0x0,0x0,0x0,0x0,2,28,28
2025-02-24 16:28:45.652325,2025-02-24 16:29:07.155441,251660261248856,0x58,0xcf,0x79,0x38,0xe2,0xe4,0x0,0x0,0x0,0x0,0x0,0x0,0x0,0x0,0x0,0x0,0x68,0x67,0x25,0x25,0xf0,0xf0,0x0,0x0,0x68,0x67,0x25,0x24,0x8f,0xd0,0x0,0x0,0x0,0x0,0x0,0x0,0x0,0x0,0x0,0x0,0x0,0x0,0x0,0x0,0x0,0x0,0x0,0x0,0x0,0x0,0x0,0x0,0x0,0x0,0x0,0x0,2,28,28
2025-02-24 16:28:45.652325,2025-02-24 16:29:07.155441,57883847124840,0x68,0x67,0x25,0x22,0xa5,0x34,0x0,0x0,0x0,0x0,0x0,0x0,0x0,0x0,0x0,0x0,0x60,0x55,0xf9,0xe1,0xe6,0x1c,0x0,0x0,0x0,0x0,0x0,0x0,0x0,0x0,0x0,0x0,0x68,0x67,0x25,0x26,0xa7,0x24,0x0,0x0,0x0,0x0,0x0,0x0,0x0,0x0,0x0,0x0,0x0,0x0,0x0,0x0,0x0,0x0,0x0,0x0,2,28,28
2025-02-24 16:28:45.652325,2025-02-24 16:29:07.155441,18383032903528,0x68,0x67,0x25,0x22,0xb8,0x10,0x0,0x0,0x60,0x55,0xf9,0xd9,0x2a,0x6a,0x0,0x0,0x0,0x0,0x0,0x0,0x0,0x0,0x0,0x0,0x68,0x67,0x25,0x22,0xab,0xe0,0x0,0x0,0x68,0x67,0x25,0x25,0xfd,0x54,0x0,0x0,0x0,0x0,0x0,0x0,0x0,0x0,0x0,0x0,0x0,0x0,0x0,0x0,0x0,0x0,0x0,0x0,2,28,28
2025-02-24 16:28:45.652325,2025-02-24 16:29:07.155441,116732278166880,0x60,0x55,0xf9,0xd9,0x2a,0x6a,0x0,0x0,0x68,0x67,0x25,0x25,0xe7,0xd6,0x0,0x0,0x68,0x67,0x25,0x22,0xb8,0x10,0x0,0x0,0x68,0x67,0x25,0x26,0xa7,0x24,0x0,0x0,0x60,0x55,0xf9,0xda,0x92,0x8c,0x0,0x0,0x0,0x0,0x0,0x0,0x0,0x0,0x0,0x0,0x0,0x0,0x0,0x0,0x0,0x0,0x0,0x0,2,28,28
2025-02-24 16:28:45.652325,2025-02-24 16:29:07.155441,185113696888680,0x68,0x67,0x25,0x24,0x5c,0xa8,0x0,0x0,0x0,0x0,0x0,0x0,0x0,0x0,0x0,0x0,0x0,0x0,0x0,0x0,0x0,0x0,0x0,0x0,0x0,0x0,0x0,0x0,0x0,0x0,0x0,0x0,0x60,0x55,0xf9,0xe1,0xe6,0x1c,0x0,0x0,0x0,0x0,0x0,0x0,0x0,0x0,0x0,0x0,0x0,0x0,0x0,0x0,0x0,0x0,0x0,0x0,2,28,28
2025-02-24 16:28:45.652325,2025-02-24 16:29:07.155441,143976516904808,0x68,0x67,0x25,0x25,0xf2,0x82,0x0,0x0,0x68,0x67,0x25,0x25,0xeb,0x44,0x0,0x0,0x68,0x67,0x25,0x26,0x3,0x72,0x0,0x0,0x68,0x67,0x25,0x25,0x84,0xb0,0x0,0x0,0x68,0x67,0x25,0x26,0x69,0xa0,0x0,0x0,0x0,0x0,0x0,0x0,0x0,0x0,0x0,0x0,0x0,0x0,0x0,0x0,0x0,0x0,0x0,0x0,2,28,28
2025-02-24 16:28:45.652325,2025-02-24 16:29:07.155441,229313205331816,0x68,0x67,0x25,0x24,0x8f,0xd0,0x0,0x0,0x68,0x67,0x25,0x26,0x69,0xa0,0x0,0x0,0x68,0x67,0x25,0x24,0xbc,0xd6,0x0,0x0,0x68,0x67,0x25,0x26,0x3,0x72,0x0,0x0,0x58,0xcf,0x79,0x38,0xe2,0xe4,0x0,0x0,0x0,0x0,0x0,0x0,0x0,0x0,0x0,0x0,0x0,0x0,0x0,0x0,0x0,0x0,0x0,0x0,2,28,28
2025-02-24 16:28:45.652325,2025-02-24 16:29:07.155441,40300318123880,0x68,0x67,0x25,0x26,0xa7,0x24,0x0,0x0,0x68,0x67,0x25,0x24,0x61,0x94,0x0,0x0,0x68,0x67,0x25,0x22,0xab,0xe0,0x0,0x0,0x68,0x67,0x25,0x22,0xa5,0x34,0x0,0x0,0x60,0x55,0xf9,0xd9,0x2a,0x6a,0x0,0x0,0x0,0x0,0x0,0x0,0x0,0x0,0x0,0x0,0x0,0x0,0x0,0x0,0x0,0x0,0x0,0x0,2,28,28
2025-02-24 16:28:45.652325,2025-02-24 16:29:07.155441,44973225764712,0x68,0x67,0x25,0x25,0xe7,0x28,0x0,0x0,0x68,0x67,0x25,0x25,0xeb,0x1c,0x0,0x0,0x68,0x67,0x25,0x25,0xa2,0xec,0x0,0x0,0x0,0x0,0x0,0x0,0x0,0x0,0x0,0x0,0x0,0x0,0x0,0x0,0x0,0x0,0x0,0x0,0x0,0x0,0x0,0x0,0x0,0x0,0x0,0x0,0x0,0x0,0x0,0x0,0x0,0x0,0x0,0x0,2,28,28
2025-02-24 16:28:45.652325,2025-02-24 16:29:07.155441,39806380107624,0x68,0x67,0x25,0x25,0x34,0x24,0x0,0x0,0x0,0x0,0x0,0x0,0x0,0x0,0x0,0x0,0x68,0x67,0x25,0x25,0xe7,0xd6,0x0,0x0,0x0,0x0,0x0,0x0,0x0,0x0,0x0,0x0,0x68,0x67,0x25,0x25,0xa2,0xec,0x0,0x0,0x0,0x0,0x0,0x0,0x0,0x0,0x0,0x0,0x0,0x0,0x0,0x0,0x0,0x0,0x0,0x0,2,28,28
2025-02-24 16:28:45.652325,2025-02-24 16:29:07.155441,194081605379944,0x68,0x67,0x25,0x25,0x84,0xb0,0x0,0x0,0x68,0x67,0x25,0x25,0xa2,0xec,0x0,0x0,0x60,0x55,0xf9,0xda,0x92,0x8c,0x0,0x0,0x68,0x67,0x25,0x25,0xe7,0xd6,0x0,0x0,0x68,0x67,0x25,0x25,0xf2,0x82,0x0,0x0,0x0,0x0,0x0,0x0,0x0,0x0,0x0,0x0,0x0,0x0,0x0,0x0,0x0,0x0,0x0,0x0,2,28,28
2025-02-24 16:29:17.167038,2025-02-24 16:29:38.698639,125357850453864,0x68,0x67,0x25,0x26,0x3,0x72,0x0,0x0,0x68,0x67,0x25,0x25,0xf2,0x82,0x0,0x0,0x60,0x55,0xf9,0xd9,0xe1,0xe2,0x0,0x0,0x60,0x55,0xf9,0xda,0x92,0x8c,0x0,0x0,0x68,0x67,0x25,0x24,0x8f,0xd0,0x0,0x0,0x0,0x0,0x0,0x0,0x0,0x0,0x0,0x0,0x0,0x0,0x0,0x0,0x0,0x0,0x0,0x0,3,28,28
2025-02-24 16:29:17.167038,2025-02-24 16:29:38.698639,101828741649760,0x60,0x55,0xf9,0xd9,0x9c,0x5c,0x0,0x0,0x68,0x67,0x25,0x25,0xff,0x7e,0x0,0x0,0x0,0x0,0x0,0x0,0x0,0x0,0x0,0x0,0x0,0x0,0x0,0x0,0x0,0x0,0x0,0x0,0x0,0x0,0x0,0x0,0x0,0x0,0x0,0x0,0x68,0x67,0x25,0x25,0xfd,0x54,0x0,0x0,0x0,0x0,0x0,0x0,0x0,0x0,0x0,0x0,3,28,28
2025-02-24 16:29:17.167038,2025-02-24 16:29:38.698639,93446226667368,0x68,0x67,0x25,0x25,0xfd,0x54,0x0,0x0,0x60,0x55,0xf9,0xda,0x92,0x8c,0x0,0x0,0x0,0x0,0x0,0x0,0x0,0x0,0x0,0x0,0x68,0x67,0x25,0x22,0xb8,0x10,0x0,0x0,0x60,0x55,0xf9,0xd9,0xe1,0xe2,0x0,0x0,0x0,0x0,0x0,0x0,0x0,0x0,0x0,0x0,0x60,0x55,0xf9,0xd9,0x9c,0x5c,0x0,0x0,3,28,28
2025-02-24 16:29:17.167038,2025-02-24 16:29:38.698639,236103548626792,0x68,0x67,0x25,0x24,0xbc,0xd6,0x0,0x0,0x68,0x67,0x25,0x24,0x8f,0xd0,0x0,0x0,0x0,0x0,0x0,0x0,0x0,0x0,0x0,0x0,0x60,0x55,0xf9,0xd9,0xe1,0xe2,0x0,0x0,0x68,0x67,0x25,0x25,0xf0,0xf0,0x0,0x0,0x0,0x0,0x0,0x0,0x0,0x0,0x0,0x0,0x0,0x0,0x0,0x0,0x0,0x0,0x0,0x0,3,28,28
2025-02-24 16:29:17.167038,2025-02-24 16:29:38.698639,249459652515168,0x60,0x55,0xf9,0xd9,0xe1,0xe2,0x0,0x0,0x68,0x67,0x25,0x26,0x3,0x72,0x0,0x0,0x0,0x0,0x0,0x0,0x0,0x0,0x0,0x0,0x68,0x67,0x25,0x25,0xfd,0x54,0x0,0x0,0x68,0x67,0x25,0x24,0xbc,0xd6,0x0,0x0,0x0,0x0,0x0,0x0,0x0,0x0,0x0,0x0,0x0,0x0,0x0,0x0,0x0,0x0,0x0,0x0,3,28,28
2025-02-24 16:29:17.167038,2025-02-24 16:29:38.698639,139634304968552,0x68,0x67,0x25,0x25,0xff,0x7e,0x0,0x0,0x0,0x0,0x0,0x0,0x0,0x0,0x0,0x0,0x60,0x55,0xf9,0xd9,0x9c,0x5c,0x0,0x0,0x0,0x0,0x0,0x0,0x0,0x0,0x0,0x0,0x0,0x0,0x0,0x0,0x0,0x0,0x0,0x0,0x60,0x55,0xf9,0xda,0x92,0x8c,0x0,0x0,0x0,0x0,0x0,0x0,0x0,0x0,0x0,0x0,3,28,28
2025-02-24 16:29:17.167038,2025-02-24 16:29:38.698639,75776731211624,0x68,0x67,0x25,0x25,0xeb,0x44,0x0,0x0,0x0,0x0,0x0,0x0,0x0,0x0,0x0,0x0,0x68,0x67,0x25,0x25,0xf2,0x82,0x0,0x0,0x68,0x67,0x25,0x25,0xa2,0xec,0x0,0x0,0x0,0x0,0x0,0x0,0x0,0x0,0x0,0x0,0x0,0x0,0x0,0x0,0x0,0x0,0x0,0x0,0x0,0x0,0x0,0x0,0x0,0x0,0x0,0x0,3,28,28
2025-02-24 16:29:17.167038,2025-02-24 16:29:38.698639,31777959269728,0x60,0x55,0xf9,0xe1,0xe6,0x1c,0x0,0x0,0x68,0x67,0x25,0x22,0xa5,0x34,0x0,0x0,0x0,0x0,0x0,0x0,0x0,0x0,0x0,0x0,0x68,0x67,0x25,0x24,0x5c,0xa8,0x0,0x0,0x68,0x67,0x25,0x22,0xab,0xe0,0x0,0x0,0x0,0x0,0x0,0x0,0x0,0x0,0x0,0x0,0x0,0x0,0x0,0x0,0x0,0x0,0x0,0x0,3,28,28
2025-02-24 16:29:17.167038,2025-02-24 16:29:38.698639,264914206025576,0x68,0x67,0x25,0x25,0xf0,0xf0,0x0,0x0,0x58,0xcf,0x79,0x38,0xe2,0xe4,0x0,0x0,0x0,0x0,0x0,0x0,0x0,0x0,0x0,0x0,0x68,0x67,0x25,0x24,0xbc,0xd6,0x0,0x0,0x68,0x67,0x25,0x22,0xa1,0xa0,0x0,0x0,0x0,0x0,0x0,0x0,0x0,0x0,0x0,0x0,0x0,0x0,0x0,0x0,0x0,0x0,0x0,0x0,3,28,28
2025-02-24 16:29:17.167038,2025-02-24 16:29:38.698639,247025616906088,0x68,0x67,0x25,0x22,0xab,0xe0,0x0,0x0,0x68,0x67,0x25,0x26,0xa7,0x24,0x0,0x0,0x0,0x0,0x0,0x0,0x0,0x0,0x0,0x0,0x60,0x55,0xf9,0xe1,0xe6,0x1c,0x0,0x0,0x68,0x67,0x25,0x22,0xb8,0x10,0x0,0x0,0x0,0x0,0x0,0x0,0x0,0x0,0x0,0x0,0x0,0x0,0x0,0x0,0x0,0x0,0x0,0x0,3,28,28
2025-02-24 16:29:17.167038,2025-02-24 16:29:38.698639,176613923055464,0x68,0x67,0x25,0x22,0xa1,0xa0,0x0,0x0,0x0,0x0,0x0,0x0,0x0,0x0,0x0,0x0,0x0,0x0,0x0,0x0,0x0,0x0,0x0,0x0,0x68,0x67,0x25,0x25,0xf0,0xf0,0x0,0x0,0x0,0x0,0x0,0x0,0x0,0x0,0x0,0x0,0x0,0x0,0x0,0x0,0x0,0x0,0x0,0x0,0x0,0x0,0x0,0x0,0x0,0x0,0x0,0x0,3,28,28
2025-02-24 16:29:17.167038,2025-02-24 16:29:38.698639,236288248997736,0x68,0x67,0x25,0x25,0xe7,0xd6,0x0,0x0,0x68,0x67,0x25,0x25,0x34,0x24,0x0,0x0,0x60,0x55,0xf9,0xd9,0x2a,0x6a,0x0,0x0,0x68,0x67,0x25,0x24,0x61,0x94,0x0,0x0,0x68,0x67,0x25,0x25,0x84,0xb0,0x0,0x0,0x0,0x0,0x0,0x0,0x0,0x0,0x0,0x0,0x0,0x0,0x0,0x0,0x0,0x0,0x0,0x0,3,28,28
2025-02-24 16:29:17.167038,2025-02-24 16:29:38.698639,176373471995752,0x68,0x67,0x25,0x26,0x69,0xa0,0x0,0x0,0x0,0x0,0x0,0x0,0x0,0x0,0x0,0x0,0x68,0x67,0x25,0x24,0x8f,0xd0,0x0,0x0,0x68,0x67,0x25,0x25,0xf2,0x82,0x0,0x0,0x0,0x0,0x0,0x0,0x0,0x0,0x0,0x0,0x0,0x0,0x0,0x0,0x0,0x0,0x0,0x0,0x0,0x0,0x0,0x0,0x0,0x0,0x0,0x0,3,28,28
2025-02-24 16:29:17.167038,2025-02-24 16:29:38.698639,31796266100584,0x68,0x67,0x25,0x25,0xeb,0x1c,0x0,0x0,0x0,0x0,0x0,0x0,0x0,0x0,0x0,0x0,0x68,0x67,0x25,0x25,0xe7,0x28,0x0,0x0,0x0,0x0,0x0,0x0,0x0,0x0,0x0,0x0,0x0,0x0,0x0,0x0,0x0,0x0,0x0,0x0,0x0,0x0,0x0,0x0,0x0,0x0,0x0,0x0,0x0,0x0,0x0,0x0,0x0,0x0,0x0,0x0,3,28,28
2025-02-24 16:29:17.167038,2025-02-24 16:29:38.698639,154562366887264,0x60,0x55,0xf9,0xda,0x92,0x8c,0x0,0x0,0x68,0x67,0x25,0x25,0x84,0xb0,0x0,0x0,0x68,0x67,0x25,0x25,0xfd,0x54,0x0,0x0,0x60,0x55,0xf9,0xd9,0x2a,0x6a,0x0,0x0,0x68,0x67,0x25,0x26,0x3,0x72,0x0,0x0,0x0,0x0,0x0,0x0,0x0,0x0,0x0,0x0,0x68,0x67,0x25,0x25,0xff,0x7e,0x0,0x0,3,28,28
2025-02-24 16:29:17.167038,2025-02-24 16:29:38.698639,260181152065384,0x68,0x67,0x25,0x25,0xa2,0xec,0x0,0x0,0x68,0x67,0x25,0x25,0xe7,0x28,0x0,0x0,0x68,0x67,0x25,0x25,0x84,0xb0,0x0,0x0,0x68,0x67,0x25,0x25,0x34,0x24,0x0,0x0,0x68,0x67,0x25,0x25,0xeb,0x44,0x0,0x0,0x0,0x0,0x0,0x0,0x0,0x0,0x0,0x0,0x0,0x0,0x0,0x0,0x0,0x0,0x0,0x0,3,28,28
2025-02-24 16:29:17.167038,2025-02-24 16:29:38.698639,251660261248856,0x58,0xcf,0x79,0x38,0xe2,0xe4,0x0,0x0,0x0,0x0,0x0,0x0,0x0,0x0,0x0,0x0,0x68,0x67,0x25,0x25,0xf0,0xf0,0x0,0x0,0x68,0x67,0x25,0x24,0x8f,0xd0,0x0,0x0,0x0,0x0,0x0,0x0,0x0,0x0,0x0,0x0,0x0,0x0,0x0,0x0,0x0,0x0,0x0,0x0,0x0,0x0,0x0,0x0,0x0,0x0,0x0,0x0,3,28,28
2025-02-24 16:29:17.167038,2025-02-24 16:29:38.698639,57883847124840,0x68,0x67,0x25,0x22,0xa5,0x34,0x0,0x0,0x0,0x0,0x0,0x0,0x0,0x0,0x0,0x0,0x60,0x55,0xf9,0xe1,0xe6,0x1c,0x0,0x0,0x0,0x0,0x0,0x0,0x0,0x0,0x0,0x0,0x68,0x67,0x25,0x26,0xa7,0x24,0x0,0x0,0x0,0x0,0x0,0x0,0x0,0x0,0x0,0x0,0x0,0x0,0x0,0x0,0x0,0x0,0x0,0x0,3,28,28
2025-02-24 16:29:17.167038,2025-02-24 16:29:38.698639,18383032903528,0x68,0x67,0x25,0x22,0xb8,0x10,0x0,0x0,0x60,0x55,0xf9,0xd9,0x2a,0x6a,0x0,0x0,0x0,0x0,0x0,0x0,0x0,0x0,0x0,0x0,0x68,0x67,0x25,0x22,0xab,0xe0,0x0,0x0,0x68,0x67,0x25,0x25,0xfd,0x54,0x0,0x0,0x0,0x0,0x0,0x0,0x0,0x0,0x0,0x0,0x0,0x0,0x0,0x0,0x0,0x0,0x0,0x0,3,28,28
2025-02-24 16:29:17.167038,2025-02-24 16:29:38.698639,116732278166880,0x60,0x55,0xf9,0xd9,0x2a,0x6a,0x0,0x0,0x68,0x67,0x25,0x25,0xe7,0xd6,0x0,0x0,0x68,0x67,0x25,0x22,0xb8,0x10,0x0,0x0,0x68,0x67,0x25,0x26,0xa7,0x24,0x0,0x0,0x60,0x55,0xf9,0xda,0x92,0x8c,0x0,0x0,0x0,0x0,0x0,0x0,0x0,0x0,0x0,0x0,0x0,0x0,0x0,0x0,0x0,0x0,0x0,0x0,3,28,28
2025-02-24 16:29:17.167038,2025-02-24 16:29:38.698639,185113696888680,0x68,0x67,0x25,0x24,0x5c,0xa8,0x0,0x0,0x0,0x0,0x0,0x0,0x0,0x0,0x0,0x0,0x0,0x0,0x0,0x0,0x0,0x0,0x0,0x0,0x0,0x0,0x0,0x0,0x0,0x0,0x0,0x0,0x60,0x55,0xf9,0xe1,0xe6,0x1c,0x0,0x0,0x0,0x0,0x0,0x0,0x0,0x0,0x0,0x0,0x0,0x0,0x0,0x0,0x0,0x0,0x0,0x0,3,28,28
2025-02-24 16:29:17.167038,2025-02-24 16:29:38.698639,143976516904808,0x68,0x67,0x25,0x25,0xf2,0x82,0x0,0x0,0x68,0x67,0x25,0x25,0xeb,0x44,0x0,0x0,0x68,0x67,0x25,0x26,0x3,0x72,0x0,0x0,0x68,0x67,0x25,0x25,0x84,0xb0,0x0,0x0,0x68,0x67,0x25,0x26,0x69,0xa0,0x0,0x0,0x0,0x0,0x0,0x0,0x0,0x0,0x0,0x0,0x0,0x0,0x0,0x0,0x0,0x0,0x0,0x0,3,28,28
2025-02-24 16:29:17.167038,2025-02-24 16:29:38.698639,229313205331816,0x68,0x67,0x25,0x24,0x8f,0xd0,0x0,0x0,0x68,0x67,0x25,0x26,0x69,0xa0,0x0,0x0,0x68,0x67,0x25,0x24,0xbc,0xd6,0x0,0x0,0x68,0x67,0x25,0x26,0x3,0x72,0x0,0x0,0x58,0xcf,0x79,0x38,0xe2,0xe4,0x0,0x0,0x0,0x0,0x0,0x0,0x0,0x0,0x0,0x0,0x0,0x0,0x0,0x0,0x0,0x0,0x0,0x0,3,28,28
2025-02-24 16:29:17.167038,2025-02-24 16:29:38.698639,40300318123880,0x68,0x67,0x25,0x26,0xa7,0x24,0x0,0x0,0x68,0x67,0x25,0x24,0x61,0x94,0x0,0x0,0x68,0x67,0x25,0x22,0xab,0xe0,0x0,0x0,0x68,0x67,0x25,0x22,0xa5,0x34,0x0,0x0,0x60,0x55,0xf9,0xd9,0x2a,0x6a,0x0,0x0,0x0,0x0,0x0,0x0,0x0,0x0,0x0,0x0,0x0,0x0,0x0,0x0,0x0,0x0,0x0,0x0,3,28,28
2025-02-24 16:29:17.167038,2025-02-24 16:29:38.698639,44973225764712,0x68,0x67,0x25,0x25,0xe7,0x28,0x0,0x0,0x68,0x67,0x25,0x25,0xeb,0x1c,0x0,0x0,0x68,0x67,0x25,0x25,0xa2,0xec,0x0,0x0,0x0,0x0,0x0,0x0,0x0,0x0,0x0,0x0,0x0,0x0,0x0,0x0,0x0,0x0,0x0,0x0,0x0,0x0,0x0,0x0,0x0,0x0,0x0,0x0,0x0,0x0,0x0,0x0,0x0,0x0,0x0,0x0,3,28,28
2025-02-24 16:29:17.167038,2025-02-24 16:29:38.698639,39806380107624,0x68,0x67,0x25,0x25,0x34,0x24,0x0,0x0,0x0,0x0,0x0,0x0,0x0,0x0,0x0,0x0,0x68,0x67,0x25,0x25,0xe7,0xd6,0x0,0x0,0x0,0x0,0x0,0x0,0x0,0x0,0x0,0x0,0x68,0x67,0x25,0x25,0xa2,0xec,0x0,0x0,0x0,0x0,0x0,0x0,0x0,0x0,0x0,0x0,0x0,0x0,0x0,0x0,0x0,0x0,0x0,0x0,3,28,28
2025-02-24 16:29:17.167038,2025-02-24 16:29:38.698639,194081605379944,0x68,0x67,0x25,0x25,0x84,0xb0,0x0,0x0,0x68,0x67,0x25,0x25,0xa2,0xec,0x0,0x0,0x60,0x55,0xf9,0xda,0x92,0x8c,0x0,0x0,0x68,0x67,0x25,0x25,0xe7,0xd6,0x0,0x0,0x68,0x67,0x25,0x25,0xf2,0x82,0x0,0x0,0x0,0x0,0x0,0x0,0x0,0x0,0x0,0x0,0x0,0x0,0x0,0x0,0x0,0x0,0x0,0x0,3,28,28
2025-02-24 16:29:48.705455,2025-02-24 16:30:07.454479,125357850453864,0x68,0x67,0x25,0x26,0x3,0x72,0x0,0x0,0x68,0x67,0x25,0x25,0xf2,0x82,0x0,0x0,0x60,0x55,0xf9,0xd9,0xe1,0xe2,0x0,0x0,0x60,0x55,0xf9,0xda,0x92,0x8c,0x0,0x0,0x68,0x67,0x25,0x24,0x8f,0xd0,0x0,0x0,0x0,0x0,0x0,0x0,0x0,0x0,0x0,0x0,0x0,0x0,0x0,0x0,0x0,0x0,0x0,0x0,4,28,28
2025-02-24 16:29:48.705455,2025-02-24 16:30:07.454479,101828741649760,0x60,0x55,0xf9,0xd9,0x9c,0x5c,0x0,0x0,0x68,0x67,0x25,0x25,0xff,0x7e,0x0,0x0,0x0,0x0,0x0,0x0,0x0,0x0,0x0,0x0,0x0,0x0,0x0,0x0,0x0,0x0,0x0,0x0,0x0,0x0,0x0,0x0,0x0,0x0,0x0,0x0,0x68,0x67,0x25,0x25,0xfd,0x54,0x0,0x0,0x0,0x0,0x0,0x0,0x0,0x0,0x0,0x0,4,28,28
2025-02-24 16:29:48.705455,2025-02-24 16:30:07.454479,93446226667368,0x68,0x67,0x25,0x25,0xfd,0x54,0x0,0x0,0x60,0x55,0xf9,0xda,0x92,0x8c,0x0,0x0,0x0,0x0,0x0,0x0,0x0,0x0,0x0,0x0,0x68,0x67,0x25,0x22,0xb8,0x10,0x0,0x0,0x60,0x55,0xf9,0xd9,0xe1,0xe2,0x0,0x0,0x0,0x0,0x0,0x0,0x0,0x0,0x0,0x0,0x60,0x55,0xf9,0xd9,0x9c,0x5c,0x0,0x0,4,28,28
2025-02-24 16:29:48.705455,2025-02-24 16:30:07.454479,236103548626792,0x68,0x67,0x25,0x24,0xbc,0xd6,0x0,0x0,0x68,0x67,0x25,0x24,0x8f,0xd0,0x0,0x0,0x0,0x0,0x0,0x0,0x0,0x0,0x0,0x0,0x60,0x55,0xf9,0xd9,0xe1,0xe2,0x0,0x0,0x68,0x67,0x25,0x25,0xf0,0xf0,0x0,0x0,0x0,0x0,0x0,0x0,0x0,0x0,0x0,0x0,0x0,0x0,0x0,0x0,0x0,0x0,0x0,0x0,4,28,28
2025-02-24 16:29:48.705455,2025-02-24 16:30:07.454479,249459652515168,0x60,0x55,0xf9,0xd9,0xe1,0xe2,0x0,0x0,0x68,0x67,0x25,0x26,0x3,0x72,0x0,0x0,0x0,0x0,0x0,0x0,0x0,0x0,0x0,0x0,0x68,0x67,0x25,0x25,0xfd,0x54,0x0,0x0,0x68,0x67,0x25,0x24,0xbc,0xd6,0x0,0x0,0x0,0x0,0x0,0x0,0x0,0x0,0x0,0x0,0x0,0x0,0x0,0x0,0x0,0x0,0x0,0x0,4,28,28
2025-02-24 16:29:48.705455,2025-02-24 16:30:07.454479,139634304968552,0x68,0x67,0x25,0x25,0xff,0x7e,0x0,0x0,0x0,0x0,0x0,0x0,0x0,0x0,0x0,0x0,0x60,0x55,0xf9,0xd9,0x9c,0x5c,0x0,0x0,0x0,0x0,0x0,0x0,0x0,0x0,0x0,0x0,0x0,0x0,0x0,0x0,0x0,0x0,0x0,0x0,0x60,0x55,0xf9,0xda,0x92,0x8c,0x0,0x0,0x0,0x0,0x0,0x0,0x0,0x0,0x0,0x0,4,28,28
2025-02-24 16:29:48.705455,2025-02-24 16:30:07.454479,75776731211624,0x68,0x67,0x25,0x25,0xeb,0x44,0x0,0x0,0x0,0x0,0x0,0x0,0x0,0x0,0x0,0x0,0x68,0x67,0x25,0x25,0xf2,0x82,0x0,0x0,0x68,0x67,0x25,0x25,0xa2,0xec,0x0,0x0,0x0,0x0,0x0,0x0,0x0,0x0,0x0,0x0,0x0,0x0,0x0,0x0,0x0,0x0,0x0,0x0,0x0,0x0,0x0,0x0,0x0,0x0,0x0,0x0,4,28,28
2025-02-24 16:29:48.705455,2025-02-24 16:30:07.454479,31777959269728,0x60,0x55,0xf9,0xe1,0xe6,0x1c,0x0,0x0,0x68,0x67,0x25,0x22,0xa5,0x34,0x0,0x0,0x0,0x0,0x0,0x0,0x0,0x0,0x0,0x0,0x68,0x67,0x25,0x24,0x5c,0xa8,0x0,0x0,0x68,0x67,0x25,0x22,0xab,0xe0,0x0,0x0,0x0,0x0,0x0,0x0,0x0,0x0,0x0,0x0,0x0,0x0,0x0,0x0,0x0,0x0,0x0,0x0,4,28,28
2025-02-24 16:29:48.705455,2025-02-24 16:30:07.454479,264914206025576,0x68,0x67,0x25,0x25,0xf0,0xf0,0x0,0x0,0x58,0xcf,0x79,0x38,0xe2,0xe4,0x0,0x0,0x0,0x0,0x0,0x0,0x0,0x0,0x0,0x0,0x68,0x67,0x25,0x24,0xbc,0xd6,0x0,0x0,0x68,0x67,0x25,0x22,0xa1,0xa0,0x0,0x0,0x0,0x0,0x0,0x0,0x0,0x0,0x0,0x0,0x0,0x0,0x0,0x0,0x0,0x0,0x0,0x0,4,28,28
2025-02-24 16:29:48.705455,2025-02-24 16:30:07.454479,247025616906088,0x68,0x67,0x25,0x22,0xab,0xe0,0x0,0x0,0x68,0x67,0x25,0x26,0xa7,0x24,0x0,0x0,0x0,0x0,0x0,0x0,0x0,0x0,0x0,0x0,0x60,0x55,0xf9,0xe1,0xe6,0x1c,0x0,0x0,0x68,0x67,0x25,0x22,0xb8,0x10,0x0,0x0,0x0,0x0,0x0,0x0,0x0,0x0,0x0,0x0,0x0,0x0,0x0,0x0,0x0,0x0,0x0,0x0,4,28,28
2025-02-24 16:29:48.705455,2025-02-24 16:30:07.454479,176613923055464,0x68,0x67,0x25,0x22,0xa1,0xa0,0x0,0x0,0x0,0x0,0x0,0x0,0x0,0x0,0x0,0x0,0x0,0x0,0x0,0x0,0x0,0x0,0x0,0x0,0x68,0x67,0x25,0x25,0xf0,0xf0,0x0,0x0,0x0,0x0,0x0,0x0,0x0,0x0,0x0,0x0,0x0,0x0,0x0,0x0,0x0,0x0,0x0,0x0,0x0,0x0,0x0,0x0,0x0,0x0,0x0,0x0,4,28,28
2025-02-24 16:29:48.705455,2025-02-24 16:30:07.454479,236288248997736,0x68,0x67,0x25,0x25,0xe7,0xd6,0x0,0x0,0x68,0x67,0x25,0x25,0x34,0x24,0x0,0x0,0x60,0x55,0xf9,0xd9,0x2a,0x6a,0x0,0x0,0x68,0x67,0x25,0x24,0x61,0x94,0x0,0x0,0x68,0x67,0x25,0x25,0x84,0xb0,0x0,0x0,0x0,0x0,0x0,0x0,0x0,0x0,0x0,0x0,0x0,0x0,0x0,0x0,0x0,0x0,0x0,0x0,4,28,28
2025-02-24 16:29:48.705455,2025-02-24 16:30:07.454479,176373471995752,0x68,0x67,0x25,0x26,0x69,0xa0,0x0,0x0,0x0,0x0,0x0,0x0,0x0,0x0,0x0,0x0,0x68,0x67,0x25,0x24,0x8f,0xd0,0x0,0x0,0x68,0x67,0x25,0x25,0xf2,0x82,0x0,0x0,0x0,0x0,0x0,0x0,0x0,0x0,0x0,0x0,0x0,0x0,0x0,0x0,0x0,0x0,0x0,0x0,0x0,0x0,0x0,0x0,0x0,0x0,0x0,0x0,4,28,28
2025-02-24 16:29:48.705455,2025-02-24 16:30:07.454479,31796266100584,0x68,0x67,0x25,0x25,0xeb,0x1c,0x0,0x0,0x0,0x0,0x0,0x0,0x0,0x0,0x0,0x0,0x68,0x67,0x25,0x25,0xe7,0x28,0x0,0x0,0x0,0x0,0x0,0x0,0x0,0x0,0x0,0x0,0x0,0x0,0x0,0x0,0x0,0x0,0x0,0x0,0x0,0x0,0x0,0x0,0x0,0x0,0x0,0x0,0x0,0x0,0x0,0x0,0x0,0x0,0x0,0x0,4,28,28
2025-02-24 16:29:48.705455,2025-02-24 16:30:07.454479,154562366887264,0x60,0x55,0xf9,0xda,0x92,0x8c,0x0,0x0,0x68,0x67,0x25,0x25,0x84,0xb0,0x0,0x0,0x68,0x67,0x25,0x25,0xfd,0x54,0x0,0x0,0x60,0x55,0xf9,0xd9,0x2a,0x6a,0x0,0x0,0x68,0x67,0x25,0x26,0x3,0x72,0x0,0x0,0x0,0x0,0x0,0x0,0x0,0x0,0x0,0x0,0x68,0x67,0x25,0x25,0xff,0x7e,0x0,0x0,4,28,28
2025-02-24 16:29:48.705455,2025-02-24 16:30:07.454479,260181152065384,0x68,0x67,0x25,0x25,0xa2,0xec,0x0,0x0,0x68,0x67,0x25,0x25,0xe7,0x28,0x0,0x0,0x68,0x67,0x25,0x25,0x84,0xb0,0x0,0x0,0x68,0x67,0x25,0x25,0x34,0x24,0x0,0x0,0x68,0x67,0x25,0x25,0xeb,0x44,0x0,0x0,0x0,0x0,0x0,0x0,0x0,0x0,0x0,0x0,0x0,0x0,0x0,0x0,0x0,0x0,0x0,0x0,4,28,28
2025-02-24 16:29:48.705455,2025-02-24 16:30:07.454479,251660261248856,0x58,0xcf,0x79,0x38,0xe2,0xe4,0x0,0x0,0x0,0x0,0x0,0x0,0x0,0x0,0x0,0x0,0x68,0x67,0x25,0x25,0xf0,0xf0,0x0,0x0,0x68,0x67,0x25,0x24,0x8f,0xd0,0x0,0x0,0x0,0x0,0x0,0x0,0x0,0x0,0x0,0x0,0x0,0x0,0x0,0x0,0x0,0x0,0x0,0x0,0x0,0x0,0x0,0x0,0x0,0x0,0x0,0x0,4,28,28
2025-02-24 16:29:48.705455,2025-02-24 16:30:07.454479,57883847124840,0x68,0x67,0x25,0x22,0xa5,0x34,0x0,0x0,0x0,0x0,0x0,0x0,0x0,0x0,0x0,0x0,0x60,0x55,0xf9,0xe1,0xe6,0x1c,0x0,0x0,0x0,0x0,0x0,0x0,0x0,0x0,0x0,0x0,0x68,0x67,0x25,0x26,0xa7,0x24,0x0,0x0,0x0,0x0,0x0,0x0,0x0,0x0,0x0,0x0,0x0,0x0,0x0,0x0,0x0,0x0,0x0,0x0,4,28,28
2025-02-24 16:29:48.705455,2025-02-24 16:30:07.454479,18383032903528,0x68,0x67,0x25,0x22,0xb8,0x10,0x0,0x0,0x60,0x55,0xf9,0xd9,0x2a,0x6a,0x0,0x0,0x0,0x0,0x0,0x0,0x0,0x0,0x0,0x0,0x68,0x67,0x25,0x22,0xab,0xe0,0x0,0x0,0x68,0x67,0x25,0x25,0xfd,0x54,0x0,0x0,0x0,0x0,0x0,0x0,0x0,0x0,0x0,0x0,0x0,0x0,0x0,0x0,0x0,0x0,0x0,0x0,4,28,28
2025-02-24 16:29:48.705455,2025-02-24 16:30:07.454479,116732278166880,0x60,0x55,0xf9,0xd9,0x2a,0x6a,0x0,0x0,0x68,0x67,0x25,0x25,0xe7,0xd6,0x0,0x0,0x68,0x67,0x25,0x22,0xb8,0x10,0x0,0x0,0x68,0x67,0x25,0x26,0xa7,0x24,0x0,0x0,0x60,0x55,0xf9,0xda,0x92,0x8c,0x0,0x0,0x0,0x0,0x0,0x0,0x0,0x0,0x0,0x0,0x0,0x0,0x0,0x0,0x0,0x0,0x0,0x0,4,28,28
2025-02-24 16:29:48.705455,2025-02-24 16:30:07.454479,185113696888680,0x68,0x67,0x25,0x24,0x5c,0xa8,0x0,0x0,0x0,0x0,0x0,0x0,0x0,0x0,0x0,0x0,0x0,0x0,0x0,0x0,0x0,0x0,0x0,0x0,0x0,0x0,0x0,0x0,0x0,0x0,0x0,0x0,0x60,0x55,0xf9,0xe1,0xe6,0x1c,0x0,0x0,0x0,0x0,0x0,0x0,0x0,0x0,0x0,0x0,0x0,0x0,0x0,0x0,0x0,0x0,0x0,0x0,4,28,28
2025-02-24 16:29:48.705455,2025-02-24 16:30:07.454479,143976516904808,0x68,0x67,0x25,0x25,0xf2,0x82,0x0,0x0,0x68,0x67,0x25,0x25,0xeb,0x44,0x0,0x0,0x68,0x67,0x25,0x26,0x3,0x72,0x0,0x0,0x68,0x67,0x25,0x25,0x84,0xb0,0x0,0x0,0x68,0x67,0x25,0x26,0x69,0xa0,0x0,0x0,0x0,0x0,0x0,0x0,0x0,0x0,0x0,0x0,0x0,0x0,0x0,0x0,0x0,0x0,0x0,0x0,4,28,28
2025-02-24 16:29:48.705455,2025-02-24 16:30:07.454479,229313205331816,0x68,0x67,0x25,0x24,0x8f,0xd0,0x0,0x0,0x68,0x67,0x25,0x26,0x69,0xa0,0x0,0x0,0x68,0x67,0x25,0x24,0xbc,0xd6,0x0,0x0,0x68,0x67,0x25,0x26,0x3,0x72,0x0,0x0,0x58,0xcf,0x79,0x38,0xe2,0xe4,0x0,0x0,0x0,0x0,0x0,0x0,0x0,0x0,0x0,0x0,0x0,0x0,0x0,0x0,0x0,0x0,0x0,0x0,4,28,28
2025-02-24 16:29:48.705455,2025-02-24 16:30:07.454479,40300318123880,0x68,0x67,0x25,0x26,0xa7,0x24,0x0,0x0,0x68,0x67,0x25,0x24,0x61,0x94,0x0,0x0,0x68,0x67,0x25,0x22,0xab,0xe0,0x0,0x0,0x68,0x67,0x25,0x22,0xa5,0x34,0x0,0x0,0x60,0x55,0xf9,0xd9,0x2a,0x6a,0x0,0x0,0x0,0x0,0x0,0x0,0x0,0x0,0x0,0x0,0x0,0x0,0x0,0x0,0x0,0x0,0x0,0x0,4,28,28
2025-02-24 16:29:48.705455,2025-02-24 16:30:07.454479,44973225764712,0x68,0x67,0x25,0x25,0xe7,0x28,0x0,0x0,0x68,0x67,0x25,0x25,0xeb,0x1c,0x0,0x0,0x68,0x67,0x25,0x25,0xa2,0xec,0x0,0x0,0x0,0x0,0x0,0x0,0x0,0x0,0x0,0x0,0x0,0x0,0x0,0x0,0x0,0x0,0x0,0x0,0x0,0x0,0x0,0x0,0x0,0x0,0x0,0x0,0x0,0x0,0x0,0x0,0x0,0x0,0x0,0x0,4,28,28
2025-02-24 16:29:48.705455,2025-02-24 16:30:07.454479,39806380107624,0x68,0x67,0x25,0x25,0x34,0x24,0x0,0x0,0x0,0x0,0x0,0x0,0x0,0x0,0x0,0x0,0x68,0x67,0x25,0x25,0xe7,0xd6,0x0,0x0,0x0,0x0,0x0,0x0,0x0,0x0,0x0,0x0,0x68,0x67,0x25,0x25,0xa2,0xec,0x0,0x0,0x0,0x0,0x0,0x0,0x0,0x0,0x0,0x0,0x0,0x0,0x0,0x0,0x0,0x0,0x0,0x0,4,28,28
2025-02-24 16:29:48.705455,2025-02-24 16:30:07.454479,194081605379944,0x68,0x67,0x25,0x25,0x84,0xb0,0x0,0x0,0x68,0x67,0x25,0x25,0xa2,0xec,0x0,0x0,0x60,0x55,0xf9,0xda,0x92,0x8c,0x0,0x0,0x68,0x67,0x25,0x25,0xe7,0xd6,0x0,0x0,0x68,0x67,0x25,0x25,0xf2,0x82,0x0,0x0,0x0,0x0,0x0,0x0,0x0,0x0,0x0,0x0,0x0,0x0,0x0,0x0,0x0,0x0,0x0,0x0,4,28,28
2025-02-24 16:30:17.459314,2025-02-24 16:30:38.967283,125357850453864,0x68,0x67,0x25,0x26,0x3,0x72,0x0,0x0,0x68,0x67,0x25,0x25,0xf2,0x82,0x0,0x0,0x60,0x55,0xf9,0xd9,0xe1,0xe2,0x0,0x0,0x60,0x55,0xf9,0xda,0x92,0x8c,0x0,0x0,0x68,0x67,0x25,0x24,0x8f,0xd0,0x0,0x0,0x0,0x0,0x0,0x0,0x0,0x0,0x0,0x0,0x0,0x0,0x0,0x0,0x0,0x0,0x0,0x0,5,28,28
2025-02-24 16:30:17.459314,2025-02-24 16:30:38.967283,101828741649760,0x60,0x55,0xf9,0xd9,0x9c,0x5c,0x0,0x0,0x68,0x67,0x25,0x25,0xff,0x7e,0x0,0x0,0x0,0x0,0x0,0x0,0x0,0x0,0x0,0x0,0x0,0x0,0x0,0x0,0x0,0x0,0x0,0x0,0x0,0x0,0x0,0x0,0x0,0x0,0x0,0x0,0x68,0x67,0x25,0x25,0xfd,0x54,0x0,0x0,0x0,0x0,0x0,0x0,0x0,0x0,0x0,0x0,5,28,28
2025-02-24 16:30:17.459314,2025-02-24 16:30:38.967283,93446226667368,0x68,0x67,0x25,0x25,0xfd,0x54,0x0,0x0,0x60,0x55,0xf9,0xda,0x92,0x8c,0x0,0x0,0x0,0x0,0x0,0x0,0x0,0x0,0x0,0x0,0x68,0x67,0x25,0x22,0xb8,0x10,0x0,0x0,0x60,0x55,0xf9,0xd9,0xe1,0xe2,0x0,0x0,0x0,0x0,0x0,0x0,0x0,0x0,0x0,0x0,0x60,0x55,0xf9,0xd9,0x9c,0x5c,0x0,0x0,5,28,28
2025-02-24 16:30:17.459314,2025-02-24 16:30:38.967283,236103548626792,0x68,0x67,0x25,0x24,0xbc,0xd6,0x0,0x0,0x68,0x67,0x25,0x24,0x8f,0xd0,0x0,0x0,0x0,0x0,0x0,0x0,0x0,0x0,0x0,0x0,0x60,0x55,0xf9,0xd9,0xe1,0xe2,0x0,0x0,0x68,0x67,0x25,0x25,0xf0,0xf0,0x0,0x0,0x0,0x0,0x0,0x0,0x0,0x0,0x0,0x0,0x0,0x0,0x0,0x0,0x0,0x0,0x0,0x0,5,28,28
2025-02-24 16:30:17.459314,2025-02-24 16:30:38.967283,249459652515168,0x60,0x55,0xf9,0xd9,0xe1,0xe2,0x0,0x0,0x68,0x67,0x25,0x26,0x3,0x72,0x0,0x0,0x0,0x0,0x0,0x0,0x0,0x0,0x0,0x0,0x68,0x67,0x25,0x25,0xfd,0x54,0x0,0x0,0x68,0x67,0x25,0x24,0xbc,0xd6,0x0,0x0,0x0,0x0,0x0,0x0,0x0,0x0,0x0,0x0,0x0,0x0,0x0,0x0,0x0,0x0,0x0,0x0,5,28,28
2025-02-24 16:30:17.459314,2025-02-24 16:30:38.967283,139634304968552,0x68,0x67,0x25,0x25,0xff,0x7e,0x0,0x0,0x0,0x0,0x0,0x0,0x0,0x0,0x0,0x0,0x60,0x55,0xf9,0xd9,0x9c,0x5c,0x0,0x0,0x0,0x0,0x0,0x0,0x0,0x0,0x0,0x0,0x0,0x0,0x0,0x0,0x0,0x0,0x0,0x0,0x60,0x55,0xf9,0xda,0x92,0x8c,0x0,0x0,0x0,0x0,0x0,0x0,0x0,0x0,0x0,0x0,5,28,28
2025-02-24 16:30:17.459314,2025-02-24 16:30:38.967283,75776731211624,0x68,0x67,0x25,0x25,0xeb,0x44,0x0,0x0,0x0,0x0,0x0,0x0,0x0,0x0,0x0,0x0,0x68,0x67,0x25,0x25,0xf2,0x82,0x0,0x0,0x68,0x67,0x25,0x25,0xa2,0xec,0x0,0x0,0x0,0x0,0x0,0x0,0x0,0x0,0x0,0x0,0x0,0x0,0x0,0x0,0x0,0x0,0x0,0x0,0x0,0x0,0x0,0x0,0x0,0x0,0x0,0x0,5,28,28
2025-02-24 16:30:17.459314,2025-02-24 16:30:38.967283,31777959269728,0x60,0x55,0xf9,0xe1,0xe6,0x1c,0x0,0x0,0x68,0x67,0x25,0x22,0xa5,0x34,0x0,0x0,0x0,0x0,0x0,0x0,0x0,0x0,0x0,0x0,0x68,0x67,0x25,0x24,0x5c,0xa8,0x0,0x0,0x68,0x67,0x25,0x22,0xab,0xe0,0x0,0x0,0x0,0x0,0x0,0x0,0x0,0x0,0x0,0x0,0x0,0x0,0x0,0x0,0x0,0x0,0x0,0x0,5,28,28
2025-02-24 16:30:17.459314,2025-02-24 16:30:38.967283,264914206025576,0x68,0x67,0x25,0x25,0xf0,0xf0,0x0,0x0,0x58,0xcf,0x79,0x38,0xe2,0xe4,0x0,0x0,0x0,0x0,0x0,0x0,0x0,0x0,0x0,0x0,0x68,0x67,0x25,0x24,0xbc,0xd6,0x0,0x0,0x68,0x67,0x25,0x22,0xa1,0xa0,0x0,0x0,0x0,0x0,0x0,0x0,0x0,0x0,0x0,0x0,0x0,0x0,0x0,0x0,0x0,0x0,0x0,0x0,5,28,28
2025-02-24 16:30:17.459314,2025-02-24 16:30:38.967283,247025616906088,0x68,0x67,0x25,0x22,0xab,0xe0,0x0,0x0,0x68,0x67,0x25,0x26,0xa7,0x24,0x0,0x0,0x0,0x0,0x0,0x0,0x0,0x0,0x0,0x0,0x60,0x55,0xf9,0xe1,0xe6,0x1c,0x0,0x0,0x68,0x67,0x25,0x22,0xb8,0x10,0x0,0x0,0x0,0x0,0x0,0x0,0x0,0x0,0x0,0x0,0x0,0x0,0x0,0x0,0x0,0x0,0x0,0x0,5,28,28
2025-02-24 16:30:17.459314,2025-02-24 16:30:38.967283,176613923055464,0x68,0x67,0x25,0x22,0xa1,0xa0,0x0,0x0,0x0,0x0,0x0,0x0,0x0,0x0,0x0,0x0,0x0,0x0,0x0,0x0,0x0,0x0,0x0,0x0,0x68,0x67,0x25,0x25,0xf0,0xf0,0x0,0x0,0x0,0x0,0x0,0x0,0x0,0x0,0x0,0x0,0x0,0x0,0x0,0x0,0x0,0x0,0x0,0x0,0x0,0x0,0x0,0x0,0x0,0x0,0x0,0x0,5,28,28
2025-02-24 16:30:17.459314,2025-02-24 16:30:38.967283,236288248997736,0x68,0x67,0x25,0x25,0xe7,0xd6,0x0,0x0,0x68,0x67,0x25,0x25,0x34,0x24,0x0,0x0,0x60,0x55,0xf9,0xd9,0x2a,0x6a,0x0,0x0,0x68,0x67,0x25,0x24,0x61,0x94,0x0,0x0,0x68,0x67,0x25,0x25,0x84,0xb0,0x0,0x0,0x0,0x0,0x0,0x0,0x0,0x0,0x0,0x0,0x0,0x0,0x0,0x0,0x0,0x0,0x0,0x0,5,28,28
2025-02-24 16:30:17.459314,2025-02-24 16:30:38.967283,176373471995752,0x68,0x67,0x25,0x26,0x69,0xa0,0x0,0x0,0x0,0x0,0x0,0x0,0x0,0x0,0x0,0x0,0x68,0x67,0x25,0x24,0x8f,0xd0,0x0,0x0,0x68,0x67,0x25,0x25,0xf2,0x82,0x0,0x0,0x0,0x0,0x0,0x0,0x0,0x0,0x0,0x0,0x0,0x0,0x0,0x0,0x0,0x0,0x0,0x0,0x0,0x0,0x0,0x0,0x0,0x0,0x0,0x0,5,28,28
2025-02-24 16:30:17.459314,2025-02-24 16:30:38.967283,31796266100584,0x68,0x67,0x25,0x25,0xeb,0x1c,0x0,0x0,0x0,0x0,0x0,0x0,0x0,0x0,0x0,0x0,0x68,0x67,0x25,0x25,0xe7,0x28,0x0,0x0,0x0,0x0,0x0,0x0,0x0,0x0,0x0,0x0,0x0,0x0,0x0,0x0,0x0,0x0,0x0,0x0,0x0,0x0,0x0,0x0,0x0,0x0,0x0,0x0,0x0,0x0,0x0,0x0,0x0,0x0,0x0,0x0,5,28,28
2025-02-24 16:30:17.459314,2025-02-24 16:30:38.967283,154562366887264,0x60,0x55,0xf9,0xda,0x92,0x8c,0x0,0x0,0x68,0x67,0x25,0x25,0x84,0xb0,0x0,0x0,0x68,0x67,0x25,0x25,0xfd,0x54,0x0,0x0,0x60,0x55,0xf9,0xd9,0x2a,0x6a,0x0,0x0,0x68,0x67,0x25,0x26,0x3,0x72,0x0,0x0,0x0,0x0,0x0,0x0,0x0,0x0,0x0,0x0,0x68,0x67,0x25,0x25,0xff,0x7e,0x0,0x0,5,28,28
2025-02-24 16:30:17.459314,2025-02-24 16:30:38.967283,260181152065384,0x68,0x67,0x25,0x25,0xa2,0xec,0x0,0x0,0x68,0x67,0x25,0x25,0xe7,0x28,0x0,0x0,0x68,0x67,0x25,0x25,0x84,0xb0,0x0,0x0,0x68,0x67,0x25,0x25,0x34,0x24,0x0,0x0,0x68,0x67,0x25,0x25,0xeb,0x44,0x0,0x0,0x0,0x0,0x0,0x0,0x0,0x0,0x0,0x0,0x0,0x0,0x0,0x0,0x0,0x0,0x0,0x0,5,28,28
2025-02-24 16:30:17.459314,2025-02-24 16:30:38.967283,251660261248856,0x58,0xcf,0x79,0x38,0xe2,0xe4,0x0,0x0,0x0,0x0,0x0,0x0,0x0,0x0,0x0,0x0,0x68,0x67,0x25,0x25,0xf0,0xf0,0x0,0x0,0x68,0x67,0x25,0x24,0x8f,0xd0,0x0,0x0,0x0,0x0,0x0,0x0,0x0,0x0,0x0,0x0,0x0,0x0,0x0,0x0,0x0,0x0,0x0,0x0,0x0,0x0,0x0,0x0,0x0,0x0,0x0,0x0,5,28,28
2025-02-24 16:30:17.459314,2025-02-24 16:30:38.967283,57883847124840,0x68,0x67,0x25,0x22,0xa5,0x34,0x0,0x0,0x0,0x0,0x0,0x0,0x0,0x0,0x0,0x0,0x60,0x55,0xf9,0xe1,0xe6,0x1c,0x0,0x0,0x0,0x0,0x0,0x0,0x0,0x0,0x0,0x0,0x68,0x67,0x25,0x26,0xa7,0x24,0x0,0x0,0x0,0x0,0x0,0x0,0x0,0x0,0x0,0x0,0x0,0x0,0x0,0x0,0x0,0x0,0x0,0x0,5,28,28
2025-02-24 16:30:17.459314,2025-02-24 16:30:38.967283,18383032903528,0x68,0x67,0x25,0x22,0xb8,0x10,0x0,0x0,0x60,0x55,0xf9,0xd9,0x2a,0x6a,0x0,0x0,0x0,0x0,0x0,0x0,0x0,0x0,0x0,0x0,0x68,0x67,0x25,0x22,0xab,0xe0,0x0,0x0,0x68,0x67,0x25,0x25,0xfd,0x54,0x0,0x0,0x0,0x0,0x0,0x0,0x0,0x0,0x0,0x0,0x0,0x0,0x0,0x0,0x0,0x0,0x0,0x0,5,28,28
2025-02-24 16:30:17.459314,2025-02-24 16:30:38.967283,116732278166880,0x60,0x55,0xf9,0xd9,0x2a,0x6a,0x0,0x0,0x68,0x67,0x25,0x25,0xe7,0xd6,0x0,0x0,0x68,0x67,0x25,0x22,0xb8,0x10,0x0,0x0,0x68,0x67,0x25,0x26,0xa7,0x24,0x0,0x0,0x60,0x55,0xf9,0xda,0x92,0x8c,0x0,0x0,0x0,0x0,0x0,0x0,0x0,0x0,0x0,0x0,0x0,0x0,0x0,0x0,0x0,0x0,0x0,0x0,5,28,28
2025-02-24 16:30:17.459314,2025-02-24 16:30:38.967283,185113696888680,0x68,0x67,0x25,0x24,0x5c,0xa8,0x0,0x0,0x0,0x0,0x0,0x0,0x0,0x0,0x0,0x0,0x0,0x0,0x0,0x0,0x0,0x0,0x0,0x0,0x0,0x0,0x0,0x0,0x0,0x0,0x0,0x0,0x60,0x55,0xf9,0xe1,0xe6,0x1c,0x0,0x0,0x0,0x0,0x0,0x0,0x0,0x0,0x0,0x0,0x0,0x0,0x0,0x0,0x0,0x0,0x0,0x0,5,28,28
2025-02-24 16:30:17.459314,2025-02-24 16:30:38.967283,143976516904808,0x68,0x67,0x25,0x25,0xf2,0x82,0x0,0x0,0x68,0x67,0x25,0x25,0xeb,0x44,0x0,0x0,0x68,0x67,0x25,0x26,0x3,0x72,0x0,0x0,0x68,0x67,0x25,0x25,0x84,0xb0,0x0,0x0,0x68,0x67,0x25,0x26,0x69,0xa0,0x0,0x0,0x0,0x0,0x0,0x0,0x0,0x0,0x0,0x0,0x0,0x0,0x0,0x0,0x0,0x0,0x0,0x0,5,28,28
2025-02-24 16:30:17.459314,2025-02-24 16:30:38.967283,229313205331816,0x68,0x67,0x25,0x24,0x8f,0xd0,0x0,0x0,0x68,0x67,0x25,0x26,0x69,0xa0,0x0,0x0,0x68,0x67,0x25,0x24,0xbc,0xd6,0x0,0x0,0x68,0x67,0x25,0x26,0x3,0x72,0x0,0x0,0x58,0xcf,0x79,0x38,0xe2,0xe4,0x0,0x0,0x0,0x0,0x0,0x0,0x0,0x0,0x0,0x0,0x0,0x0,0x0,0x0,0x0,0x0,0x0,0x0,5,28,28
2025-02-24 16:30:17.459314,2025-02-24 16:30:38.967283,40300318123880,0x68,0x67,0x25,0x26,0xa7,0x24,0x0,0x0,0x68,0x67,0x25,0x24,0x61,0x94,0x0,0x0,0x68,0x67,0x25,0x22,0xab,0xe0,0x0,0x0,0x68,0x67,0x25,0x22,0xa5,0x34,0x0,0x0,0x60,0x55,0xf9,0xd9,0x2a,0x6a,0x0,0x0,0x0,0x0,0x0,0x0,0x0,0x0,0x0,0x0,0x0,0x0,0x0,0x0,0x0,0x0,0x0,0x0,5,28,28
2025-02-24 16:30:17.459314,2025-02-24 16:30:38.967283,44973225764712,0x68,0x67,0x25,0x25,0xe7,0x28,0x0,0x0,0x68,0x67,0x25,0x25,0xeb,0x1c,0x0,0x0,0x68,0x67,0x25,0x25,0xa2,0xec,0x0,0x0,0x0,0x0,0x0,0x0,0x0,0x0,0x0,0x0,0x0,0x0,0x0,0x0,0x0,0x0,0x0,0x0,0x0,0x0,0x0,0x0,0x0,0x0,0x0,0x0,0x0,0x0,0x0,0x0,0x0,0x0,0x0,0x0,5,28,28
2025-02-24 16:30:17.459314,2025-02-24 16:30:38.967283,39806380107624,0x68,0x67,0x25,0x25,0x34,0x24,0x0,0x0,0x0,0x0,0x0,0x0,0x0,0x0,0x0,0x0,0x68,0x67,0x25,0x25,0xe7,0xd6,0x0,0x0,0x0,0x0,0x0,0x0,0x0,0x0,0x0,0x0,0x68,0x67,0x25,0x25,0xa2,0xec,0x0,0x0,0x0,0x0,0x0,0x0,0x0,0x0,0x0,0x0,0x0,0x0,0x0,0x0,0x0,0x0,0x0,0x0,5,28,28
2025-02-24 16:30:17.459314,2025-02-24 16:30:38.967283,194081605379944,0x68,0x67,0x25,0x25,0x84,0xb0,0x0,0x0,0x68,0x67,0x25,0x25,0xa2,0xec,0x0,0x0,0x60,0x55,0xf9,0xda,0x92,0x8c,0x0,0x0,0x68,0x67,0x25,0x25,0xe7,0xd6,0x0,0x0,0x68,0x67,0x25,0x25,0xf2,0x82,0x0,0x0,0x0,0x0,0x0,0x0,0x0,0x0,0x0,0x0,0x0,0x0,0x0,0x0,0x0,0x0,0x0,0x0,5,28,28
2025-02-24 16:30:48.977767,2025-02-24 16:30:52.539675,125357850453864,0x68,0x67,0x25,0x26,0x3,0x72,0x0,0x0,0x68,0x67,0x25,0x25,0xf2,0x82,0x0,0x0,0x60,0x55,0xf9,0xd9,0xe1,0xe2,0x0,0x0,0x60,0x55,0xf9,0xda,0x92,0x8c,0x0,0x0,0x68,0x67,0x25,0x24,0x8f,0xd0,0x0,0x0,0x0,0x0,0x0,0x0,0x0,0x0,0x0,0x0,0x0,0x0,0x0,0x0,0x0,0x0,0x0,0x0,6,28,28
2025-02-24 16:30:48.977767,2025-02-24 16:30:52.539675,101828741649760,0x60,0x55,0xf9,0xd9,0x9c,0x5c,0x0,0x0,0x68,0x67,0x25,0x25,0xff,0x7e,0x0,0x0,0x0,0x0,0x0,0x0,0x0,0x0,0x0,0x0,0x0,0x0,0x0,0x0,0x0,0x0,0x0,0x0,0x0,0x0,0x0,0x0,0x0,0x0,0x0,0x0,0x68,0x67,0x25,0x25,0xfd,0x54,0x0,0x0,0x0,0x0,0x0,0x0,0x0,0x0,0x0,0x0,6,28,28
2025-02-24 16:30:48.977767,2025-02-24 16:30:52.539675,93446226667368,0x68,0x67,0x25,0x25,0xfd,0x54,0x0,0x0,0x60,0x55,0xf9,0xda,0x92,0x8c,0x0,0x0,0x0,0x0,0x0,0x0,0x0,0x0,0x0,0x0,0x68,0x67,0x25,0x22,0xb8,0x10,0x0,0x0,0x60,0x55,0xf9,0xd9,0xe1,0xe2,0x0,0x0,0x0,0x0,0x0,0x0,0x0,0x0,0x0,0x0,0x60,0x55,0xf9,0xd9,0x9c,0x5c,0x0,0x0,6,28,28
2025-02-24 16:30:48.977767,2025-02-24 16:30:52.539675,236103548626792,0x68,0x67,0x25,0x24,0xbc,0xd6,0x0,0x0,0x68,0x67,0x25,0x24,0x8f,0xd0,0x0,0x0,0x0,0x0,0x0,0x0,0x0,0x0,0x0,0x0,0x60,0x55,0xf9,0xd9,0xe1,0xe2,0x0,0x0,0x68,0x67,0x25,0x25,0xf0,0xf0,0x0,0x0,0x0,0x0,0x0,0x0,0x0,0x0,0x0,0x0,0x0,0x0,0x0,0x0,0x0,0x0,0x0,0x0,6,28,28
2025-02-24 16:30:48.977767,2025-02-24 16:30:52.539675,249459652515168,0x60,0x55,0xf9,0xd9,0xe1,0xe2,0x0,0x0,0x68,0x67,0x25,0x26,0x3,0x72,0x0,0x0,0x0,0x0,0x0,0x0,0x0,0x0,0x0,0x0,0x68,0x67,0x25,0x25,0xfd,0x54,0x0,0x0,0x68,0x67,0x25,0x24,0xbc,0xd6,0x0,0x0,0x0,0x0,0x0,0x0,0x0,0x0,0x0,0x0,0x0,0x0,0x0,0x0,0x0,0x0,0x0,0x0,6,28,28
2025-02-24 16:30:48.977767,2025-02-24 16:30:52.539675,139634304968552,0x68,0x67,0x25,0x25,0xff,0x7e,0x0,0x0,0x0,0x0,0x0,0x0,0x0,0x0,0x0,0x0,0x60,0x55,0xf9,0xd9,0x9c,0x5c,0x0,0x0,0x0,0x0,0x0,0x0,0x0,0x0,0x0,0x0,0x0,0x0,0x0,0x0,0x0,0x0,0x0,0x0,0x60,0x55,0xf9,0xda,0x92,0x8c,0x0,0x0,0x0,0x0,0x0,0x0,0x0,0x0,0x0,0x0,6,28,28
2025-02-24 16:30:48.977767,2025-02-24 16:30:52.539675,75776731211624,0x68,0x67,0x25,0x25,0xeb,0x44,0x0,0x0,0x0,0x0,0x0,0x0,0x0,0x0,0x0,0x0,0x68,0x67,0x25,0x25,0xf2,0x82,0x0,0x0,0x68,0x67,0x25,0x25,0xa2,0xec,0x0,0x0,0x0,0x0,0x0,0x0,0x0,0x0,0x0,0x0,0x0,0x0,0x0,0x0,0x0,0x0,0x0,0x0,0x0,0x0,0x0,0x0,0x0,0x0,0x0,0x0,6,28,28
2025-02-24 16:30:48.977767,2025-02-24 16:30:52.539675,31777959269728,0x60,0x55,0xf9,0xe1,0xe6,0x1c,0x0,0x0,0x68,0x67,0x25,0x22,0xa5,0x34,0x0,0x0,0x0,0x0,0x0,0x0,0x0,0x0,0x0,0x0,0x68,0x67,0x25,0x24,0x5c,0xa8,0x0,0x0,0x68,0x67,0x25,0x22,0xab,0xe0,0x0,0x0,0x0,0x0,0x0,0x0,0x0,0x0,0x0,0x0,0x0,0x0,0x0,0x0,0x0,0x0,0x0,0x0,6,28,28
2025-02-24 16:30:48.977767,2025-02-24 16:30:52.539675,264914206025576,0x68,0x67,0x25,0x25,0xf0,0xf0,0x0,0x0,0x58,0xcf,0x79,0x38,0xe2,0xe4,0x0,0x0,0x0,0x0,0x0,0x0,0x0,0x0,0x0,0x0,0x68,0x67,0x25,0x24,0xbc,0xd6,0x0,0x0,0x68,0x67,0x25,0x22,0xa1,0xa0,0x0,0x0,0x0,0x0,0x0,0x0,0x0,0x0,0x0,0x0,0x0,0x0,0x0,0x0,0x0,0x0,0x0,0x0,6,28,28
2025-02-24 16:30:48.977767,2025-02-24 16:30:52.539675,247025616906088,0x68,0x67,0x25,0x22,0xab,0xe0,0x0,0x0,0x68,0x67,0x25,0x26,0xa7,0x24,0x0,0x0,0x0,0x0,0x0,0x0,0x0,0x0,0x0,0x0,0x60,0x55,0xf9,0xe1,0xe6,0x1c,0x0,0x0,0x68,0x67,0x25,0x22,0xb8,0x10,0x0,0x0,0x0,0x0,0x0,0x0,0x0,0x0,0x0,0x0,0x0,0x0,0x0,0x0,0x0,0x0,0x0,0x0,6,28,28
2025-02-24 16:30:48.977767,2025-02-24 16:30:52.539675,176613923055464,0x68,0x67,0x25,0x22,0xa1,0xa0,0x0,0x0,0x0,0x0,0x0,0x0,0x0,0x0,0x0,0x0,0x0,0x0,0x0,0x0,0x0,0x0,0x0,0x0,0x68,0x67,0x25,0x25,0xf0,0xf0,0x0,0x0,0x0,0x0,0x0,0x0,0x0,0x0,0x0,0x0,0x0,0x0,0x0,0x0,0x0,0x0,0x0,0x0,0x0,0x0,0x0,0x0,0x0,0x0,0x0,0x0,6,28,28
2025-02-24 16:30:48.977767,2025-02-24 16:30:52.539675,236288248997736,0x68,0x67,0x25,0x25,0xe7,0xd6,0x0,0x0,0x68,0x67,0x25,0x25,0x34,0x24,0x0,0x0,0x60,0x55,0xf9,0xd9,0x2a,0x6a,0x0,0x0,0x68,0x67,0x25,0x24,0x61,0x94,0x0,0x0,0x68,0x67,0x25,0x25,0x84,0xb0,0x0,0x0,0x0,0x0,0x0,0x0,0x0,0x0,0x0,0x0,0x0,0x0,0x0,0x0,0x0,0x0,0x0,0x0,6,28,28
2025-02-24 16:30:48.977767,2025-02-24 16:30:52.539675,176373471995752,0x68,0x67,0x25,0x26,0x69,0xa0,0x0,0x0,0x0,0x0,0x0,0x0,0x0,0x0,0x0,0x0,0x68,0x67,0x25,0x24,0x8f,0xd0,0x0,0x0,0x68,0x67,0x25,0x25,0xf2,0x82,0x0,0x0,0x0,0x0,0x0,0x0,0x0,0x0,0x0,0x0,0x0,0x0,0x0,0x0,0x0,0x0,0x0,0x0,0x0,0x0,0x0,0x0,0x0,0x0,0x0,0x0,6,28,28
2025-02-24 16:30:48.977767,2025-02-24 16:30:52.539675,31796266100584,0x68,0x67,0x25,0x25,0xeb,0x1c,0x0,0x0,0x0,0x0,0x0,0x0,0x0,0x0,0x0,0x0,0x68,0x67,0x25,0x25,0xe7,0x28,0x0,0x0,0x0,0x0,0x0,0x0,0x0,0x0,0x0,0x0,0x0,0x0,0x0,0x0,0x0,0x0,0x0,0x0,0x0,0x0,0x0,0x0,0x0,0x0,0x0,0x0,0x0,0x0,0x0,0x0,0x0,0x0,0x0,0x0,6,28,28
2025-02-24 16:30:48.977767,2025-02-24 16:30:52.539675,154562366887264,0x60,0x55,0xf9,0xda,0x92,0x8c,0x0,0x0,0x68,0x67,0x25,0x25,0x84,0xb0,0x0,0x0,0x68,0x67,0x25,0x25,0xfd,0x54,0x0,0x0,0x60,0x55,0xf9,0xd9,0x2a,0x6a,0x0,0x0,0x68,0x67,0x25,0x26,0x3,0x72,0x0,0x0,0x0,0x0,0x0,0x0,0x0,0x0,0x0,0x0,0x68,0x67,0x25,0x25,0xff,0x7e,0x0,0x0,6,28,28
2025-02-24 16:30:48.977767,2025-02-24 16:30:52.539675,260181152065384,0x68,0x67,0x25,0x25,0xa2,0xec,0x0,0x0,0x68,0x67,0x25,0x25,0xe7,0x28,0x0,0x0,0x68,0x67,0x25,0x25,0x84,0xb0,0x0,0x0,0x68,0x67,0x25,0x25,0x34,0x24,0x0,0x0,0x68,0x67,0x25,0x25,0xeb,0x44,0x0,0x0,0x0,0x0,0x0,0x0,0x0,0x0,0x0,0x0,0x0,0x0,0x0,0x0,0x0,0x0,0x0,0x0,6,28,28
2025-02-24 16:30:48.977767,2025-02-24 16:30:52.539675,251660261248856,0x58,0xcf,0x79,0x38,0xe2,0xe4,0x0,0x0,0x0,0x0,0x0,0x0,0x0,0x0,0x0,0x0,0x68,0x67,0x25,0x25,0xf0,0xf0,0x0,0x0,0x68,0x67,0x25,0x24,0x8f,0xd0,0x0,0x0,0x0,0x0,0x0,0x0,0x0,0x0,0x0,0x0,0x0,0x0,0x0,0x0,0x0,0x0,0x0,0x0,0x0,0x0,0x0,0x0,0x0,0x0,0x0,0x0,6,28,28
2025-02-24 16:30:48.977767,2025-02-24 16:30:52.539675,57883847124840,0x68,0x67,0x25,0x22,0xa5,0x34,0x0,0x0,0x0,0x0,0x0,0x0,0x0,0x0,0x0,0x0,0x60,0x55,0xf9,0xe1,0xe6,0x1c,0x0,0x0,0x0,0x0,0x0,0x0,0x0,0x0,0x0,0x0,0x68,0x67,0x25,0x26,0xa7,0x24,0x0,0x0,0x0,0x0,0x0,0x0,0x0,0x0,0x0,0x0,0x0,0x0,0x0,0x0,0x0,0x0,0x0,0x0,6,28,28
2025-02-24 16:30:48.977767,2025-02-24 16:30:52.539675,18383032903528,0x68,0x67,0x25,0x22,0xb8,0x10,0x0,0x0,0x60,0x55,0xf9,0xd9,0x2a,0x6a,0x0,0x0,0x0,0x0,0x0,0x0,0x0,0x0,0x0,0x0,0x68,0x67,0x25,0x22,0xab,0xe0,0x0,0x0,0x68,0x67,0x25,0x25,0xfd,0x54,0x0,0x0,0x0,0x0,0x0,0x0,0x0,0x0,0x0,0x0,0x0,0x0,0x0,0x0,0x0,0x0,0x0,0x0,6,28,28
2025-02-24 16:30:48.977767,2025-02-24 16:30:52.539675,116732278166880,0x60,0x55,0xf9,0xd9,0x2a,0x6a,0x0,0x0,0x68,0x67,0x25,0x25,0xe7,0xd6,0x0,0x0,0x68,0x67,0x25,0x22,0xb8,0x10,0x0,0x0,0x68,0x67,0x25,0x26,0xa7,0x24,0x0,0x0,0x60,0x55,0xf9,0xda,0x92,0x8c,0x0,0x0,0x0,0x0,0x0,0x0,0x0,0x0,0x0,0x0,0x0,0x0,0x0,0x0,0x0,0x0,0x0,0x0,6,28,28
2025-02-24 16:30:48.977767,2025-02-24 16:30:52.539675,185113696888680,0x68,0x67,0x25,0x24,0x5c,0xa8,0x0,0x0,0x0,0x0,0x0,0x0,0x0,0x0,0x0,0x0,0x0,0x0,0x0,0x0,0x0,0x0,0x0,0x0,0x0,0x0,0x0,0x0,0x0,0x0,0x0,0x0,0x60,0x55,0xf9,0xe1,0xe6,0x1c,0x0,0x0,0x0,0x0,0x0,0x0,0x0,0x0,0x0,0x0,0x0,0x0,0x0,0x0,0x0,0x0,0x0,0x0,6,28,28
2025-02-24 16:30:48.977767,2025-02-24 16:30:52.539675,143976516904808,0x68,0x67,0x25,0x25,0xf2,0x82,0x0,0x0,0x68,0x67,0x25,0x25,0xeb,0x44,0x0,0x0,0x68,0x67,0x25,0x26,0x3,0x72,0x0,0x0,0x68,0x67,0x25,0x25,0x84,0xb0,0x0,0x0,0x68,0x67,0x25,0x26,0x69,0xa0,0x0,0x0,0x0,0x0,0x0,0x0,0x0,0x0,0x0,0x0,0x0,0x0,0x0,0x0,0x0,0x0,0x0,0x0,6,28,28
2025-02-24 16:30:48.977767,2025-02-24 16:30:52.539675,229313205331816,0x68,0x67,0x25,0x24,0x8f,0xd0,0x0,0x0,0x68,0x67,0x25,0x26,0x69,0xa0,0x0,0x0,0x68,0x67,0x25,0x24,0xbc,0xd6,0x0,0x0,0x68,0x67,0x25,0x26,0x3,0x72,0x0,0x0,0x58,0xcf,0x79,0x38,0xe2,0xe4,0x0,0x0,0x0,0x0,0x0,0x0,0x0,0x0,0x0,0x0,0x0,0x0,0x0,0x0,0x0,0x0,0x0,0x0,6,28,28
2025-02-24 16:30:48.977767,2025-02-24 16:30:52.539675,40300318123880,0x68,0x67,0x25,0x26,0xa7,0x24,0x0,0x0,0x68,0x67,0x25,0x24,0x61,0x94,0x0,0x0,0x68,0x67,0x25,0x22,0xab,0xe0,0x0,0x0,0x68,0x67,0x25,0x22,0xa5,0x34,0x0,0x0,0x60,0x55,0xf9,0xd9,0x2a,0x6a,0x0,0x0,0x0,0x0,0x0,0x0,0x0,0x0,0x0,0x0,0x0,0x0,0x0,0x0,0x0,0x0,0x0,0x0,6,28,28
2025-02-24 16:30:48.977767,2025-02-24 16:30:52.539675,44973225764712,0x68,0x67,0x25,0x25,0xe7,0x28,0x0,0x0,0x68,0x67,0x25,0x25,0xeb,0x1c,0x0,0x0,0x68,0x67,0x25,0x25,0xa2,0xec,0x0,0x0,0x0,0x0,0x0,0x0,0x0,0x0,0x0,0x0,0x0,0x0,0x0,0x0,0x0,0x0,0x0,0x0,0x0,0x0,0x0,0x0,0x0,0x0,0x0,0x0,0x0,0x0,0x0,0x0,0x0,0x0,0x0,0x0,6,28,28
2025-02-24 16:30:48.977767,2025-02-24 16:30:52.539675,39806380107624,0x68,0x67,0x25,0x25,0x34,0x24,0x0,0x0,0x0,0x0,0x0,0x0,0x0,0x0,0x0,0x0,0x68,0x67,0x25,0x25,0xe7,0xd6,0x0,0x0,0x0,0x0,0x0,0x0,0x0,0x0,0x0,0x0,0x68,0x67,0x25,0x25,0xa2,0xec,0x0,0x0,0x0,0x0,0x0,0x0,0x0,0x0,0x0,0x0,0x0,0x0,0x0,0x0,0x0,0x0,0x0,0x0,6,28,28
2025-02-24 16:30:48.977767,2025-02-24 16:30:52.539675,194081605379944,0x68,0x67,0x25,0x25,0x84,0xb0,0x0,0x0,0x68,0x67,0x25,0x25,0xa2,0xec,0x0,0x0,0x60,0x55,0xf9,0xda,0x92,0x8c,0x0,0x0,0x68,0x67,0x25,0x25,0xe7,0xd6,0x0,0x0,0x68,0x67,0x25,0x25,0xf2,0x82,0x0,0x0,0x0,0x0,0x0,0x0,0x0,0x0,0x0,0x0,0x0,0x0,0x0,0x0,0x0,0x0,0x0,0x0,6,28,28
2025-02-24 16:30:48.977767,2025-02-24 16:30:52.539675,163144939169640,0x68,0x67,0x25,0x24,0x61,0x94,0x0,0x0,0x0,0x0,0x0,0x0,0x0,0x0,0x0,0x0,0x68,0x67,0x25,0x26,0xa7,0x24,0x0,0x0,0x0,0x0,0x0,0x0,0x0,0x0,0x0,0x0,0x68,0x67,0x25,0x25,0xe7,0xd6,0x0,0x0,0x0,0x0,0x0,0x0,0x0,0x0,0x0,0x0,0x0,0x0,0x0,0x0,0x0,0x0,0x0,0x0,6,28,28
2025-02-24 16:31:02.554488,2025-02-24 16:31:04.102321,125357850453864,0x68,0x67,0x25,0x26,0x3,0x72,0x0,0x0,0x68,0x67,0x25,0x25,0xf2,0x82,0x0,0x0,0x60,0x55,0xf9,0xd9,0xe1,0xe2,0x0,0x0,0x60,0x55,0xf9,0xda,0x92,0x8c,0x0,0x0,0x68,0x67,0x25,0x24,0x8f,0xd0,0x0,0x0,0x0,0x0,0x0,0x0,0x0,0x0,0x0,0x0,0x0,0x0,0x0,0x0,0x0,0x0,0x0,0x0,7,28,28
2025-02-24 16:31:02.554488,2025-02-24 16:31:04.102321,101828741649760,0x60,0x55,0xf9,0xd9,0x9c,0x5c,0x0,0x0,0x68,0x67,0x25,0x25,0xff,0x7e,0x0,0x0,0x0,0x0,0x0,0x0,0x0,0x0,0x0,0x0,0x0,0x0,0x0,0x0,0x0,0x0,0x0,0x0,0x0,0x0,0x0,0x0,0x0,0x0,0x0,0x0,0x68,0x67,0x25,0x25,0xfd,0x54,0x0,0x0,0x0,0x0,0x0,0x0,0x0,0x0,0x0,0x0,7,28,28
2025-02-24 16:31:02.554488,2025-02-24 16:31:04.102321,93446226667368,0x68,0x67,0x25,0x25,0xfd,0x54,0x0,0x0,0x60,0x55,0xf9,0xda,0x92,0x8c,0x0,0x0,0x0,0x0,0x0,0x0,0x0,0x0,0x0,0x0,0x68,0x67,0x25,0x22,0xb8,0x10,0x0,0x0,0x60,0x55,0xf9,0xd9,0xe1,0xe2,0x0,0x0,0x0,0x0,0x0,0x0,0x0,0x0,0x0,0x0,0x60,0x55,0xf9,0xd9,0x9c,0x5c,0x0,0x0,7,28,28
2025-02-24 16:31:02.554488,2025-02-24 16:31:04.102321,236103548626792,0x68,0x67,0x25,0x24,0xbc,0xd6,0x0,0x0,0x68,0x67,0x25,0x24,0x8f,0xd0,0x0,0x0,0x0,0x0,0x0,0x0,0x0,0x0,0x0,0x0,0x60,0x55,0xf9,0xd9,0xe1,0xe2,0x0,0x0,0x68,0x67,0x25,0x25,0xf0,0xf0,0x0,0x0,0x0,0x0,0x0,0x0,0x0,0x0,0x0,0x0,0x0,0x0,0x0,0x0,0x0,0x0,0x0,0x0,7,28,28
2025-02-24 16:31:02.554488,2025-02-24 16:31:04.102321,249459652515168,0x60,0x55,0xf9,0xd9,0xe1,0xe2,0x0,0x0,0x68,0x67,0x25,0x26,0x3,0x72,0x0,0x0,0x0,0x0,0x0,0x0,0x0,0x0,0x0,0x0,0x68,0x67,0x25,0x25,0xfd,0x54,0x0,0x0,0x68,0x67,0x25,0x24,0xbc,0xd6,0x0,0x0,0x0,0x0,0x0,0x0,0x0,0x0,0x0,0x0,0x0,0x0,0x0,0x0,0x0,0x0,0x0,0x0,7,28,28
2025-02-24 16:31:02.554488,2025-02-24 16:31:04.102321,139634304968552,0x68,0x67,0x25,0x25,0xff,0x7e,0x0,0x0,0x0,0x0,0x0,0x0,0x0,0x0,0x0,0x0,0x60,0x55,0xf9,0xd9,0x9c,0x5c,0x0,0x0,0x0,0x0,0x0,0x0,0x0,0x0,0x0,0x0,0x0,0x0,0x0,0x0,0x0,0x0,0x0,0x0,0x60,0x55,0xf9,0xda,0x92,0x8c,0x0,0x0,0x0,0x0,0x0,0x0,0x0,0x0,0x0,0x0,7,28,28
2025-02-24 16:31:02.554488,2025-02-24 16:31:04.102321,75776731211624,0x68,0x67,0x25,0x25,0xeb,0x44,0x0,0x0,0x0,0x0,0x0,0x0,0x0,0x0,0x0,0x0,0x68,0x67,0x25,0x25,0xf2,0x82,0x0,0x0,0x68,0x67,0x25,0x25,0xa2,0xec,0x0,0x0,0x0,0x0,0x0,0x0,0x0,0x0,0x0,0x0,0x0,0x0,0x0,0x0,0x0,0x0,0x0,0x0,0x0,0x0,0x0,0x0,0x0,0x0,0x0,0x0,7,28,28
2025-02-24 16:31:02.554488,2025-02-24 16:31:04.102321,31777959269728,0x60,0x55,0xf9,0xe1,0xe6,0x1c,0x0,0x0,0x68,0x67,0x25,0x22,0xa5,0x34,0x0,0x0,0x0,0x0,0x0,0x0,0x0,0x0,0x0,0x0,0x68,0x67,0x25,0x24,0x5c,0xa8,0x0,0x0,0x68,0x67,0x25,0x22,0xab,0xe0,0x0,0x0,0x0,0x0,0x0,0x0,0x0,0x0,0x0,0x0,0x0,0x0,0x0,0x0,0x0,0x0,0x0,0x0,7,28,28
2025-02-24 16:31:02.554488,2025-02-24 16:31:04.102321,264914206025576,0x68,0x67,0x25,0x25,0xf0,0xf0,0x0,0x0,0x58,0xcf,0x79,0x38,0xe2,0xe4,0x0,0x0,0x0,0x0,0x0,0x0,0x0,0x0,0x0,0x0,0x68,0x67,0x25,0x24,0xbc,0xd6,0x0,0x0,0x68,0x67,0x25,0x22,0xa1,0xa0,0x0,0x0,0x0,0x0,0x0,0x0,0x0,0x0,0x0,0x0,0x0,0x0,0x0,0x0,0x0,0x0,0x0,0x0,7,28,28
2025-02-24 16:31:02.554488,2025-02-24 16:31:04.102321,247025616906088,0x68,0x67,0x25,0x22,0xab,0xe0,0x0,0x0,0x68,0x67,0x25,0x26,0xa7,0x24,0x0,0x0,0x0,0x0,0x0,0x0,0x0,0x0,0x0,0x0,0x60,0x55,0xf9,0xe1,0xe6,0x1c,0x0,0x0,0x68,0x67,0x25,0x22,0xb8,0x10,0x0,0x0,0x0,0x0,0x0,0x0,0x0,0x0,0x0,0x0,0x0,0x0,0x0,0x0,0x0,0x0,0x0,0x0,7,28,28
2025-02-24 16:31:02.554488,2025-02-24 16:31:04.102321,176613923055464,0x68,0x67,0x25,0x22,0xa1,0xa0,0x0,0x0,0x0,0x0,0x0,0x0,0x0,0x0,0x0,0x0,0x0,0x0,0x0,0x0,0x0,0x0,0x0,0x0,0x68,0x67,0x25,0x25,0xf0,0xf0,0x0,0x0,0x0,0x0,0x0,0x0,0x0,0x0,0x0,0x0,0x0,0x0,0x0,0x0,0x0,0x0,0x0,0x0,0x0,0x0,0x0,0x0,0x0,0x0,0x0,0x0,7,28,28
2025-02-24 16:31:02.554488,2025-02-24 16:31:04.102321,236288248997736,0x68,0x67,0x25,0x25,0xe7,0xd6,0x0,0x0,0x68,0x67,0x25,0x25,0x34,0x24,0x0,0x0,0x60,0x55,0xf9,0xd9,0x2a,0x6a,0x0,0x0,0x68,0x67,0x25,0x24,0x61,0x94,0x0,0x0,0x68,0x67,0x25,0x25,0x84,0xb0,0x0,0x0,0x0,0x0,0x0,0x0,0x0,0x0,0x0,0x0,0x0,0x0,0x0,0x0,0x0,0x0,0x0,0x0,7,28,28
2025-02-24 16:31:02.554488,2025-02-24 16:31:04.102321,176373471995752,0x68,0x67,0x25,0x26,0x69,0xa0,0x0,0x0,0x0,0x0,0x0,0x0,0x0,0x0,0x0,0x0,0x68,0x67,0x25,0x24,0x8f,0xd0,0x0,0x0,0x68,0x67,0x25,0x25,0xf2,0x82,0x0,0x0,0x0,0x0,0x0,0x0,0x0,0x0,0x0,0x0,0x0,0x0,0x0,0x0,0x0,0x0,0x0,0x0,0x0,0x0,0x0,0x0,0x0,0x0,0x0,0x0,7,28,28
2025-02-24 16:31:02.554488,2025-02-24 16:31:04.102321,31796266100584,0x68,0x67,0x25,0x25,0xeb,0x1c,0x0,0x0,0x0,0x0,0x0,0x0,0x0,0x0,0x0,0x0,0x68,0x67,0x25,0x25,0xe7,0x28,0x0,0x0,0x0,0x0,0x0,0x0,0x0,0x0,0x0,0x0,0x0,0x0,0x0,0x0,0x0,0x0,0x0,0x0,0x0,0x0,0x0,0x0,0x0,0x0,0x0,0x0,0x0,0x0,0x0,0x0,0x0,0x0,0x0,0x0,7,28,28
2025-02-24 16:31:02.554488,2025-02-24 16:31:04.102321,154562366887264,0x60,0x55,0xf9,0xda,0x92,0x8c,0x0,0x0,0x68,0x67,0x25,0x25,0x84,0xb0,0x0,0x0,0x68,0x67,0x25,0x25,0xfd,0x54,0x0,0x0,0x60,0x55,0xf9,0xd9,0x2a,0x6a,0x0,0x0,0x68,0x67,0x25,0x26,0x3,0x72,0x0,0x0,0x0,0x0,0x0,0x0,0x0,0x0,0x0,0x0,0x68,0x67,0x25,0x25,0xff,0x7e,0x0,0x0,7,28,28
2025-02-24 16:31:02.554488,2025-02-24 16:31:04.102321,260181152065384,0x68,0x67,0x25,0x25,0xa2,0xec,0x0,0x0,0x68,0x67,0x25,0x25,0xe7,0x28,0x0,0x0,0x68,0x67,0x25,0x25,0x84,0xb0,0x0,0x0,0x68,0x67,0x25,0x25,0x34,0x24,0x0,0x0,0x68,0x67,0x25,0x25,0xeb,0x44,0x0,0x0,0x0,0x0,0x0,0x0,0x0,0x0,0x0,0x0,0x0,0x0,0x0,0x0,0x0,0x0,0x0,0x0,7,28,28
2025-02-24 16:31:02.554488,2025-02-24 16:31:04.102321,251660261248856,0x58,0xcf,0x79,0x38,0xe2,0xe4,0x0,0x0,0x0,0x0,0x0,0x0,0x0,0x0,0x0,0x0,0x68,0x67,0x25,0x25,0xf0,0xf0,0x0,0x0,0x68,0x67,0x25,0x24,0x8f,0xd0,0x0,0x0,0x0,0x0,0x0,0x0,0x0,0x0,0x0,0x0,0x0,0x0,0x0,0x0,0x0,0x0,0x0,0x0,0x0,0x0,0x0,0x0,0x0,0x0,0x0,0x0,7,28,28
2025-02-24 16:31:02.554488,2025-02-24 16:31:04.102321,57883847124840,0x68,0x67,0x25,0x22,0xa5,0x34,0x0,0x0,0x0,0x0,0x0,0x0,0x0,0x0,0x0,0x0,0x60,0x55,0xf9,0xe1,0xe6,0x1c,0x0,0x0,0x0,0x0,0x0,0x0,0x0,0x0,0x0,0x0,0x68,0x67,0x25,0x26,0xa7,0x24,0x0,0x0,0x0,0x0,0x0,0x0,0x0,0x0,0x0,0x0,0x0,0x0,0x0,0x0,0x0,0x0,0x0,0x0,7,28,28
2025-02-24 16:31:02.554488,2025-02-24 16:31:04.102321,18383032903528,0x68,0x67,0x25,0x22,0xb8,0x10,0x0,0x0,0x60,0x55,0xf9,0xd9,0x2a,0x6a,0x0,0x0,0x0,0x0,0x0,0x0,0x0,0x0,0x0,0x0,0x68,0x67,0x25,0x22,0xab,0xe0,0x0,0x0,0x68,0x67,0x25,0x25,0xfd,0x54,0x0,0x0,0x0,0x0,0x0,0x0,0x0,0x0,0x0,0x0,0x0,0x0,0x0,0x0,0x0,0x0,0x0,0x0,7,28,28
2025-02-24 16:31:02.554488,2025-02-24 16:31:04.102321,116732278166880,0x60,0x55,0xf9,0xd9,0x2a,0x6a,0x0,0x0,0x68,0x67,0x25,0x25,0xe7,0xd6,0x0,0x0,0x68,0x67,0x25,0x22,0xb8,0x10,0x0,0x0,0x68,0x67,0x25,0x26,0xa7,0x24,0x0,0x0,0x60,0x55,0xf9,0xda,0x92,0x8c,0x0,0x0,0x0,0x0,0x0,0x0,0x0,0x0,0x0,0x0,0x0,0x0,0x0,0x0,0x0,0x0,0x0,0x0,7,28,28
2025-02-24 16:31:02.554488,2025-02-24 16:31:04.102321,185113696888680,0x68,0x67,0x25,0x24,0x5c,0xa8,0x0,0x0,0x0,0x0,0x0,0x0,0x0,0x0,0x0,0x0,0x0,0x0,0x0,0x0,0x0,0x0,0x0,0x0,0x0,0x0,0x0,0x0,0x0,0x0,0x0,0x0,0x60,0x55,0xf9,0xe1,0xe6,0x1c,0x0,0x0,0x0,0x0,0x0,0x0,0x0,0x0,0x0,0x0,0x0,0x0,0x0,0x0,0x0,0x0,0x0,0x0,7,28,28
2025-02-24 16:31:02.554488,2025-02-24 16:31:04.102321,143976516904808,0x68,0x67,0x25,0x25,0xf2,0x82,0x0,0x0,0x68,0x67,0x25,0x25,0xeb,0x44,0x0,0x0,0x68,0x67,0x25,0x26,0x3,0x72,0x0,0x0,0x68,0x67,0x25,0x25,0x84,0xb0,0x0,0x0,0x68,0x67,0x25,0x26,0x69,0xa0,0x0,0x0,0x0,0x0,0x0,0x0,0x0,0x0,0x0,0x0,0x0,0x0,0x0,0x0,0x0,0x0,0x0,0x0,7,28,28
2025-02-24 16:31:02.554488,2025-02-24 16:31:04.102321,229313205331816,0x68,0x67,0x25,0x24,0x8f,0xd0,0x0,0x0,0x68,0x67,0x25,0x26,0x69,0xa0,0x0,0x0,0x68,0x67,0x25,0x24,0xbc,0xd6,0x0,0x0,0x68,0x67,0x25,0x26,0x3,0x72,0x0,0x0,0x58,0xcf,0x79,0x38,0xe2,0xe4,0x0,0x0,0x0,0x0,0x0,0x0,0x0,0x0,0x0,0x0,0x0,0x0,0x0,0x0,0x0,0x0,0x0,0x0,7,28,28
2025-02-24 16:31:02.554488,2025-02-24 16:31:04.102321,40300318123880,0x68,0x67,0x25,0x26,0xa7,0x24,0x0,0x0,0x68,0x67,0x25,0x24,0x61,0x94,0x0,0x0,0x68,0x67,0x25,0x22,0xab,0xe0,0x0,0x0,0x68,0x67,0x25,0x22,0xa5,0x34,0x0,0x0,0x60,0x55,0xf9,0xd9,0x2a,0x6a,0x0,0x0,0x0,0x0,0x0,0x0,0x0,0x0,0x0,0x0,0x0,0x0,0x0,0x0,0x0,0x0,0x0,0x0,7,28,28
2025-02-24 16:31:02.554488,2025-02-24 16:31:04.102321,44973225764712,0x68,0x67,0x25,0x25,0xe7,0x28,0x0,0x0,0x68,0x67,0x25,0x25,0xeb,0x1c,0x0,0x0,0x68,0x67,0x25,0x25,0xa2,0xec,0x0,0x0,0x0,0x0,0x0,0x0,0x0,0x0,0x0,0x0,0x0,0x0,0x0,0x0,0x0,0x0,0x0,0x0,0x0,0x0,0x0,0x0,0x0,0x0,0x0,0x0,0x0,0x0,0x0,0x0,0x0,0x0,0x0,0x0,7,28,28
2025-02-24 16:31:02.554488,2025-02-24 16:31:04.102321,39806380107624,0x68,0x67,0x25,0x25,0x34,0x24,0x0,0x0,0x0,0x0,0x0,0x0,0x0,0x0,0x0,0x0,0x68,0x67,0x25,0x25,0xe7,0xd6,0x0,0x0,0x0,0x0,0x0,0x0,0x0,0x0,0x0,0x0,0x68,0x67,0x25,0x25,0xa2,0xec,0x0,0x0,0x0,0x0,0x0,0x0,0x0,0x0,0x0,0x0,0x0,0x0,0x0,0x0,0x0,0x0,0x0,0x0,7,28,28
2025-02-24 16:31:02.554488,2025-02-24 16:31:04.102321,194081605379944,0x68,0x67,0x25,0x25,0x84,0xb0,0x0,0x0,0x68,0x67,0x25,0x25,0xa2,0xec,0x0,0x0,0x60,0x55,0xf9,0xda,0x92,0x8c,0x0,0x0,0x68,0x67,0x25,0x25,0xe7,0xd6,0x0,0x0,0x68,0x67,0x25,0x25,0xf2,0x82,0x0,0x0,0x0,0x0,0x0,0x0,0x0,0x0,0x0,0x0,0x0,0x0,0x0,0x0,0x0,0x0,0x0,0x0,7,28,28
2025-02-24 16:31:02.554488,2025-02-24 16:31:04.102321,163144939169640,0x68,0x67,0x25,0x24,0x61,0x94,0x0,0x0,0x0,0x0,0x0,0x0,0x0,0x0,0x0,0x0,0x68,0x67,0x25,0x26,0xa7,0x24,0x0,0x0,0x0,0x0,0x0,0x0,0x0,0x0,0x0,0x0,0x68,0x67,0x25,0x25,0xe7,0xd6,0x0,0x0,0x0,0x0,0x0,0x0,0x0,0x0,0x0,0x0,0x0,0x0,0x0,0x0,0x0,0x0,0x0,0x0,7,28,28
2025-02-24 16:31:14.119259,2025-02-24 16:33:45.369110,125357850453864,0x68,0x67,0x25,0x26,0x3,0x72,0x0,0x0,0x68,0x67,0x25,0x25,0xf2,0x82,0x0,0x0,0x60,0x55,0xf9,0xd9,0xe1,0xe2,0x0,0x0,0x60,0x55,0xf9,0xda,0x92,0x8c,0x0,0x0,0x68,0x67,0x25,0x24,0x8f,0xd0,0x0,0x0,0x0,0x0,0x0,0x0,0x0,0x0,0x0,0x0,0x0,0x0,0x0,0x0,0x0,0x0,0x0,0x0,8,28,28
2025-02-24 16:31:14.119259,2025-02-24 16:33:45.369110,101828741649760,0x60,0x55,0xf9,0xd9,0x9c,0x5c,0x0,0x0,0x68,0x67,0x25,0x25,0xff,0x7e,0x0,0x0,0x0,0x0,0x0,0x0,0x0,0x0,0x0,0x0,0x0,0x0,0x0,0x0,0x0,0x0,0x0,0x0,0x0,0x0,0x0,0x0,0x0,0x0,0x0,0x0,0x68,0x67,0x25,0x25,0xfd,0x54,0x0,0x0,0x0,0x0,0x0,0x0,0x0,0x0,0x0,0x0,8,28,28
2025-02-24 16:31:14.119259,2025-02-24 16:33:45.369110,93446226667368,0x68,0x67,0x25,0x25,0xfd,0x54,0x0,0x0,0x60,0x55,0xf9,0xda,0x92,0x8c,0x0,0x0,0x0,0x0,0x0,0x0,0x0,0x0,0x0,0x0,0x68,0x67,0x25,0x22,0xb8,0x10,0x0,0x0,0x60,0x55,0xf9,0xd9,0xe1,0xe2,0x0,0x0,0x0,0x0,0x0,0x0,0x0,0x0,0x0,0x0,0x60,0x55,0xf9,0xd9,0x9c,0x5c,0x0,0x0,8,28,28
2025-02-24 16:31:14.119259,2025-02-24 16:33:45.369110,236103548626792,0x68,0x67,0x25,0x24,0xbc,0xd6,0x0,0x0,0x68,0x67,0x25,0x24,0x8f,0xd0,0x0,0x0,0x0,0x0,0x0,0x0,0x0,0x0,0x0,0x0,0x60,0x55,0xf9,0xd9,0xe1,0xe2,0x0,0x0,0x68,0x67,0x25,0x25,0xf0,0xf0,0x0,0x0,0x0,0x0,0x0,0x0,0x0,0x0,0x0,0x0,0x0,0x0,0x0,0x0,0x0,0x0,0x0,0x0,8,28,28
2025-02-24 16:31:14.119259,2025-02-24 16:33:45.369110,249459652515168,0x60,0x55,0xf9,0xd9,0xe1,0xe2,0x0,0x0,0x68,0x67,0x25,0x26,0x3,0x72,0x0,0x0,0x0,0x0,0x0,0x0,0x0,0x0,0x0,0x0,0x68,0x67,0x25,0x25,0xfd,0x54,0x0,0x0,0x68,0x67,0x25,0x24,0xbc,0xd6,0x0,0x0,0x0,0x0,0x0,0x0,0x0,0x0,0x0,0x0,0x0,0x0,0x0,0x0,0x0,0x0,0x0,0x0,8,28,28
2025-02-24 16:31:14.119259,2025-02-24 16:33:45.369110,139634304968552,0x68,0x67,0x25,0x25,0xff,0x7e,0x0,0x0,0x0,0x0,0x0,0x0,0x0,0x0,0x0,0x0,0x60,0x55,0xf9,0xd9,0x9c,0x5c,0x0,0x0,0x0,0x0,0x0,0x0,0x0,0x0,0x0,0x0,0x0,0x0,0x0,0x0,0x0,0x0,0x0,0x0,0x60,0x55,0xf9,0xda,0x92,0x8c,0x0,0x0,0x0,0x0,0x0,0x0,0x0,0x0,0x0,0x0,8,28,28
2025-02-24 16:31:14.119259,2025-02-24 16:33:45.369110,75776731211624,0x68,0x67,0x25,0x25,0xeb,0x44,0x0,0x0,0x0,0x0,0x0,0x0,0x0,0x0,0x0,0x0,0x68,0x67,0x25,0x25,0xf2,0x82,0x0,0x0,0x68,0x67,0x25,0x25,0xa2,0xec,0x0,0x0,0x0,0x0,0x0,0x0,0x0,0x0,0x0,0x0,0x0,0x0,0x0,0x0,0x0,0x0,0x0,0x0,0x0,0x0,0x0,0x0,0x0,0x0,0x0,0x0,8,28,28
2025-02-24 16:31:14.119259,2025-02-24 16:33:45.369110,31777959269728,0x60,0x55,0xf9,0xe1,0xe6,0x1c,0x0,0x0,0x68,0x67,0x25,0x22,0xa5,0x34,0x0,0x0,0x0,0x0,0x0,0x0,0x0,0x0,0x0,0x0,0x68,0x67,0x25,0x24,0x5c,0xa8,0x0,0x0,0x68,0x67,0x25,0x22,0xab,0xe0,0x0,0x0,0x0,0x0,0x0,0x0,0x0,0x0,0x0,0x0,0x0,0x0,0x0,0x0,0x0,0x0,0x0,0x0,8,28,28
2025-02-24 16:31:14.119259,2025-02-24 16:33:45.369110,264914206025576,0x68,0x67,0x25,0x25,0xf0,0xf0,0x0,0x0,0x58,0xcf,0x79,0x38,0xe2,0xe4,0x0,0x0,0x0,0x0,0x0,0x0,0x0,0x0,0x0,0x0,0x68,0x67,0x25,0x24,0xbc,0xd6,0x0,0x0,0x68,0x67,0x25,0x22,0xa1,0xa0,0x0,0x0,0x0,0x0,0x0,0x0,0x0,0x0,0x0,0x0,0x0,0x0,0x0,0x0,0x0,0x0,0x0,0x0,8,28,28
2025-02-24 16:31:14.119259,2025-02-24 16:33:45.369110,247025616906088,0x68,0x67,0x25,0x22,0xab,0xe0,0x0,0x0,0x68,0x67,0x25,0x26,0xa7,0x24,0x0,0x0,0x0,0x0,0x0,0x0,0x0,0x0,0x0,0x0,0x60,0x55,0xf9,0xe1,0xe6,0x1c,0x0,0x0,0x68,0x67,0x25,0x22,0xb8,0x10,0x0,0x0,0x0,0x0,0x0,0x0,0x0,0x0,0x0,0x0,0x0,0x0,0x0,0x0,0x0,0x0,0x0,0x0,8,28,28
2025-02-24 16:31:14.119259,2025-02-24 16:33:45.369110,176613923055464,0x68,0x67,0x25,0x22,0xa1,0xa0,0x0,0x0,0x0,0x0,0x0,0x0,0x0,0x0,0x0,0x0,0x0,0x0,0x0,0x0,0x0,0x0,0x0,0x0,0x68,0x67,0x25,0x25,0xf0,0xf0,0x0,0x0,0x0,0x0,0x0,0x0,0x0,0x0,0x0,0x0,0x0,0x0,0x0,0x0,0x0,0x0,0x0,0x0,0x0,0x0,0x0,0x0,0x0,0x0,0x0,0x0,8,28,28
2025-02-24 16:31:14.119259,2025-02-24 16:33:45.369110,236288248997736,0x68,0x67,0x25,0x25,0xe7,0xd6,0x0,0x0,0x68,0x67,0x25,0x25,0x34,0x24,0x0,0x0,0x60,0x55,0xf9,0xd9,0x2a,0x6a,0x0,0x0,0x68,0x67,0x25,0x24,0x61,0x94,0x0,0x0,0x68,0x67,0x25,0x25,0x84,0xb0,0x0,0x0,0x0,0x0,0x0,0x0,0x0,0x0,0x0,0x0,0x0,0x0,0x0,0x0,0x0,0x0,0x0,0x0,8,28,28
2025-02-24 16:31:14.119259,2025-02-24 16:33:45.369110,176373471995752,0x68,0x67,0x25,0x26,0x69,0xa0,0x0,0x0,0x0,0x0,0x0,0x0,0x0,0x0,0x0,0x0,0x68,0x67,0x25,0x24,0x8f,0xd0,0x0,0x0,0x68,0x67,0x25,0x25,0xf2,0x82,0x0,0x0,0x0,0x0,0x0,0x0,0x0,0x0,0x0,0x0,0x0,0x0,0x0,0x0,0x0,0x0,0x0,0x0,0x0,0x0,0x0,0x0,0x0,0x0,0x0,0x0,8,28,28
2025-02-24 16:31:14.119259,2025-02-24 16:33:45.369110,31796266100584,0x68,0x67,0x25,0x25,0xeb,0x1c,0x0,0x0,0x0,0x0,0x0,0x0,0x0,0x0,0x0,0x0,0x68,0x67,0x25,0x25,0xe7,0x28,0x0,0x0,0x0,0x0,0x0,0x0,0x0,0x0,0x0,0x0,0x0,0x0,0x0,0x0,0x0,0x0,0x0,0x0,0x0,0x0,0x0,0x0,0x0,0x0,0x0,0x0,0x0,0x0,0x0,0x0,0x0,0x0,0x0,0x0,8,28,28
2025-02-24 16:31:14.119259,2025-02-24 16:33:45.369110,154562366887264,0x60,0x55,0xf9,0xda,0x92,0x8c,0x0,0x0,0x68,0x67,0x25,0x25,0x84,0xb0,0x0,0x0,0x68,0x67,0x25,0x25,0xfd,0x54,0x0,0x0,0x60,0x55,0xf9,0xd9,0x2a,0x6a,0x0,0x0,0x68,0x67,0x25,0x26,0x3,0x72,0x0,0x0,0x0,0x0,0x0,0x0,0x0,0x0,0x0,0x0,0x68,0x67,0x25,0x25,0xff,0x7e,0x0,0x0,8,28,28
2025-02-24 16:31:14.119259,2025-02-24 16:33:45.369110,260181152065384,0x68,0x67,0x25,0x25,0xa2,0xec,0x0,0x0,0x68,0x67,0x25,0x25,0xe7,0x28,0x0,0x0,0x68,0x67,0x25,0x25,0x84,0xb0,0x0,0x0,0x68,0x67,0x25,0x25,0x34,0x24,0x0,0x0,0x68,0x67,0x25,0x25,0xeb,0x44,0x0,0x0,0x0,0x0,0x0,0x0,0x0,0x0,0x0,0x0,0x0,0x0,0x0,0x0,0x0,0x0,0x0,0x0,8,28,28
2025-02-24 16:31:14.119259,2025-02-24 16:33:45.369110,251660261248856,0x58,0xcf,0x79,0x38,0xe2,0xe4,0x0,0x0,0x0,0x0,0x0,0x0,0x0,0x0,0x0,0x0,0x68,0x67,0x25,0x25,0xf0,0xf0,0x0,0x0,0x68,0x67,0x25,0x24,0x8f,0xd0,0x0,0x0,0x0,0x0,0x0,0x0,0x0,0x0,0x0,0x0,0x0,0x0,0x0,0x0,0x0,0x0,0x0,0x0,0x0,0x0,0x0,0x0,0x0,0x0,0x0,0x0,8,28,28
2025-02-24 16:31:14.119259,2025-02-24 16:33:45.369110,57883847124840,0x68,0x67,0x25,0x22,0xa5,0x34,0x0,0x0,0x0,0x0,0x0,0x0,0x0,0x0,0x0,0x0,0x60,0x55,0xf9,0xe1,0xe6,0x1c,0x0,0x0,0x0,0x0,0x0,0x0,0x0,0x0,0x0,0x0,0x68,0x67,0x25,0x26,0xa7,0x24,0x0,0x0,0x0,0x0,0x0,0x0,0x0,0x0,0x0,0x0,0x0,0x0,0x0,0x0,0x0,0x0,0x0,0x0,8,28,28
2025-02-24 16:31:14.119259,2025-02-24 16:33:45.369110,18383032903528,0x68,0x67,0x25,0x22,0xb8,0x10,0x0,0x0,0x60,0x55,0xf9,0xd9,0x2a,0x6a,0x0,0x0,0x0,0x0,0x0,0x0,0x0,0x0,0x0,0x0,0x68,0x67,0x25,0x22,0xab,0xe0,0x0,0x0,0x68,0x67,0x25,0x25,0xfd,0x54,0x0,0x0,0x0,0x0,0x0,0x0,0x0,0x0,0x0,0x0,0x0,0x0,0x0,0x0,0x0,0x0,0x0,0x0,8,28,28
2025-02-24 16:31:14.119259,2025-02-24 16:33:45.369110,116732278166880,0x60,0x55,0xf9,0xd9,0x2a,0x6a,0x0,0x0,0x68,0x67,0x25,0x25,0xe7,0xd6,0x0,0x0,0x68,0x67,0x25,0x22,0xb8,0x10,0x0,0x0,0x68,0x67,0x25,0x26,0xa7,0x24,0x0,0x0,0x60,0x55,0xf9,0xda,0x92,0x8c,0x0,0x0,0x0,0x0,0x0,0x0,0x0,0x0,0x0,0x0,0x0,0x0,0x0,0x0,0x0,0x0,0x0,0x0,8,28,28
2025-02-24 16:31:14.119259,2025-02-24 16:33:45.369110,185113696888680,0x68,0x67,0x25,0x24,0x5c,0xa8,0x0,0x0,0x0,0x0,0x0,0x0,0x0,0x0,0x0,0x0,0x0,0x0,0x0,0x0,0x0,0x0,0x0,0x0,0x0,0x0,0x0,0x0,0x0,0x0,0x0,0x0,0x60,0x55,0xf9,0xe1,0xe6,0x1c,0x0,0x0,0x0,0x0,0x0,0x0,0x0,0x0,0x0,0x0,0x0,0x0,0x0,0x0,0x0,0x0,0x0,0x0,8,28,28
2025-02-24 16:31:14.119259,2025-02-24 16:33:45.369110,143976516904808,0x68,0x67,0x25,0x25,0xf2,0x82,0x0,0x0,0x68,0x67,0x25,0x25,0xeb,0x44,0x0,0x0,0x68,0x67,0x25,0x26,0x3,0x72,0x0,0x0,0x68,0x67,0x25,0x25,0x84,0xb0,0x0,0x0,0x68,0x67,0x25,0x26,0x69,0xa0,0x0,0x0,0x0,0x0,0x0,0x0,0x0,0x0,0x0,0x0,0x0,0x0,0x0,0x0,0x0,0x0,0x0,0x0,8,28,28
2025-02-24 16:31:14.119259,2025-02-24 16:33:45.369110,229313205331816,0x68,0x67,0x25,0x24,0x8f,0xd0,0x0,0x0,0x68,0x67,0x25,0x26,0x69,0xa0,0x0,0x0,0x68,0x67,0x25,0x24,0xbc,0xd6,0x0,0x0,0x68,0x67,0x25,0x26,0x3,0x72,0x0,0x0,0x58,0xcf,0x79,0x38,0xe2,0xe4,0x0,0x0,0x0,0x0,0x0,0x0,0x0,0x0,0x0,0x0,0x0,0x0,0x0,0x0,0x0,0x0,0x0,0x0,8,28,28
2025-02-24 16:31:14.119259,2025-02-24 16:33:45.369110,40300318123880,0x68,0x67,0x25,0x26,0xa7,0x24,0x0,0x0,0x68,0x67,0x25,0x24,0x61,0x94,0x0,0x0,0x68,0x67,0x25,0x22,0xab,0xe0,0x0,0x0,0x68,0x67,0x25,0x22,0xa5,0x34,0x0,0x0,0x60,0x55,0xf9,0xd9,0x2a,0x6a,0x0,0x0,0x0,0x0,0x0,0x0,0x0,0x0,0x0,0x0,0x0,0x0,0x0,0x0,0x0,0x0,0x0,0x0,8,28,28
2025-02-24 16:31:14.119259,2025-02-24 16:33:45.369110,44973225764712,0x68,0x67,0x25,0x25,0xe7,0x28,0x0,0x0,0x68,0x67,0x25,0x25,0xeb,0x1c,0x0,0x0,0x68,0x67,0x25,0x25,0xa2,0xec,0x0,0x0,0x0,0x0,0x0,0x0,0x0,0x0,0x0,0x0,0x0,0x0,0x0,0x0,0x0,0x0,0x0,0x0,0x0,0x0,0x0,0x0,0x0,0x0,0x0,0x0,0x0,0x0,0x0,0x0,0x0,0x0,0x0,0x0,8,28,28
2025-02-24 16:31:14.119259,2025-02-24 16:33:45.369110,39806380107624,0x68,0x67,0x25,0x25,0x34,0x24,0x0,0x0,0x0,0x0,0x0,0x0,0x0,0x0,0x0,0x0,0x68,0x67,0x25,0x25,0xe7,0xd6,0x0,0x0,0x0,0x0,0x0,0x0,0x0,0x0,0x0,0x0,0x68,0x67,0x25,0x25,0xa2,0xec,0x0,0x0,0x0,0x0,0x0,0x0,0x0,0x0,0x0,0x0,0x0,0x0,0x0,0x0,0x0,0x0,0x0,0x0,8,28,28
2025-02-24 16:31:14.119259,2025-02-24 16:33:45.369110,194081605379944,0x68,0x67,0x25,0x25,0x84,0xb0,0x0,0x0,0x68,0x67,0x25,0x25,0xa2,0xec,0x0,0x0,0x60,0x55,0xf9,0xda,0x92,0x8c,0x0,0x0,0x68,0x67,0x25,0x25,0xe7,0xd6,0x0,0x0,0x68,0x67,0x25,0x25,0xf2,0x82,0x0,0x0,0x0,0x0,0x0,0x0,0x0,0x0,0x0,0x0,0x0,0x0,0x0,0x0,0x0,0x0,0x0,0x0,8,28,28
2025-02-24 16:33:55.378568,2025-02-24 16:33:56.925534,125357850453864,0x68,0x67,0x25,0x26,0x3,0x72,0x0,0x0,0x68,0x67,0x25,0x25,0xf2,0x82,0x0,0x0,0x60,0x55,0xf9,0xd9,0xe1,0xe2,0x0,0x0,0x60,0x55,0xf9,0xda,0x92,0x8c,0x0,0x0,0x68,0x67,0x25,0x24,0x8f,0xd0,0x0,0x0,0x0,0x0,0x0,0x0,0x0,0x0,0x0,0x0,0x0,0x0,0x0,0x0,0x0,0x0,0x0,0x0,9,28,28
2025-02-24 16:33:55.378568,2025-02-24 16:33:56.925534,101828741649760,0x60,0x55,0xf9,0xd9,0x9c,0x5c,0x0,0x0,0x68,0x67,0x25,0x25,0xff,0x7e,0x0,0x0,0x0,0x0,0x0,0x0,0x0,0x0,0x0,0x0,0x0,0x0,0x0,0x0,0x0,0x0,0x0,0x0,0x0,0x0,0x0,0x0,0x0,0x0,0x0,0x0,0x68,0x67,0x25,0x25,0xfd,0x54,0x0,0x0,0x0,0x0,0x0,0x0,0x0,0x0,0x0,0x0,9,28,28
2025-02-24 16:33:55.378568,2025-02-24 16:33:56.925534,93446226667368,0x68,0x67,0x25,0x25,0xfd,0x54,0x0,0x0,0x60,0x55,0xf9,0xda,0x92,0x8c,0x0,0x0,0x0,0x0,0x0,0x0,0x0,0x0,0x0,0x0,0x68,0x67,0x25,0x22,0xb8,0x10,0x0,0x0,0x60,0x55,0xf9,0xd9,0xe1,0xe2,0x0,0x0,0x0,0x0,0x0,0x0,0x0,0x0,0x0,0x0,0x60,0x55,0xf9,0xd9,0x9c,0x5c,0x0,0x0,9,28,28
2025-02-24 16:33:55.378568,2025-02-24 16:33:56.925534,236103548626792,0x68,0x67,0x25,0x24,0xbc,0xd6,0x0,0x0,0x68,0x67,0x25,0x24,0x8f,0xd0,0x0,0x0,0x0,0x0,0x0,0x0,0x0,0x0,0x0,0x0,0x60,0x55,0xf9,0xd9,0xe1,0xe2,0x0,0x0,0x68,0x67,0x25,0x25,0xf0,0xf0,0x0,0x0,0x0,0x0,0x0,0x0,0x0,0x0,0x0,0x0,0x0,0x0,0x0,0x0,0x0,0x0,0x0,0x0,9,28,28
2025-02-24 16:33:55.378568,2025-02-24 16:33:56.925534,249459652515168,0x60,0x55,0xf9,0xd9,0xe1,0xe2,0x0,0x0,0x68,0x67,0x25,0x26,0x3,0x72,0x0,0x0,0x0,0x0,0x0,0x0,0x0,0x0,0x0,0x0,0x68,0x67,0x25,0x25,0xfd,0x54,0x0,0x0,0x68,0x67,0x25,0x24,0xbc,0xd6,0x0,0x0,0x0,0x0,0x0,0x0,0x0,0x0,0x0,0x0,0x0,0x0,0x0,0x0,0x0,0x0,0x0,0x0,9,28,28
2025-02-24 16:33:55.378568,2025-02-24 16:33:56.925534,139634304968552,0x68,0x67,0x25,0x25,0xff,0x7e,0x0,0x0,0x0,0x0,0x0,0x0,0x0,0x0,0x0,0x0,0x60,0x55,0xf9,0xd9,0x9c,0x5c,0x0,0x0,0x0,0x0,0x0,0x0,0x0,0x0,0x0,0x0,0x0,0x0,0x0,0x0,0x0,0x0,0x0,0x0,0x60,0x55,0xf9,0xda,0x92,0x8c,0x0,0x0,0x0,0x0,0x0,0x0,0x0,0x0,0x0,0x0,9,28,28
2025-02-24 16:33:55.378568,2025-02-24 16:33:56.925534,75776731211624,0x68,0x67,0x25,0x25,0xeb,0x44,0x0,0x0,0x0,0x0,0x0,0x0,0x0,0x0,0x0,0x0,0x68,0x67,0x25,0x25,0xf2,0x82,0x0,0x0,0x68,0x67,0x25,0x25,0xa2,0xec,0x0,0x0,0x0,0x0,0x0,0x0,0x0,0x0,0x0,0x0,0x0,0x0,0x0,0x0,0x0,0x0,0x0,0x0,0x0,0x0,0x0,0x0,0x0,0x0,0x0,0x0,9,28,28
2025-02-24 16:33:55.378568,2025-02-24 16:33:56.925534,31777959269728,0x60,0x55,0xf9,0xe1,0xe6,0x1c,0x0,0x0,0x68,0x67,0x25,0x22,0xa5,0x34,0x0,0x0,0x0,0x0,0x0,0x0,0x0,0x0,0x0,0x0,0x68,0x67,0x25,0x24,0x5c,0xa8,0x0,0x0,0x68,0x67,0x25,0x22,0xab,0xe0,0x0,0x0,0x0,0x0,0x0,0x0,0x0,0x0,0x0,0x0,0x0,0x0,0x0,0x0,0x0,0x0,0x0,0x0,9,28,28
2025-02-24 16:33:55.378568,2025-02-24 16:33:56.925534,264914206025576,0x68,0x67,0x25,0x25,0xf0,0xf0,0x0,0x0,0x58,0xcf,0x79,0x38,0xe2,0xe4,0x0,0x0,0x0,0x0,0x0,0x0,0x0,0x0,0x0,0x0,0x68,0x67,0x25,0x24,0xbc,0xd6,0x0,0x0,0x68,0x67,0x25,0x22,0xa1,0xa0,0x0,0x0,0x0,0x0,0x0,0x0,0x0,0x0,0x0,0x0,0x0,0x0,0x0,0x0,0x0,0x0,0x0,0x0,9,28,28
2025-02-24 16:33:55.378568,2025-02-24 16:33:56.925534,247025616906088,0x68,0x67,0x25,0x22,0xab,0xe0,0x0,0x0,0x68,0x67,0x25,0x26,0xa7,0x24,0x0,0x0,0x0,0x0,0x0,0x0,0x0,0x0,0x0,0x0,0x60,0x55,0xf9,0xe1,0xe6,0x1c,0x0,0x0,0x68,0x67,0x25,0x22,0xb8,0x10,0x0,0x0,0x0,0x0,0x0,0x0,0x0,0x0,0x0,0x0,0x0,0x0,0x0,0x0,0x0,0x0,0x0,0x0,9,28,28
2025-02-24 16:33:55.378568,2025-02-24 16:33:56.925534,176613923055464,0x68,0x67,0x25,0x22,0xa1,0xa0,0x0,0x0,0x0,0x0,0x0,0x0,0x0,0x0,0x0,0x0,0x0,0x0,0x0,0x0,0x0,0x0,0x0,0x0,0x68,0x67,0x25,0x25,0xf0,0xf0,0x0,0x0,0x0,0x0,0x0,0x0,0x0,0x0,0x0,0x0,0x0,0x0,0x0,0x0,0x0,0x0,0x0,0x0,0x0,0x0,0x0,0x0,0x0,0x0,0x0,0x0,9,28,28
2025-02-24 16:33:55.378568,2025-02-24 16:33:56.925534,236288248997736,0x68,0x67,0x25,0x25,0xe7,0xd6,0x0,0x0,0x68,0x67,0x25,0x25,0x34,0x24,0x0,0x0,0x60,0x55,0xf9,0xd9,0x2a,0x6a,0x0,0x0,0x68,0x67,0x25,0x24,0x61,0x94,0x0,0x0,0x68,0x67,0x25,0x25,0x84,0xb0,0x0,0x0,0x0,0x0,0x0,0x0,0x0,0x0,0x0,0x0,0x0,0x0,0x0,0x0,0x0,0x0,0x0,0x0,9,28,28
2025-02-24 16:33:55.378568,2025-02-24 16:33:56.925534,176373471995752,0x68,0x67,0x25,0x26,0x69,0xa0,0x0,0x0,0x0,0x0,0x0,0x0,0x0,0x0,0x0,0x0,0x68,0x67,0x25,0x24,0x8f,0xd0,0x0,0x0,0x68,0x67,0x25,0x25,0xf2,0x82,0x0,0x0,0x0,0x0,0x0,0x0,0x0,0x0,0x0,0x0,0x0,0x0,0x0,0x0,0x0,0x0,0x0,0x0,0x0,0x0,0x0,0x0,0x0,0x0,0x0,0x0,9,28,28
2025-02-24 16:33:55.378568,2025-02-24 16:33:56.925534,31796266100584,0x68,0x67,0x25,0x25,0xeb,0x1c,0x0,0x0,0x0,0x0,0x0,0x0,0x0,0x0,0x0,0x0,0x68,0x67,0x25,0x25,0xe7,0x28,0x0,0x0,0x0,0x0,0x0,0x0,0x0,0x0,0x0,0x0,0x0,0x0,0x0,0x0,0x0,0x0,0x0,0x0,0x0,0x0,0x0,0x0,0x0,0x0,0x0,0x0,0x0,0x0,0x0,0x0,0x0,0x0,0x0,0x0,9,28,28
2025-02-24 16:33:55.378568,2025-02-24 16:33:56.925534,154562366887264,0x60,0x55,0xf9,0xda,0x92,0x8c,0x0,0x0,0x68,0x67,0x25,0x25,0x84,0xb0,0x0,0x0,0x68,0x67,0x25,0x25,0xfd,0x54,0x0,0x0,0x60,0x55,0xf9,0xd9,0x2a,0x6a,0x0,0x0,0x68,0x67,0x25,0x26,0x3,0x72,0x0,0x0,0x0,0x0,0x0,0x0,0x0,0x0,0x0,0x0,0x68,0x67,0x25,0x25,0xff,0x7e,0x0,0x0,9,28,28
2025-02-24 16:33:55.378568,2025-02-24 16:33:56.925534,260181152065384,0x68,0x67,0x25,0x25,0xa2,0xec,0x0,0x0,0x68,0x67,0x25,0x25,0xe7,0x28,0x0,0x0,0x68,0x67,0x25,0x25,0x84,0xb0,0x0,0x0,0x68,0x67,0x25,0x25,0x34,0x24,0x0,0x0,0x68,0x67,0x25,0x25,0xeb,0x44,0x0,0x0,0x0,0x0,0x0,0x0,0x0,0x0,0x0,0x0,0x0,0x0,0x0,0x0,0x0,0x0,0x0,0x0,9,28,28
2025-02-24 16:33:55.378568,2025-02-24 16:33:56.925534,251660261248856,0x58,0xcf,0x79,0x38,0xe2,0xe4,0x0,0x0,0x0,0x0,0x0,0x0,0x0,0x0,0x0,0x0,0x68,0x67,0x25,0x25,0xf0,0xf0,0x0,0x0,0x68,0x67,0x25,0x24,0x8f,0xd0,0x0,0x0,0x0,0x0,0x0,0x0,0x0,0x0,0x0,0x0,0x0,0x0,0x0,0x0,0x0,0x0,0x0,0x0,0x0,0x0,0x0,0x0,0x0,0x0,0x0,0x0,9,28,28
2025-02-24 16:33:55.378568,2025-02-24 16:33:56.925534,57883847124840,0x68,0x67,0x25,0x22,0xa5,0x34,0x0,0x0,0x0,0x0,0x0,0x0,0x0,0x0,0x0,0x0,0x60,0x55,0xf9,0xe1,0xe6,0x1c,0x0,0x0,0x0,0x0,0x0,0x0,0x0,0x0,0x0,0x0,0x68,0x67,0x25,0x26,0xa7,0x24,0x0,0x0,0x0,0x0,0x0,0x0,0x0,0x0,0x0,0x0,0x0,0x0,0x0,0x0,0x0,0x0,0x0,0x0,9,28,28
2025-02-24 16:33:55.378568,2025-02-24 16:33:56.925534,18383032903528,0x68,0x67,0x25,0x22,0xb8,0x10,0x0,0x0,0x60,0x55,0xf9,0xd9,0x2a,0x6a,0x0,0x0,0x0,0x0,0x0,0x0,0x0,0x0,0x0,0x0,0x68,0x67,0x25,0x22,0xab,0xe0,0x0,0x0,0x68,0x67,0x25,0x25,0xfd,0x54,0x0,0x0,0x0,0x0,0x0,0x0,0x0,0x0,0x0,0x0,0x0,0x0,0x0,0x0,0x0,0x0,0x0,0x0,9,28,28
2025-02-24 16:33:55.378568,2025-02-24 16:33:56.925534,116732278166880,0x60,0x55,0xf9,0xd9,0x2a,0x6a,0x0,0x0,0x68,0x67,0x25,0x25,0xe7,0xd6,0x0,0x0,0x68,0x67,0x25,0x22,0xb8,0x10,0x0,0x0,0x68,0x67,0x25,0x26,0xa7,0x24,0x0,0x0,0x60,0x55,0xf9,0xda,0x92,0x8c,0x0,0x0,0x0,0x0,0x0,0x0,0x0,0x0,0x0,0x0,0x0,0x0,0x0,0x0,0x0,0x0,0x0,0x0,9,28,28
2025-02-24 16:33:55.378568,2025-02-24 16:33:56.925534,185113696888680,0x68,0x67,0x25,0x24,0x5c,0xa8,0x0,0x0,0x0,0x0,0x0,0x0,0x0,0x0,0x0,0x0,0x0,0x0,0x0,0x0,0x0,0x0,0x0,0x0,0x0,0x0,0x0,0x0,0x0,0x0,0x0,0x0,0x60,0x55,0xf9,0xe1,0xe6,0x1c,0x0,0x0,0x0,0x0,0x0,0x0,0x0,0x0,0x0,0x0,0x0,0x0,0x0,0x0,0x0,0x0,0x0,0x0,9,28,28
2025-02-24 16:33:55.378568,2025-02-24 16:33:56.925534,143976516904808,0x68,0x67,0x25,0x25,0xf2,0x82,0x0,0x0,0x68,0x67,0x25,0x25,0xeb,0x44,0x0,0x0,0x68,0x67,0x25,0x26,0x3,0x72,0x0,0x0,0x68,0x67,0x25,0x25,0x84,0xb0,0x0,0x0,0x68,0x67,0x25,0x26,0x69,0xa0,0x0,0x0,0x0,0x0,0x0,0x0,0x0,0x0,0x0,0x0,0x0,0x0,0x0,0x0,0x0,0x0,0x0,0x0,9,28,28
2025-02-24 16:33:55.378568,2025-02-24 16:33:56.925534,229313205331816,0x68,0x67,0x25,0x24,0x8f,0xd0,0x0,0x0,0x68,0x67,0x25,0x26,0x69,0xa0,0x0,0x0,0x68,0x67,0x25,0x24,0xbc,0xd6,0x0,0x0,0x68,0x67,0x25,0x26,0x3,0x72,0x0,0x0,0x58,0xcf,0x79,0x38,0xe2,0xe4,0x0,0x0,0x0,0x0,0x0,0x0,0x0,0x0,0x0,0x0,0x0,0x0,0x0,0x0,0x0,0x0,0x0,0x0,9,28,28
2025-02-24 16:33:55.378568,2025-02-24 16:33:56.925534,40300318123880,0x68,0x67,0x25,0x26,0xa7,0x24,0x0,0x0,0x68,0x67,0x25,0x24,0x61,0x94,0x0,0x0,0x68,0x67,0x25,0x22,0xab,0xe0,0x0,0x0,0x68,0x67,0x25,0x22,0xa5,0x34,0x0,0x0,0x60,0x55,0xf9,0xd9,0x2a,0x6a,0x0,0x0,0x0,0x0,0x0,0x0,0x0,0x0,0x0,0x0,0x0,0x0,0x0,0x0,0x0,0x0,0x0,0x0,9,28,28
2025-02-24 16:33:55.378568,2025-02-24 16:33:56.925534,44973225764712,0x68,0x67,0x25,0x25,0xe7,0x28,0x0,0x0,0x68,0x67,0x25,0x25,0xeb,0x1c,0x0,0x0,0x68,0x67,0x25,0x25,0xa2,0xec,0x0,0x0,0x0,0x0,0x0,0x0,0x0,0x0,0x0,0x0,0x0,0x0,0x0,0x0,0x0,0x0,0x0,0x0,0x0,0x0,0x0,0x0,0x0,0x0,0x0,0x0,0x0,0x0,0x0,0x0,0x0,0x0,0x0,0x0,9,28,28
2025-02-24 16:33:55.378568,2025-02-24 16:33:56.925534,39806380107624,0x68,0x67,0x25,0x25,0x34,0x24,0x0,0x0,0x0,0x0,0x0,0x0,0x0,0x0,0x0,0x0,0x68,0x67,0x25,0x25,0xe7,0xd6,0x0,0x0,0x0,0x0,0x0,0x0,0x0,0x0,0x0,0x0,0x68,0x67,0x25,0x25,0xa2,0xec,0x0,0x0,0x0,0x0,0x0,0x0,0x0,0x0,0x0,0x0,0x0,0x0,0x0,0x0,0x0,0x0,0x0,0x0,9,28,28
2025-02-24 16:33:55.378568,2025-02-24 16:33:56.925534,194081605379944,0x68,0x67,0x25,0x25,0x84,0xb0,0x0,0x0,0x68,0x67,0x25,0x25,0xa2,0xec,0x0,0x0,0x60,0x55,0xf9,0xda,0x92,0x8c,0x0,0x0,0x68,0x67,0x25,0x25,0xe7,0xd6,0x0,0x0,0x68,0x67,0x25,0x25,0xf2,0x82,0x0,0x0,0x0,0x0,0x0,0x0,0x0,0x0,0x0,0x0,0x0,0x0,0x0,0x0,0x0,0x0,0x0,0x0,9,28,28
2025-02-24 16:33:55.378568,2025-02-24 16:33:56.925534,163144939169640,0x68,0x67,0x25,0x24,0x61,0x94,0x0,0x0,0x0,0x0,0x0,0x0,0x0,0x0,0x0,0x0,0x68,0x67,0x25,0x26,0xa7,0x24,0x0,0x0,0x0,0x0,0x0,0x0,0x0,0x0,0x0,0x0,0x68,0x67,0x25,0x25,0xe7,0xd6,0x0,0x0,0x0,0x0,0x0,0x0,0x0,0x0,0x0,0x0,0x0,0x0,0x0,0x0,0x0,0x0,0x0,0x0,9,28,28
