2023-10-21 15:07:17.391144,2023-10-21 15:07:22.699979,77679368169320,0x68,0x67,0x25,0x23,0xa6,0x46,0x0,0x0,0x0,0x0,0x0,0x0,0x0,0x0,0x0,0x0,0x0,0x0,0x0,0x0,0x0,0x0,0x0,0x0,0x0,0x0,0x0,0x0,0x0,0x0,0x0,0x0,0x0,0x0,0x0,0x0,0x0,0x0,0x0,0x0,0x0,0x0,0x0,0x0,0x0,0x0,0x0,0x0,0x0,0x0,0x0,0x0,0x0,0x0,0x0,0x0,0,1,26
2023-10-21 15:07:17.391144,2023-10-21 15:07:22.699979,88678762637160,0x68,0x67,0x25,0x22,0xa7,0x50,0x0,0x0,0x0,0x0,0x0,0x0,0x0,0x0,0x0,0x0,0x0,0x0,0x0,0x0,0x0,0x0,0x0,0x0,0x0,0x0,0x0,0x0,0x0,0x0,0x0,0x0,0x0,0x0,0x0,0x0,0x0,0x0,0x0,0x0,0x0,0x0,0x0,0x0,0x0,0x0,0x0,0x0,0x0,0x0,0x0,0x0,0x0,0x0,0x0,0x0,0,1,26
2023-10-21 15:07:17.391144,2023-10-21 15:07:22.699979,53455735842664,0x68,0x67,0x25,0x22,0x9e,0x30,0x0,0x0,0x0,0x0,0x0,0x0,0x0,0x0,0x0,0x0,0x0,0x0,0x0,0x0,0x0,0x0,0x0,0x0,0x0,0x0,0x0,0x0,0x0,0x0,0x0,0x0,0x0,0x0,0x0,0x0,0x0,0x0,0x0,0x0,0x0,0x0,0x0,0x0,0x0,0x0,0x0,0x0,0x0,0x0,0x0,0x0,0x0,0x0,0x0,0x0,0,1,26
2023-10-21 15:07:17.391144,2023-10-21 15:07:22.699979,203285720295272,0x68,0x67,0x25,0x25,0xe3,0xb8,0x0,0x0,0x0,0x0,0x0,0x0,0x0,0x0,0x0,0x0,0x0,0x0,0x0,0x0,0x0,0x0,0x0,0x0,0x0,0x0,0x0,0x0,0x0,0x0,0x0,0x0,0x0,0x0,0x0,0x0,0x0,0x0,0x0,0x0,0x0,0x0,0x0,0x0,0x0,0x0,0x0,0x0,0x0,0x0,0x0,0x0,0x0,0x0,0x0,0x0,0,1,26
2023-10-21 15:07:17.391144,2023-10-21 15:07:22.699979,187720708482920,0x68,0x67,0x25,0x22,0xbb,0xaa,0x0,0x0,0x0,0x0,0x0,0x0,0x0,0x0,0x0,0x0,0x0,0x0,0x0,0x0,0x0,0x0,0x0,0x0,0x0,0x0,0x0,0x0,0x0,0x0,0x0,0x0,0x0,0x0,0x0,0x0,0x0,0x0,0x0,0x0,0x0,0x0,0x0,0x0,0x0,0x0,0x0,0x0,0x0,0x0,0x0,0x0,0x0,0x0,0x0,0x0,0,1,26
2023-10-21 15:07:17.391144,2023-10-21 15:07:22.699979,222724725499752,0x68,0x67,0x25,0x24,0x91,0xca,0x0,0x0,0x0,0x0,0x0,0x0,0x0,0x0,0x0,0x0,0x0,0x0,0x0,0x0,0x0,0x0,0x0,0x0,0x0,0x0,0x0,0x0,0x0,0x0,0x0,0x0,0x0,0x0,0x0,0x0,0x0,0x0,0x0,0x0,0x0,0x0,0x0,0x0,0x0,0x0,0x0,0x0,0x0,0x0,0x0,0x0,0x0,0x0,0x0,0x0,0,1,26
2023-10-21 15:07:17.391144,2023-10-21 15:07:22.699979,121917889171288,0x58,0xcf,0x79,0x38,0xe2,0x6e,0x0,0x0,0x0,0x0,0x0,0x0,0x0,0x0,0x0,0x0,0x0,0x0,0x0,0x0,0x0,0x0,0x0,0x0,0x0,0x0,0x0,0x0,0x0,0x0,0x0,0x0,0x0,0x0,0x0,0x0,0x0,0x0,0x0,0x0,0x0,0x0,0x0,0x0,0x0,0x0,0x0,0x0,0x0,0x0,0x0,0x0,0x0,0x0,0x0,0x0,0,1,26
2023-10-21 15:07:17.391144,2023-10-21 15:07:22.699979,75544752645992,0x68,0x67,0x25,0x22,0xb5,0x44,0x0,0x0,0x0,0x0,0x0,0x0,0x0,0x0,0x0,0x0,0x0,0x0,0x0,0x0,0x0,0x0,0x0,0x0,0x0,0x0,0x0,0x0,0x0,0x0,0x0,0x0,0x0,0x0,0x0,0x0,0x0,0x0,0x0,0x0,0x0,0x0,0x0,0x0,0x0,0x0,0x0,0x0,0x0,0x0,0x0,0x0,0x0,0x0,0x0,0x0,0,1,26
2023-10-21 15:07:17.391144,2023-10-21 15:07:22.699979,183477655424856,0x58,0xcf,0x79,0x38,0xdf,0xa6,0x0,0x0,0x0,0x0,0x0,0x0,0x0,0x0,0x0,0x0,0x0,0x0,0x0,0x0,0x0,0x0,0x0,0x0,0x0,0x0,0x0,0x0,0x0,0x0,0x0,0x0,0x0,0x0,0x0,0x0,0x0,0x0,0x0,0x0,0x0,0x0,0x0,0x0,0x0,0x0,0x0,0x0,0x0,0x0,0x0,0x0,0x0,0x0,0x0,0x0,0,1,26
2023-10-21 15:07:17.391144,2023-10-21 15:07:22.699979,165691821221736,0x68,0x67,0x25,0x22,0xb2,0x96,0x0,0x0,0x0,0x0,0x0,0x0,0x0,0x0,0x0,0x0,0x0,0x0,0x0,0x0,0x0,0x0,0x0,0x0,0x0,0x0,0x0,0x0,0x0,0x0,0x0,0x0,0x0,0x0,0x0,0x0,0x0,0x0,0x0,0x0,0x0,0x0,0x0,0x0,0x0,0x0,0x0,0x0,0x0,0x0,0x0,0x0,0x0,0x0,0x0,0x0,0,1,26
2023-10-21 15:07:17.391144,2023-10-21 15:07:22.699979,18383032903528,0x68,0x67,0x25,0x22,0xb8,0x10,0x0,0x0,0x0,0x0,0x0,0x0,0x0,0x0,0x0,0x0,0x0,0x0,0x0,0x0,0x0,0x0,0x0,0x0,0x0,0x0,0x0,0x0,0x0,0x0,0x0,0x0,0x0,0x0,0x0,0x0,0x0,0x0,0x0,0x0,0x0,0x0,0x0,0x0,0x0,0x0,0x0,0x0,0x0,0x0,0x0,0x0,0x0,0x0,0x0,0x0,0,1,26
2023-10-21 15:07:17.391144,2023-10-21 15:07:22.699979,239698469807976,0x68,0x67,0x25,0x26,0x1,0xda,0x0,0x0,0x0,0x0,0x0,0x0,0x0,0x0,0x0,0x0,0x0,0x0,0x0,0x0,0x0,0x0,0x0,0x0,0x0,0x0,0x0,0x0,0x0,0x0,0x0,0x0,0x0,0x0,0x0,0x0,0x0,0x0,0x0,0x0,0x0,0x0,0x0,0x0,0x0,0x0,0x0,0x0,0x0,0x0,0x0,0x0,0x0,0x0,0x0,0x0,0,1,26
2023-10-21 15:07:17.391144,2023-10-21 15:07:22.699979,42782792443752,0x68,0x67,0x25,0x25,0xe9,0x26,0x0,0x0,0x0,0x0,0x0,0x0,0x0,0x0,0x0,0x0,0x0,0x0,0x0,0x0,0x0,0x0,0x0,0x0,0x0,0x0,0x0,0x0,0x0,0x0,0x0,0x0,0x0,0x0,0x0,0x0,0x0,0x0,0x0,0x0,0x0,0x0,0x0,0x0,0x0,0x0,0x0,0x0,0x0,0x0,0x0,0x0,0x0,0x0,0x0,0x0,0,1,26
2023-10-21 15:07:17.391144,2023-10-21 15:07:22.699979,88554242140008,0x68,0x67,0x25,0x24,0x8a,0x50,0x0,0x0,0x0,0x0,0x0,0x0,0x0,0x0,0x0,0x0,0x0,0x0,0x0,0x0,0x0,0x0,0x0,0x0,0x0,0x0,0x0,0x0,0x0,0x0,0x0,0x0,0x0,0x0,0x0,0x0,0x0,0x0,0x0,0x0,0x0,0x0,0x0,0x0,0x0,0x0,0x0,0x0,0x0,0x0,0x0,0x0,0x0,0x0,0x0,0x0,0,1,26
2023-10-21 15:07:17.391144,2023-10-21 15:07:22.699979,121905004269400,0x58,0xcf,0x79,0x38,0xdf,0x6e,0x0,0x0,0x0,0x0,0x0,0x0,0x0,0x0,0x0,0x0,0x0,0x0,0x0,0x0,0x0,0x0,0x0,0x0,0x0,0x0,0x0,0x0,0x0,0x0,0x0,0x0,0x0,0x0,0x0,0x0,0x0,0x0,0x0,0x0,0x0,0x0,0x0,0x0,0x0,0x0,0x0,0x0,0x0,0x0,0x0,0x0,0x0,0x0,0x0,0x0,0,1,26
2023-10-21 15:07:17.391144,2023-10-21 15:07:22.699979,260567699122024,0x68,0x67,0x25,0x25,0xfc,0xec,0x0,0x0,0x0,0x0,0x0,0x0,0x0,0x0,0x0,0x0,0x0,0x0,0x0,0x0,0x0,0x0,0x0,0x0,0x0,0x0,0x0,0x0,0x0,0x0,0x0,0x0,0x0,0x0,0x0,0x0,0x0,0x0,0x0,0x0,0x0,0x0,0x0,0x0,0x0,0x0,0x0,0x0,0x0,0x0,0x0,0x0,0x0,0x0,0x0,0x0,0,1,26
2023-10-21 15:07:17.391144,2023-10-21 15:07:22.699979,71331764359000,0x58,0xcf,0x79,0x38,0xe0,0x40,0x0,0x0,0x0,0x0,0x0,0x0,0x0,0x0,0x0,0x0,0x0,0x0,0x0,0x0,0x0,0x0,0x0,0x0,0x0,0x0,0x0,0x0,0x0,0x0,0x0,0x0,0x0,0x0,0x0,0x0,0x0,0x0,0x0,0x0,0x0,0x0,0x0,0x0,0x0,0x0,0x0,0x0,0x0,0x0,0x0,0x0,0x0,0x0,0x0,0x0,0,1,26
2023-10-21 15:07:17.391144,2023-10-21 15:07:22.699979,167671868254056,0x68,0x67,0x25,0x26,0x7f,0x98,0x0,0x0,0x0,0x0,0x0,0x0,0x0,0x0,0x0,0x0,0x0,0x0,0x0,0x0,0x0,0x0,0x0,0x0,0x0,0x0,0x0,0x0,0x0,0x0,0x0,0x0,0x0,0x0,0x0,0x0,0x0,0x0,0x0,0x0,0x0,0x0,0x0,0x0,0x0,0x0,0x0,0x0,0x0,0x0,0x0,0x0,0x0,0x0,0x0,0x0,0,1,26
2023-10-21 15:07:17.391144,2023-10-21 15:07:22.699979,9780263741288,0x68,0x67,0x25,0x25,0xe5,0x8,0x0,0x0,0x0,0x0,0x0,0x0,0x0,0x0,0x0,0x0,0x0,0x0,0x0,0x0,0x0,0x0,0x0,0x0,0x0,0x0,0x0,0x0,0x0,0x0,0x0,0x0,0x0,0x0,0x0,0x0,0x0,0x0,0x0,0x0,0x0,0x0,0x0,0x0,0x0,0x0,0x0,0x0,0x0,0x0,0x0,0x0,0x0,0x0,0x0,0x0,0,1,26
2023-10-21 15:07:17.391144,2023-10-21 15:07:22.699979,158334609352552,0x68,0x67,0x25,0x26,0x1,0x90,0x0,0x0,0x0,0x0,0x0,0x0,0x0,0x0,0x0,0x0,0x0,0x0,0x0,0x0,0x0,0x0,0x0,0x0,0x0,0x0,0x0,0x0,0x0,0x0,0x0,0x0,0x0,0x0,0x0,0x0,0x0,0x0,0x0,0x0,0x0,0x0,0x0,0x0,0x0,0x0,0x0,0x0,0x0,0x0,0x0,0x0,0x0,0x0,0x0,0x0,0,1,26
2023-10-21 15:07:17.391144,2023-10-21 15:07:22.699979,59954038138728,0x68,0x67,0x25,0x23,0x87,0x36,0x0,0x0,0x0,0x0,0x0,0x0,0x0,0x0,0x0,0x0,0x0,0x0,0x0,0x0,0x0,0x0,0x0,0x0,0x0,0x0,0x0,0x0,0x0,0x0,0x0,0x0,0x0,0x0,0x0,0x0,0x0,0x0,0x0,0x0,0x0,0x0,0x0,0x0,0x0,0x0,0x0,0x0,0x0,0x0,0x0,0x0,0x0,0x0,0x0,0x0,0,1,26
2023-10-21 15:07:17.391144,2023-10-21 15:07:22.699979,132142620824928,0x60,0x55,0xf9,0xd9,0x2e,0x78,0x0,0x0,0x0,0x0,0x0,0x0,0x0,0x0,0x0,0x0,0x0,0x0,0x0,0x0,0x0,0x0,0x0,0x0,0x0,0x0,0x0,0x0,0x0,0x0,0x0,0x0,0x0,0x0,0x0,0x0,0x0,0x0,0x0,0x0,0x0,0x0,0x0,0x0,0x0,0x0,0x0,0x0,0x0,0x0,0x0,0x0,0x0,0x0,0x0,0x0,0,1,26
2023-10-21 15:07:17.391144,2023-10-21 15:07:22.699979,154984467752808,0x68,0x67,0x25,0x22,0xf5,0x8c,0x0,0x0,0x0,0x0,0x0,0x0,0x0,0x0,0x0,0x0,0x0,0x0,0x0,0x0,0x0,0x0,0x0,0x0,0x0,0x0,0x0,0x0,0x0,0x0,0x0,0x0,0x0,0x0,0x0,0x0,0x0,0x0,0x0,0x0,0x0,0x0,0x0,0x0,0x0,0x0,0x0,0x0,0x0,0x0,0x0,0x0,0x0,0x0,0x0,0x0,0,1,26
2023-10-21 15:07:17.391144,2023-10-21 15:07:22.699979,190079020158808,0x58,0xcf,0x79,0x38,0xe0,0xac,0x0,0x0,0x0,0x0,0x0,0x0,0x0,0x0,0x0,0x0,0x0,0x0,0x0,0x0,0x0,0x0,0x0,0x0,0x0,0x0,0x0,0x0,0x0,0x0,0x0,0x0,0x0,0x0,0x0,0x0,0x0,0x0,0x0,0x0,0x0,0x0,0x0,0x0,0x0,0x0,0x0,0x0,0x0,0x0,0x0,0x0,0x0,0x0,0x0,0x0,0,1,26
2023-10-21 15:07:17.391144,2023-10-21 15:07:22.699979,244169855061848,0x58,0xcf,0x79,0x39,0x12,0xde,0x0,0x0,0x0,0x0,0x0,0x0,0x0,0x0,0x0,0x0,0x0,0x0,0x0,0x0,0x0,0x0,0x0,0x0,0x0,0x0,0x0,0x0,0x0,0x0,0x0,0x0,0x0,0x0,0x0,0x0,0x0,0x0,0x0,0x0,0x0,0x0,0x0,0x0,0x0,0x0,0x0,0x0,0x0,0x0,0x0,0x0,0x0,0x0,0x0,0x0,0,1,26
2023-10-21 15:07:17.391144,2023-10-21 15:07:22.699979,126337410518872,0x58,0xcf,0x79,0x38,0xe7,0x72,0x0,0x0,0x0,0x0,0x0,0x0,0x0,0x0,0x0,0x0,0x0,0x0,0x0,0x0,0x0,0x0,0x0,0x0,0x0,0x0,0x0,0x0,0x0,0x0,0x0,0x0,0x0,0x0,0x0,0x0,0x0,0x0,0x0,0x0,0x0,0x0,0x0,0x0,0x0,0x0,0x0,0x0,0x0,0x0,0x0,0x0,0x0,0x0,0x0,0x0,0,1,26
2023-10-21 15:07:32.712055,2023-10-21 15:07:32.939658,121917889171288,0x58,0xcf,0x79,0x38,0xe2,0x6e,0x0,0x0,0x0,0x0,0x0,0x0,0x0,0x0,0x0,0x0,0x0,0x0,0x0,0x0,0x0,0x0,0x0,0x0,0x0,0x0,0x0,0x0,0x0,0x0,0x0,0x0,0x68,0x67,0x25,0x22,0xb2,0x96,0x0,0x0,0x68,0x67,0x25,0x23,0x87,0x36,0x0,0x0,0x68,0x67,0x25,0x24,0x8a,0x50,0x0,0x0,1,1,26
2023-10-21 15:07:32.712055,2023-10-21 15:07:32.939658,53455735842664,0x68,0x67,0x25,0x22,0x9e,0x30,0x0,0x0,0x0,0x0,0x0,0x0,0x0,0x0,0x0,0x0,0x0,0x0,0x0,0x0,0x0,0x0,0x0,0x0,0x0,0x0,0x0,0x0,0x0,0x0,0x0,0x0,0x0,0x0,0x0,0x0,0x0,0x0,0x0,0x0,0x68,0x67,0x25,0x25,0xe3,0xb8,0x0,0x64,0x58,0xcf,0x79,0x39,0x12,0xde,0x0,0x0,1,1,26
2023-10-21 15:07:32.712055,2023-10-21 15:07:32.939658,187720708482920,0x68,0x67,0x25,0x22,0xbb,0xaa,0x0,0x0,0x0,0x0,0x0,0x0,0x0,0x0,0x0,0x0,0x0,0x0,0x0,0x0,0x0,0x0,0x0,0x0,0x0,0x0,0x0,0x0,0x0,0x0,0x0,0x0,0x0,0x0,0x0,0x0,0x0,0x0,0x0,0x0,0x58,0xcf,0x79,0x39,0x12,0xde,0x0,0x0,0x68,0x67,0x25,0x26,0x1,0x90,0x0,0x0,1,1,26
2023-10-21 15:07:32.712055,2023-10-21 15:07:32.939658,203285720295272,0x68,0x67,0x25,0x25,0xe3,0xb8,0x0,0x0,0x0,0x0,0x0,0x0,0x0,0x0,0x0,0x0,0x0,0x0,0x0,0x0,0x0,0x0,0x0,0x0,0x0,0x0,0x0,0x0,0x0,0x0,0x0,0x0,0x0,0x0,0x0,0x0,0x0,0x0,0x0,0x0,0x68,0x67,0x25,0x23,0xa6,0x46,0x0,0x0,0x68,0x67,0x25,0x22,0x9e,0x30,0x0,0x0,1,1,26
2023-10-21 15:07:32.712055,2023-10-21 15:07:32.939658,222724725499752,0x68,0x67,0x25,0x24,0x91,0xca,0x0,0x0,0x0,0x0,0x0,0x0,0x0,0x0,0x0,0x0,0x0,0x0,0x0,0x0,0x0,0x0,0x0,0x0,0x0,0x0,0x0,0x0,0x0,0x0,0x0,0x0,0x0,0x0,0x0,0x0,0x0,0x0,0x0,0x0,0x68,0x67,0x25,0x22,0xa7,0x50,0x0,0x0,0x68,0x67,0x25,0x23,0xa6,0x46,0x0,0x0,1,1,26
2023-10-21 15:07:32.712055,2023-10-21 15:07:32.939658,42782792443752,0x68,0x67,0x25,0x25,0xe9,0x26,0x0,0x0,0x0,0x0,0x0,0x0,0x0,0x0,0x0,0x0,0x0,0x0,0x0,0x0,0x0,0x0,0x0,0x0,0x58,0xcf,0x79,0x38,0xe0,0x40,0x0,0x0,0x0,0x0,0x0,0x0,0x0,0x0,0x0,0x0,0x58,0xcf,0x79,0x38,0xdf,0x6e,0x0,0x64,0x68,0x67,0x25,0x26,0x1,0xda,0x0,0x0,1,1,26
2023-10-21 15:07:32.712055,2023-10-21 15:07:32.939658,18383032903528,0x68,0x67,0x25,0x22,0xb8,0x10,0x0,0x0,0x0,0x0,0x0,0x0,0x0,0x0,0x0,0x0,0x0,0x0,0x0,0x0,0x0,0x0,0x0,0x0,0x0,0x0,0x0,0x0,0x0,0x0,0x0,0x0,0x68,0x67,0x25,0x25,0xe5,0x8,0x0,0x0,0x68,0x67,0x25,0x25,0xfc,0xec,0x0,0x0,0x68,0x67,0x25,0x23,0x87,0x36,0x0,0x0,1,1,26
2023-10-21 15:07:32.712055,2023-10-21 15:07:32.939658,88678762637160,0x68,0x67,0x25,0x22,0xa7,0x50,0x0,0x0,0x0,0x0,0x0,0x0,0x0,0x0,0x0,0x0,0x0,0x0,0x0,0x0,0x0,0x0,0x0,0x0,0x0,0x0,0x0,0x0,0x0,0x0,0x0,0x0,0x0,0x0,0x0,0x0,0x0,0x0,0x0,0x0,0x58,0xcf,0x79,0x38,0xe7,0x72,0x0,0x0,0x68,0x67,0x25,0x24,0x91,0xca,0x0,0x0,1,1,26
2023-10-21 15:07:32.712055,2023-10-21 15:07:32.939658,75544752645992,0x68,0x67,0x25,0x22,0xb5,0x44,0x0,0x0,0x0,0x0,0x0,0x0,0x0,0x0,0x0,0x0,0x0,0x0,0x0,0x0,0x0,0x0,0x0,0x0,0x0,0x0,0x0,0x0,0x0,0x0,0x0,0x0,0x58,0xcf,0x79,0x38,0xdf,0xa6,0x0,0x0,0x0,0x0,0x0,0x0,0x0,0x0,0x0,0x0,0x68,0x67,0x25,0x25,0xfc,0xec,0x0,0x0,1,1,26
2023-10-21 15:07:32.712055,2023-10-21 15:07:32.939658,9780263741288,0x68,0x67,0x25,0x25,0xe5,0x8,0x0,0x0,0x0,0x0,0x0,0x0,0x0,0x0,0x0,0x0,0x0,0x0,0x0,0x0,0x0,0x0,0x0,0x0,0x68,0x67,0x25,0x22,0xb8,0x10,0x0,0x0,0x58,0xcf,0x79,0x38,0xdf,0x6e,0x0,0x64,0x58,0xcf,0x79,0x38,0xe0,0xac,0x0,0x0,0x58,0xcf,0x79,0x38,0xe0,0x40,0x0,0x0,1,1,26
2023-10-21 15:07:32.712055,2023-10-21 15:07:32.939658,165691821221736,0x68,0x67,0x25,0x22,0xb2,0x96,0x0,0x0,0x0,0x0,0x0,0x0,0x0,0x0,0x0,0x0,0x0,0x0,0x0,0x0,0x0,0x0,0x0,0x0,0x58,0xcf,0x79,0x38,0xe2,0x6e,0x0,0x0,0x68,0x67,0x25,0x26,0x1,0xda,0x0,0x64,0x58,0xcf,0x79,0x38,0xe0,0x40,0x0,0x0,0x58,0xcf,0x79,0x38,0xe7,0x72,0x0,0x0,1,1,26
2023-10-21 15:07:32.712055,2023-10-21 15:07:32.939658,158334609352552,0x68,0x67,0x25,0x26,0x1,0x90,0x0,0x0,0x0,0x0,0x0,0x0,0x0,0x0,0x0,0x0,0x0,0x0,0x0,0x0,0x0,0x0,0x0,0x0,0x0,0x0,0x0,0x0,0x0,0x0,0x0,0x0,0x0,0x0,0x0,0x0,0x0,0x0,0x0,0x0,0x68,0x67,0x25,0x22,0xbb,0xaa,0x0,0x0,0x0,0x0,0x0,0x0,0x0,0x0,0x0,0x0,1,1,26
2023-10-21 15:07:32.712055,2023-10-21 15:07:32.939658,59954038138728,0x68,0x67,0x25,0x23,0x87,0x36,0x0,0x0,0x0,0x0,0x0,0x0,0x0,0x0,0x0,0x0,0x0,0x0,0x0,0x0,0x0,0x0,0x0,0x0,0x0,0x0,0x0,0x0,0x0,0x0,0x0,0x0,0x58,0xcf,0x79,0x38,0xe0,0x40,0x0,0x0,0x68,0x67,0x25,0x22,0xb8,0x10,0x0,0x0,0x58,0xcf,0x79,0x38,0xe2,0x6e,0x0,0x0,1,1,26
2023-10-21 15:07:32.712055,2023-10-21 15:07:32.939658,167671868254056,0x68,0x67,0x25,0x26,0x7f,0x98,0x0,0x0,0x0,0x0,0x0,0x0,0x0,0x0,0x0,0x0,0x0,0x0,0x0,0x0,0x0,0x0,0x0,0x0,0x58,0xcf,0x79,0x38,0xdf,0xa6,0x0,0x0,0x0,0x0,0x0,0x0,0x0,0x0,0x0,0x0,0x0,0x0,0x0,0x0,0x0,0x0,0x0,0x0,0x68,0x67,0x25,0x22,0xf5,0x8c,0x0,0x0,1,1,26
2023-10-21 15:07:32.712055,2023-10-21 15:07:32.939658,88554242140008,0x68,0x67,0x25,0x24,0x8a,0x50,0x0,0x0,0x0,0x0,0x0,0x0,0x0,0x0,0x0,0x0,0x0,0x0,0x0,0x0,0x0,0x0,0x0,0x0,0x0,0x0,0x0,0x0,0x0,0x0,0x0,0x0,0x58,0xcf,0x79,0x38,0xe7,0x72,0x0,0x0,0x58,0xcf,0x79,0x38,0xe2,0x6e,0x0,0x0,0x0,0x0,0x0,0x0,0x0,0x0,0x0,0x0,1,1,26
2023-10-21 15:07:32.712055,2023-10-21 15:07:32.939658,244169855061848,0x58,0xcf,0x79,0x39,0x12,0xde,0x0,0x0,0x0,0x0,0x0,0x0,0x0,0x0,0x0,0x0,0x0,0x0,0x0,0x0,0x0,0x0,0x0,0x0,0x0,0x0,0x0,0x0,0x0,0x0,0x0,0x0,0x0,0x0,0x0,0x0,0x0,0x0,0x0,0x0,0x68,0x67,0x25,0x22,0x9e,0x30,0x0,0x0,0x68,0x67,0x25,0x22,0xbb,0xaa,0x0,0x0,1,1,26
2023-10-21 15:07:32.712055,2023-10-21 15:07:32.939658,154984467752808,0x68,0x67,0x25,0x22,0xf5,0x8c,0x0,0x0,0x0,0x0,0x0,0x0,0x0,0x0,0x0,0x0,0x0,0x0,0x0,0x0,0x0,0x0,0x0,0x0,0x58,0xcf,0x79,0x38,0xe0,0xac,0x0,0x0,0x0,0x0,0x0,0x0,0x0,0x0,0x0,0x0,0x68,0x67,0x25,0x26,0x7f,0x98,0x0,0x0,0x58,0xcf,0x79,0x38,0xdf,0x6e,0x0,0x0,1,1,26
2023-10-21 15:07:32.712055,2023-10-21 15:07:32.939658,132142620824928,0x60,0x55,0xf9,0xd9,0x2e,0x78,0x0,0x0,0x0,0x0,0x0,0x0,0x0,0x0,0x0,0x0,0x0,0x0,0x0,0x0,0x0,0x0,0x0,0x0,0x0,0x0,0x0,0x0,0x0,0x0,0x0,0x0,0x68,0x67,0x25,0x25,0xfc,0xec,0x0,0x0,0x0,0x0,0x0,0x0,0x0,0x0,0x0,0x0,0x0,0x0,0x0,0x0,0x0,0x0,0x0,0x0,1,1,26
2023-10-21 15:07:32.712055,2023-10-21 15:07:32.939658,77679368169320,0x68,0x67,0x25,0x23,0xa6,0x46,0x0,0x0,0x0,0x0,0x0,0x0,0x0,0x0,0x0,0x0,0x0,0x0,0x0,0x0,0x0,0x0,0x0,0x0,0x0,0x0,0x0,0x0,0x0,0x0,0x0,0x0,0x0,0x0,0x0,0x0,0x0,0x0,0x0,0x0,0x68,0x67,0x25,0x24,0x91,0xca,0x0,0x0,0x68,0x67,0x25,0x25,0xe3,0xb8,0x0,0x0,1,1,26
2023-10-21 15:07:32.712055,2023-10-21 15:07:32.939658,126337410518872,0x58,0xcf,0x79,0x38,0xe7,0x72,0x0,0x0,0x0,0x0,0x0,0x0,0x0,0x0,0x0,0x0,0x0,0x0,0x0,0x0,0x0,0x0,0x0,0x0,0x68,0x67,0x25,0x24,0x8a,0x50,0x0,0x0,0x0,0x0,0x0,0x0,0x0,0x0,0x0,0x0,0x68,0x67,0x25,0x22,0xb2,0x96,0x0,0x0,0x68,0x67,0x25,0x22,0xa7,0x50,0x0,0x0,1,1,26
2023-10-21 15:07:32.712055,2023-10-21 15:07:32.939658,121905004269400,0x58,0xcf,0x79,0x38,0xdf,0x6e,0x0,0x0,0x0,0x0,0x0,0x0,0x0,0x0,0x0,0x0,0x0,0x0,0x0,0x0,0x0,0x0,0x0,0x0,0x68,0x67,0x25,0x25,0xe5,0x8,0x0,0x0,0x0,0x0,0x0,0x0,0x0,0x0,0x0,0x0,0x68,0x67,0x25,0x22,0xf5,0x8c,0x0,0x0,0x68,0x67,0x25,0x25,0xe9,0x26,0x0,0x0,1,1,26
2023-10-21 15:07:32.712055,2023-10-21 15:07:32.939658,260567699122024,0x68,0x67,0x25,0x25,0xfc,0xec,0x0,0x0,0x0,0x0,0x0,0x0,0x0,0x0,0x0,0x0,0x0,0x0,0x0,0x0,0x0,0x0,0x0,0x0,0x60,0x55,0xf9,0xd9,0x2e,0x78,0x0,0x0,0x58,0xcf,0x79,0x38,0xe0,0xac,0x0,0x0,0x68,0x67,0x25,0x22,0xb5,0x44,0x0,0x0,0x68,0x67,0x25,0x22,0xb8,0x10,0x0,0x0,1,1,26
2023-10-21 15:07:32.712055,2023-10-21 15:07:32.939658,190079020158808,0x58,0xcf,0x79,0x38,0xe0,0xac,0x0,0x0,0x0,0x0,0x0,0x0,0x0,0x0,0x0,0x0,0x0,0x0,0x0,0x0,0x0,0x0,0x0,0x0,0x68,0x67,0x25,0x25,0xfc,0xec,0x0,0x0,0x68,0x67,0x25,0x22,0xf5,0x8c,0x0,0x0,0x58,0xcf,0x79,0x38,0xdf,0xa6,0x0,0x0,0x68,0x67,0x25,0x25,0xe5,0x8,0x0,0x0,1,1,26
2023-10-21 15:07:32.712055,2023-10-21 15:07:32.939658,183477655424856,0x58,0xcf,0x79,0x38,0xdf,0xa6,0x0,0x0,0x0,0x0,0x0,0x0,0x0,0x0,0x0,0x0,0x0,0x0,0x0,0x0,0x0,0x0,0x0,0x0,0x68,0x67,0x25,0x22,0xb5,0x44,0x0,0x0,0x68,0x67,0x25,0x26,0x7f,0x98,0x0,0x0,0x0,0x0,0x0,0x0,0x0,0x0,0x0,0x0,0x58,0xcf,0x79,0x38,0xe0,0xac,0x0,0x0,1,1,26
2023-10-21 15:07:32.712055,2023-10-21 15:07:32.939658,71331764359000,0x58,0xcf,0x79,0x38,0xe0,0x40,0x0,0x0,0x0,0x0,0x0,0x0,0x0,0x0,0x0,0x0,0x0,0x0,0x0,0x0,0x0,0x0,0x0,0x0,0x68,0x67,0x25,0x23,0x87,0x36,0x0,0x0,0x68,0x67,0x25,0x25,0xe9,0x26,0x0,0x0,0x68,0x67,0x25,0x25,0xe5,0x8,0x0,0x0,0x68,0x67,0x25,0x22,0xb2,0x96,0x0,0x0,1,1,26
2023-10-21 15:07:32.712055,2023-10-21 15:07:32.939658,239698469807976,0x68,0x67,0x25,0x26,0x1,0xda,0x0,0x0,0x0,0x0,0x0,0x0,0x0,0x0,0x0,0x0,0x0,0x0,0x0,0x0,0x0,0x0,0x0,0x0,0x68,0x67,0x25,0x22,0xb2,0x96,0x0,0x0,0x0,0x0,0x0,0x0,0x0,0x0,0x0,0x0,0x68,0x67,0x25,0x25,0xe9,0x26,0x0,0x0,0x0,0x0,0x0,0x0,0x0,0x0,0x0,0x0,1,1,26
2023-10-21 15:07:52.943044,2023-10-21 15:07:53.179760,121917889171288,0x58,0xcf,0x79,0x38,0xe2,0x6e,0x0,0x0,0x0,0x0,0x0,0x0,0x0,0x0,0x0,0x0,0x0,0x0,0x0,0x0,0x0,0x0,0x0,0x0,0x0,0x0,0x0,0x0,0x0,0x0,0x0,0x0,0x68,0x67,0x25,0x22,0xb2,0x96,0x0,0x0,0x68,0x67,0x25,0x23,0x87,0x36,0x0,0x0,0x68,0x67,0x25,0x24,0x8a,0x50,0x0,0x0,2,1,26
2023-10-21 15:07:52.943044,2023-10-21 15:07:53.179760,53455735842664,0x68,0x67,0x25,0x22,0x9e,0x30,0x0,0x0,0x0,0x0,0x0,0x0,0x0,0x0,0x0,0x0,0x0,0x0,0x0,0x0,0x0,0x0,0x0,0x0,0x0,0x0,0x0,0x0,0x0,0x0,0x0,0x0,0x0,0x0,0x0,0x0,0x0,0x0,0x0,0x0,0x68,0x67,0x25,0x25,0xe3,0xb8,0x0,0x0,0x58,0xcf,0x79,0x39,0x12,0xde,0x0,0x0,2,1,26
2023-10-21 15:07:52.943044,2023-10-21 15:07:53.179760,187720708482920,0x68,0x67,0x25,0x22,0xbb,0xaa,0x0,0x0,0x0,0x0,0x0,0x0,0x0,0x0,0x0,0x0,0x0,0x0,0x0,0x0,0x0,0x0,0x0,0x0,0x0,0x0,0x0,0x0,0x0,0x0,0x0,0x0,0x0,0x0,0x0,0x0,0x0,0x0,0x0,0x0,0x58,0xcf,0x79,0x39,0x12,0xde,0x0,0x0,0x68,0x67,0x25,0x26,0x1,0x90,0x0,0x0,2,1,26
2023-10-21 15:07:52.943044,2023-10-21 15:07:53.179760,203285720295272,0x68,0x67,0x25,0x25,0xe3,0xb8,0x0,0x0,0x0,0x0,0x0,0x0,0x0,0x0,0x0,0x0,0x0,0x0,0x0,0x0,0x0,0x0,0x0,0x0,0x0,0x0,0x0,0x0,0x0,0x0,0x0,0x0,0x0,0x0,0x0,0x0,0x0,0x0,0x0,0x0,0x68,0x67,0x25,0x23,0xa6,0x46,0x0,0x0,0x68,0x67,0x25,0x22,0x9e,0x30,0x0,0x0,2,1,26
2023-10-21 15:07:52.943044,2023-10-21 15:07:53.179760,222724725499752,0x68,0x67,0x25,0x24,0x91,0xca,0x0,0x0,0x0,0x0,0x0,0x0,0x0,0x0,0x0,0x0,0x0,0x0,0x0,0x0,0x0,0x0,0x0,0x0,0x0,0x0,0x0,0x0,0x0,0x0,0x0,0x0,0x0,0x0,0x0,0x0,0x0,0x0,0x0,0x0,0x68,0x67,0x25,0x22,0xa7,0x50,0x0,0x0,0x68,0x67,0x25,0x23,0xa6,0x46,0x0,0x0,2,1,26
2023-10-21 15:07:52.943044,2023-10-21 15:07:53.179760,42782792443752,0x68,0x67,0x25,0x25,0xe9,0x26,0x0,0x0,0x0,0x0,0x0,0x0,0x0,0x0,0x0,0x0,0x0,0x0,0x0,0x0,0x0,0x0,0x0,0x0,0x58,0xcf,0x79,0x38,0xe0,0x40,0x0,0x0,0x0,0x0,0x0,0x0,0x0,0x0,0x0,0x0,0x58,0xcf,0x79,0x38,0xdf,0x6e,0x0,0x0,0x68,0x67,0x25,0x26,0x1,0xda,0x0,0x0,2,1,26
2023-10-21 15:07:52.943044,2023-10-21 15:07:53.179760,18383032903528,0x68,0x67,0x25,0x22,0xb8,0x10,0x0,0x0,0x0,0x0,0x0,0x0,0x0,0x0,0x0,0x0,0x0,0x0,0x0,0x0,0x0,0x0,0x0,0x0,0x0,0x0,0x0,0x0,0x0,0x0,0x0,0x0,0x68,0x67,0x25,0x25,0xe5,0x8,0x0,0x0,0x68,0x67,0x25,0x25,0xfc,0xec,0x0,0x0,0x68,0x67,0x25,0x23,0x87,0x36,0x0,0x0,2,1,26
2023-10-21 15:07:52.943044,2023-10-21 15:07:53.179760,88678762637160,0x68,0x67,0x25,0x22,0xa7,0x50,0x0,0x0,0x0,0x0,0x0,0x0,0x0,0x0,0x0,0x0,0x0,0x0,0x0,0x0,0x0,0x0,0x0,0x0,0x0,0x0,0x0,0x0,0x0,0x0,0x0,0x0,0x0,0x0,0x0,0x0,0x0,0x0,0x0,0x0,0x58,0xcf,0x79,0x38,0xe7,0x72,0x0,0x0,0x68,0x67,0x25,0x24,0x91,0xca,0x0,0x0,2,1,26
2023-10-21 15:07:52.943044,2023-10-21 15:07:53.179760,75544752645992,0x68,0x67,0x25,0x22,0xb5,0x44,0x0,0x0,0x0,0x0,0x0,0x0,0x0,0x0,0x0,0x0,0x0,0x0,0x0,0x0,0x0,0x0,0x0,0x0,0x0,0x0,0x0,0x0,0x0,0x0,0x0,0x0,0x58,0xcf,0x79,0x38,0xdf,0xa6,0x0,0x0,0x0,0x0,0x0,0x0,0x0,0x0,0x0,0x0,0x68,0x67,0x25,0x25,0xfc,0xec,0x0,0x0,2,1,26
2023-10-21 15:07:52.943044,2023-10-21 15:07:53.179760,9780263741288,0x68,0x67,0x25,0x25,0xe5,0x8,0x0,0x0,0x0,0x0,0x0,0x0,0x0,0x0,0x0,0x0,0x0,0x0,0x0,0x0,0x0,0x0,0x0,0x0,0x68,0x67,0x25,0x22,0xb8,0x10,0x0,0x0,0x58,0xcf,0x79,0x38,0xdf,0x6e,0x0,0x0,0x58,0xcf,0x79,0x38,0xe0,0xac,0x0,0x0,0x58,0xcf,0x79,0x38,0xe0,0x40,0x0,0x0,2,1,26
2023-10-21 15:07:52.943044,2023-10-21 15:07:53.179760,165691821221736,0x68,0x67,0x25,0x22,0xb2,0x96,0x0,0x0,0x0,0x0,0x0,0x0,0x0,0x0,0x0,0x0,0x0,0x0,0x0,0x0,0x0,0x0,0x0,0x0,0x58,0xcf,0x79,0x38,0xe2,0x6e,0x0,0x0,0x68,0x67,0x25,0x26,0x1,0xda,0x0,0x0,0x58,0xcf,0x79,0x38,0xe0,0x40,0x0,0x0,0x58,0xcf,0x79,0x38,0xe7,0x72,0x0,0x0,2,1,26
2023-10-21 15:07:52.943044,2023-10-21 15:07:53.179760,158334609352552,0x68,0x67,0x25,0x26,0x1,0x90,0x0,0x0,0x0,0x0,0x0,0x0,0x0,0x0,0x0,0x0,0x0,0x0,0x0,0x0,0x0,0x0,0x0,0x0,0x0,0x0,0x0,0x0,0x0,0x0,0x0,0x0,0x0,0x0,0x0,0x0,0x0,0x0,0x0,0x0,0x68,0x67,0x25,0x22,0xbb,0xaa,0x0,0x0,0x0,0x0,0x0,0x0,0x0,0x0,0x0,0x0,2,1,26
2023-10-21 15:07:52.943044,2023-10-21 15:07:53.179760,59954038138728,0x68,0x67,0x25,0x23,0x87,0x36,0x0,0x0,0x0,0x0,0x0,0x0,0x0,0x0,0x0,0x0,0x0,0x0,0x0,0x0,0x0,0x0,0x0,0x0,0x0,0x0,0x0,0x0,0x0,0x0,0x0,0x0,0x58,0xcf,0x79,0x38,0xe0,0x40,0x0,0x0,0x68,0x67,0x25,0x22,0xb8,0x10,0x0,0x0,0x58,0xcf,0x79,0x38,0xe2,0x6e,0x0,0x0,2,1,26
2023-10-21 15:07:52.943044,2023-10-21 15:07:53.179760,167671868254056,0x68,0x67,0x25,0x26,0x7f,0x98,0x0,0x0,0x0,0x0,0x0,0x0,0x0,0x0,0x0,0x0,0x0,0x0,0x0,0x0,0x0,0x0,0x0,0x0,0x58,0xcf,0x79,0x38,0xdf,0xa6,0x0,0x0,0x0,0x0,0x0,0x0,0x0,0x0,0x0,0x0,0x0,0x0,0x0,0x0,0x0,0x0,0x0,0x0,0x68,0x67,0x25,0x22,0xf5,0x8c,0x0,0x0,2,1,26
2023-10-21 15:07:52.943044,2023-10-21 15:07:53.179760,88554242140008,0x68,0x67,0x25,0x24,0x8a,0x50,0x0,0x0,0x0,0x0,0x0,0x0,0x0,0x0,0x0,0x0,0x0,0x0,0x0,0x0,0x0,0x0,0x0,0x0,0x0,0x0,0x0,0x0,0x0,0x0,0x0,0x0,0x58,0xcf,0x79,0x38,0xe7,0x72,0x0,0x0,0x58,0xcf,0x79,0x38,0xe2,0x6e,0x0,0x0,0x0,0x0,0x0,0x0,0x0,0x0,0x0,0x0,2,1,26
2023-10-21 15:07:52.943044,2023-10-21 15:07:53.179760,244169855061848,0x58,0xcf,0x79,0x39,0x12,0xde,0x0,0x0,0x0,0x0,0x0,0x0,0x0,0x0,0x0,0x0,0x0,0x0,0x0,0x0,0x0,0x0,0x0,0x0,0x0,0x0,0x0,0x0,0x0,0x0,0x0,0x0,0x0,0x0,0x0,0x0,0x0,0x0,0x0,0x0,0x68,0x67,0x25,0x22,0x9e,0x30,0x0,0x0,0x68,0x67,0x25,0x22,0xbb,0xaa,0x0,0x0,2,1,26
2023-10-21 15:07:52.943044,2023-10-21 15:07:53.179760,154984467752808,0x68,0x67,0x25,0x22,0xf5,0x8c,0x0,0x0,0x0,0x0,0x0,0x0,0x0,0x0,0x0,0x0,0x0,0x0,0x0,0x0,0x0,0x0,0x0,0x0,0x58,0xcf,0x79,0x38,0xe0,0xac,0x0,0x64,0x0,0x0,0x0,0x0,0x0,0x0,0x0,0x0,0x68,0x67,0x25,0x26,0x7f,0x98,0x0,0x0,0x58,0xcf,0x79,0x38,0xdf,0x6e,0x0,0x64,2,1,26
2023-10-21 15:07:52.943044,2023-10-21 15:07:53.179760,132142620824928,0x60,0x55,0xf9,0xd9,0x2e,0x78,0x0,0x0,0x0,0x0,0x0,0x0,0x0,0x0,0x0,0x0,0x0,0x0,0x0,0x0,0x0,0x0,0x0,0x0,0x0,0x0,0x0,0x0,0x0,0x0,0x0,0x0,0x68,0x67,0x25,0x25,0xfc,0xec,0x0,0x0,0x0,0x0,0x0,0x0,0x0,0x0,0x0,0x0,0x0,0x0,0x0,0x0,0x0,0x0,0x0,0x0,2,1,26
2023-10-21 15:07:52.943044,2023-10-21 15:07:53.179760,77679368169320,0x68,0x67,0x25,0x23,0xa6,0x46,0x0,0x0,0x0,0x0,0x0,0x0,0x0,0x0,0x0,0x0,0x0,0x0,0x0,0x0,0x0,0x0,0x0,0x0,0x0,0x0,0x0,0x0,0x0,0x0,0x0,0x0,0x0,0x0,0x0,0x0,0x0,0x0,0x0,0x0,0x68,0x67,0x25,0x24,0x91,0xca,0x0,0x0,0x68,0x67,0x25,0x25,0xe3,0xb8,0x0,0x0,2,1,26
2023-10-21 15:07:52.943044,2023-10-21 15:07:53.179760,126337410518872,0x58,0xcf,0x79,0x38,0xe7,0x72,0x0,0x0,0x0,0x0,0x0,0x0,0x0,0x0,0x0,0x0,0x0,0x0,0x0,0x0,0x0,0x0,0x0,0x0,0x68,0x67,0x25,0x24,0x8a,0x50,0x0,0x0,0x0,0x0,0x0,0x0,0x0,0x0,0x0,0x0,0x68,0x67,0x25,0x22,0xb2,0x96,0x0,0x0,0x68,0x67,0x25,0x22,0xa7,0x50,0x0,0x0,2,1,26
2023-10-21 15:07:52.943044,2023-10-21 15:07:53.179760,121905004269400,0x58,0xcf,0x79,0x38,0xdf,0x6e,0x0,0x0,0x0,0x0,0x0,0x0,0x0,0x0,0x0,0x0,0x0,0x0,0x0,0x0,0x0,0x0,0x0,0x0,0x68,0x67,0x25,0x25,0xe5,0x8,0x0,0x0,0x0,0x0,0x0,0x0,0x0,0x0,0x0,0x0,0x68,0x67,0x25,0x22,0xf5,0x8c,0x0,0x0,0x68,0x67,0x25,0x25,0xe9,0x26,0x0,0x0,2,1,26
2023-10-21 15:07:52.943044,2023-10-21 15:07:53.179760,260567699122024,0x68,0x67,0x25,0x25,0xfc,0xec,0x0,0x0,0x0,0x0,0x0,0x0,0x0,0x0,0x0,0x0,0x0,0x0,0x0,0x0,0x0,0x0,0x0,0x0,0x60,0x55,0xf9,0xd9,0x2e,0x78,0x0,0x0,0x58,0xcf,0x79,0x38,0xe0,0xac,0x0,0x0,0x68,0x67,0x25,0x22,0xb5,0x44,0x0,0x0,0x68,0x67,0x25,0x22,0xb8,0x10,0x0,0x0,2,1,26
2023-10-21 15:07:52.943044,2023-10-21 15:07:53.179760,190079020158808,0x58,0xcf,0x79,0x38,0xe0,0xac,0x0,0x0,0x0,0x0,0x0,0x0,0x0,0x0,0x0,0x0,0x0,0x0,0x0,0x0,0x0,0x0,0x0,0x0,0x68,0x67,0x25,0x25,0xfc,0xec,0x0,0x0,0x68,0x67,0x25,0x22,0xf5,0x8c,0x0,0x0,0x58,0xcf,0x79,0x38,0xdf,0xa6,0x0,0x0,0x68,0x67,0x25,0x25,0xe5,0x8,0x0,0x0,2,1,26
2023-10-21 15:07:52.943044,2023-10-21 15:07:53.179760,183477655424856,0x58,0xcf,0x79,0x38,0xdf,0xa6,0x0,0x0,0x0,0x0,0x0,0x0,0x0,0x0,0x0,0x0,0x0,0x0,0x0,0x0,0x0,0x0,0x0,0x0,0x68,0x67,0x25,0x22,0xb5,0x44,0x0,0x0,0x68,0x67,0x25,0x26,0x7f,0x98,0x0,0x0,0x0,0x0,0x0,0x0,0x0,0x0,0x0,0x0,0x58,0xcf,0x79,0x38,0xe0,0xac,0x0,0x64,2,1,26
2023-10-21 15:07:52.943044,2023-10-21 15:07:53.179760,71331764359000,0x58,0xcf,0x79,0x38,0xe0,0x40,0x0,0x0,0x0,0x0,0x0,0x0,0x0,0x0,0x0,0x0,0x0,0x0,0x0,0x0,0x0,0x0,0x0,0x0,0x68,0x67,0x25,0x23,0x87,0x36,0x0,0x0,0x68,0x67,0x25,0x25,0xe9,0x26,0x0,0x0,0x68,0x67,0x25,0x25,0xe5,0x8,0x0,0x0,0x68,0x67,0x25,0x22,0xb2,0x96,0x0,0x0,2,1,26
2023-10-21 15:07:52.943044,2023-10-21 15:07:53.179760,239698469807976,0x68,0x67,0x25,0x26,0x1,0xda,0x0,0x0,0x0,0x0,0x0,0x0,0x0,0x0,0x0,0x0,0x0,0x0,0x0,0x0,0x0,0x0,0x0,0x0,0x68,0x67,0x25,0x22,0xb2,0x96,0x0,0x0,0x0,0x0,0x0,0x0,0x0,0x0,0x0,0x0,0x68,0x67,0x25,0x25,0xe9,0x26,0x0,0x0,0x0,0x0,0x0,0x0,0x0,0x0,0x0,0x0,2,1,26
2023-10-21 15:08:13.190582,2023-10-21 15:08:13.335103,121917889171288,0x58,0xcf,0x79,0x38,0xe2,0x6e,0x0,0x0,0x0,0x0,0x0,0x0,0x0,0x0,0x0,0x0,0x0,0x0,0x0,0x0,0x0,0x0,0x0,0x0,0x0,0x0,0x0,0x0,0x0,0x0,0x0,0x0,0x68,0x67,0x25,0x22,0xb2,0x96,0x0,0x0,0x68,0x67,0x25,0x23,0x87,0x36,0x0,0x0,0x68,0x67,0x25,0x24,0x8a,0x50,0x0,0x0,3,1,26
2023-10-21 15:08:13.190582,2023-10-21 15:08:13.335103,53455735842664,0x68,0x67,0x25,0x22,0x9e,0x30,0x0,0x0,0x0,0x0,0x0,0x0,0x0,0x0,0x0,0x0,0x0,0x0,0x0,0x0,0x0,0x0,0x0,0x0,0x0,0x0,0x0,0x0,0x0,0x0,0x0,0x0,0x0,0x0,0x0,0x0,0x0,0x0,0x0,0x0,0x68,0x67,0x25,0x25,0xe3,0xb8,0x0,0x0,0x58,0xcf,0x79,0x39,0x12,0xde,0x0,0x0,3,1,26
2023-10-21 15:08:13.190582,2023-10-21 15:08:13.335103,187720708482920,0x68,0x67,0x25,0x22,0xbb,0xaa,0x0,0x0,0x0,0x0,0x0,0x0,0x0,0x0,0x0,0x0,0x0,0x0,0x0,0x0,0x0,0x0,0x0,0x0,0x0,0x0,0x0,0x0,0x0,0x0,0x0,0x0,0x0,0x0,0x0,0x0,0x0,0x0,0x0,0x0,0x58,0xcf,0x79,0x39,0x12,0xde,0x0,0x0,0x68,0x67,0x25,0x26,0x1,0x90,0x0,0x0,3,1,26
2023-10-21 15:08:13.190582,2023-10-21 15:08:13.335103,203285720295272,0x68,0x67,0x25,0x25,0xe3,0xb8,0x0,0x0,0x0,0x0,0x0,0x0,0x0,0x0,0x0,0x0,0x0,0x0,0x0,0x0,0x0,0x0,0x0,0x0,0x0,0x0,0x0,0x0,0x0,0x0,0x0,0x0,0x0,0x0,0x0,0x0,0x0,0x0,0x0,0x0,0x68,0x67,0x25,0x23,0xa6,0x46,0x0,0x64,0x68,0x67,0x25,0x22,0x9e,0x30,0x0,0x0,3,1,26
2023-10-21 15:08:13.190582,2023-10-21 15:08:13.335103,222724725499752,0x68,0x67,0x25,0x24,0x91,0xca,0x0,0x0,0x0,0x0,0x0,0x0,0x0,0x0,0x0,0x0,0x0,0x0,0x0,0x0,0x0,0x0,0x0,0x0,0x0,0x0,0x0,0x0,0x0,0x0,0x0,0x0,0x0,0x0,0x0,0x0,0x0,0x0,0x0,0x0,0x68,0x67,0x25,0x22,0xa7,0x50,0x0,0x0,0x68,0x67,0x25,0x23,0xa6,0x46,0x0,0x0,3,1,26
2023-10-21 15:08:13.190582,2023-10-21 15:08:13.335103,42782792443752,0x68,0x67,0x25,0x25,0xe9,0x26,0x0,0x0,0x0,0x0,0x0,0x0,0x0,0x0,0x0,0x0,0x0,0x0,0x0,0x0,0x0,0x0,0x0,0x0,0x58,0xcf,0x79,0x38,0xe0,0x40,0x0,0x0,0x0,0x0,0x0,0x0,0x0,0x0,0x0,0x0,0x58,0xcf,0x79,0x38,0xdf,0x6e,0x0,0x0,0x68,0x67,0x25,0x26,0x1,0xda,0x0,0x0,3,1,26
2023-10-21 15:08:13.190582,2023-10-21 15:08:13.335103,18383032903528,0x68,0x67,0x25,0x22,0xb8,0x10,0x0,0x0,0x0,0x0,0x0,0x0,0x0,0x0,0x0,0x0,0x0,0x0,0x0,0x0,0x0,0x0,0x0,0x0,0x0,0x0,0x0,0x0,0x0,0x0,0x0,0x0,0x68,0x67,0x25,0x25,0xe5,0x8,0x0,0x0,0x68,0x67,0x25,0x25,0xfc,0xec,0x0,0x0,0x68,0x67,0x25,0x23,0x87,0x36,0x0,0x0,3,1,26
2023-10-21 15:08:13.190582,2023-10-21 15:08:13.335103,88678762637160,0x68,0x67,0x25,0x22,0xa7,0x50,0x0,0x0,0x0,0x0,0x0,0x0,0x0,0x0,0x0,0x0,0x0,0x0,0x0,0x0,0x0,0x0,0x0,0x0,0x0,0x0,0x0,0x0,0x0,0x0,0x0,0x0,0x0,0x0,0x0,0x0,0x0,0x0,0x0,0x0,0x58,0xcf,0x79,0x38,0xe7,0x72,0x0,0x0,0x68,0x67,0x25,0x24,0x91,0xca,0x0,0x0,3,1,26
2023-10-21 15:08:13.190582,2023-10-21 15:08:13.335103,75544752645992,0x68,0x67,0x25,0x22,0xb5,0x44,0x0,0x0,0x0,0x0,0x0,0x0,0x0,0x0,0x0,0x0,0x0,0x0,0x0,0x0,0x0,0x0,0x0,0x0,0x0,0x0,0x0,0x0,0x0,0x0,0x0,0x0,0x58,0xcf,0x79,0x38,0xdf,0xa6,0x0,0x0,0x0,0x0,0x0,0x0,0x0,0x0,0x0,0x0,0x68,0x67,0x25,0x25,0xfc,0xec,0x0,0x0,3,1,26
2023-10-21 15:08:13.190582,2023-10-21 15:08:13.335103,9780263741288,0x68,0x67,0x25,0x25,0xe5,0x8,0x0,0x0,0x0,0x0,0x0,0x0,0x0,0x0,0x0,0x0,0x0,0x0,0x0,0x0,0x0,0x0,0x0,0x0,0x68,0x67,0x25,0x22,0xb8,0x10,0x0,0x0,0x58,0xcf,0x79,0x38,0xdf,0x6e,0x0,0x0,0x58,0xcf,0x79,0x38,0xe0,0xac,0x0,0x0,0x58,0xcf,0x79,0x38,0xe0,0x40,0x0,0x0,3,1,26
2023-10-21 15:08:13.190582,2023-10-21 15:08:13.335103,165691821221736,0x68,0x67,0x25,0x22,0xb2,0x96,0x0,0x0,0x0,0x0,0x0,0x0,0x0,0x0,0x0,0x0,0x0,0x0,0x0,0x0,0x0,0x0,0x0,0x0,0x58,0xcf,0x79,0x38,0xe2,0x6e,0x0,0x0,0x68,0x67,0x25,0x26,0x1,0xda,0x0,0x0,0x58,0xcf,0x79,0x38,0xe0,0x40,0x0,0x0,0x58,0xcf,0x79,0x38,0xe7,0x72,0x0,0x0,3,1,26
2023-10-21 15:08:13.190582,2023-10-21 15:08:13.335103,158334609352552,0x68,0x67,0x25,0x26,0x1,0x90,0x0,0x0,0x0,0x0,0x0,0x0,0x0,0x0,0x0,0x0,0x0,0x0,0x0,0x0,0x0,0x0,0x0,0x0,0x0,0x0,0x0,0x0,0x0,0x0,0x0,0x0,0x0,0x0,0x0,0x0,0x0,0x0,0x0,0x0,0x68,0x67,0x25,0x22,0xbb,0xaa,0x0,0x0,0x0,0x0,0x0,0x0,0x0,0x0,0x0,0x0,3,1,26
2023-10-21 15:08:13.190582,2023-10-21 15:08:13.335103,59954038138728,0x68,0x67,0x25,0x23,0x87,0x36,0x0,0x0,0x0,0x0,0x0,0x0,0x0,0x0,0x0,0x0,0x0,0x0,0x0,0x0,0x0,0x0,0x0,0x0,0x0,0x0,0x0,0x0,0x0,0x0,0x0,0x0,0x58,0xcf,0x79,0x38,0xe0,0x40,0x0,0x0,0x68,0x67,0x25,0x22,0xb8,0x10,0x0,0x0,0x58,0xcf,0x79,0x38,0xe2,0x6e,0x0,0x0,3,1,26
2023-10-21 15:08:13.190582,2023-10-21 15:08:13.335103,167671868254056,0x68,0x67,0x25,0x26,0x7f,0x98,0x0,0x0,0x0,0x0,0x0,0x0,0x0,0x0,0x0,0x0,0x0,0x0,0x0,0x0,0x0,0x0,0x0,0x0,0x58,0xcf,0x79,0x38,0xdf,0xa6,0x0,0x0,0x0,0x0,0x0,0x0,0x0,0x0,0x0,0x0,0x0,0x0,0x0,0x0,0x0,0x0,0x0,0x0,0x68,0x67,0x25,0x22,0xf5,0x8c,0x0,0x0,3,1,26
2023-10-21 15:08:13.190582,2023-10-21 15:08:13.335103,88554242140008,0x68,0x67,0x25,0x24,0x8a,0x50,0x0,0x0,0x0,0x0,0x0,0x0,0x0,0x0,0x0,0x0,0x0,0x0,0x0,0x0,0x0,0x0,0x0,0x0,0x0,0x0,0x0,0x0,0x0,0x0,0x0,0x0,0x58,0xcf,0x79,0x38,0xe7,0x72,0x0,0x0,0x58,0xcf,0x79,0x38,0xe2,0x6e,0x0,0x0,0x0,0x0,0x0,0x0,0x0,0x0,0x0,0x0,3,1,26
2023-10-21 15:08:13.190582,2023-10-21 15:08:13.335103,244169855061848,0x58,0xcf,0x79,0x39,0x12,0xde,0x0,0x0,0x0,0x0,0x0,0x0,0x0,0x0,0x0,0x0,0x0,0x0,0x0,0x0,0x0,0x0,0x0,0x0,0x0,0x0,0x0,0x0,0x0,0x0,0x0,0x0,0x0,0x0,0x0,0x0,0x0,0x0,0x0,0x0,0x68,0x67,0x25,0x22,0x9e,0x30,0x0,0x0,0x68,0x67,0x25,0x22,0xbb,0xaa,0x0,0x64,3,1,26
2023-10-21 15:08:13.190582,2023-10-21 15:08:13.335103,154984467752808,0x68,0x67,0x25,0x22,0xf5,0x8c,0x0,0x0,0x0,0x0,0x0,0x0,0x0,0x0,0x0,0x0,0x0,0x0,0x0,0x0,0x0,0x0,0x0,0x0,0x58,0xcf,0x79,0x38,0xe0,0xac,0x0,0x0,0x0,0x0,0x0,0x0,0x0,0x0,0x0,0x0,0x68,0x67,0x25,0x26,0x7f,0x98,0x0,0x0,0x58,0xcf,0x79,0x38,0xdf,0x6e,0x0,0x0,3,1,26
2023-10-21 15:08:13.190582,2023-10-21 15:08:13.335103,132142620824928,0x60,0x55,0xf9,0xd9,0x2e,0x78,0x0,0x0,0x0,0x0,0x0,0x0,0x0,0x0,0x0,0x0,0x0,0x0,0x0,0x0,0x0,0x0,0x0,0x0,0x0,0x0,0x0,0x0,0x0,0x0,0x0,0x0,0x68,0x67,0x25,0x25,0xfc,0xec,0x0,0x0,0x0,0x0,0x0,0x0,0x0,0x0,0x0,0x0,0x0,0x0,0x0,0x0,0x0,0x0,0x0,0x0,3,1,26
2023-10-21 15:08:13.190582,2023-10-21 15:08:13.335103,77679368169320,0x68,0x67,0x25,0x23,0xa6,0x46,0x0,0x0,0x0,0x0,0x0,0x0,0x0,0x0,0x0,0x0,0x0,0x0,0x0,0x0,0x0,0x0,0x0,0x0,0x0,0x0,0x0,0x0,0x0,0x0,0x0,0x0,0x0,0x0,0x0,0x0,0x0,0x0,0x0,0x0,0x68,0x67,0x25,0x24,0x91,0xca,0x0,0x0,0x68,0x67,0x25,0x25,0xe3,0xb8,0x0,0x0,3,1,26
2023-10-21 15:08:13.190582,2023-10-21 15:08:13.335103,126337410518872,0x58,0xcf,0x79,0x38,0xe7,0x72,0x0,0x0,0x0,0x0,0x0,0x0,0x0,0x0,0x0,0x0,0x0,0x0,0x0,0x0,0x0,0x0,0x0,0x0,0x68,0x67,0x25,0x24,0x8a,0x50,0x0,0x0,0x0,0x0,0x0,0x0,0x0,0x0,0x0,0x0,0x68,0x67,0x25,0x22,0xb2,0x96,0x0,0x0,0x68,0x67,0x25,0x22,0xa7,0x50,0x0,0x0,3,1,26
2023-10-21 15:08:13.190582,2023-10-21 15:08:13.335103,121905004269400,0x58,0xcf,0x79,0x38,0xdf,0x6e,0x0,0x0,0x0,0x0,0x0,0x0,0x0,0x0,0x0,0x0,0x0,0x0,0x0,0x0,0x0,0x0,0x0,0x0,0x68,0x67,0x25,0x25,0xe5,0x8,0x0,0x0,0x0,0x0,0x0,0x0,0x0,0x0,0x0,0x0,0x68,0x67,0x25,0x22,0xf5,0x8c,0x0,0x0,0x68,0x67,0x25,0x25,0xe9,0x26,0x0,0x0,3,1,26
2023-10-21 15:08:13.190582,2023-10-21 15:08:13.335103,260567699122024,0x68,0x67,0x25,0x25,0xfc,0xec,0x0,0x0,0x0,0x0,0x0,0x0,0x0,0x0,0x0,0x0,0x0,0x0,0x0,0x0,0x0,0x0,0x0,0x0,0x60,0x55,0xf9,0xd9,0x2e,0x78,0x0,0x0,0x58,0xcf,0x79,0x38,0xe0,0xac,0x0,0x0,0x68,0x67,0x25,0x22,0xb5,0x44,0x0,0x64,0x68,0x67,0x25,0x22,0xb8,0x10,0x0,0x0,3,1,26
2023-10-21 15:08:13.190582,2023-10-21 15:08:13.335103,190079020158808,0x58,0xcf,0x79,0x38,0xe0,0xac,0x0,0x0,0x0,0x0,0x0,0x0,0x0,0x0,0x0,0x0,0x0,0x0,0x0,0x0,0x0,0x0,0x0,0x0,0x68,0x67,0x25,0x25,0xfc,0xec,0x0,0x0,0x68,0x67,0x25,0x22,0xf5,0x8c,0x0,0x0,0x58,0xcf,0x79,0x38,0xdf,0xa6,0x0,0x0,0x68,0x67,0x25,0x25,0xe5,0x8,0x0,0x0,3,1,26
2023-10-21 15:08:13.190582,2023-10-21 15:08:13.335103,183477655424856,0x58,0xcf,0x79,0x38,0xdf,0xa6,0x0,0x0,0x0,0x0,0x0,0x0,0x0,0x0,0x0,0x0,0x0,0x0,0x0,0x0,0x0,0x0,0x0,0x0,0x68,0x67,0x25,0x22,0xb5,0x44,0x0,0x0,0x68,0x67,0x25,0x26,0x7f,0x98,0x0,0x0,0x0,0x0,0x0,0x0,0x0,0x0,0x0,0x0,0x58,0xcf,0x79,0x38,0xe0,0xac,0x0,0x0,3,1,26
2023-10-21 15:08:13.190582,2023-10-21 15:08:13.335103,71331764359000,0x58,0xcf,0x79,0x38,0xe0,0x40,0x0,0x0,0x0,0x0,0x0,0x0,0x0,0x0,0x0,0x0,0x0,0x0,0x0,0x0,0x0,0x0,0x0,0x0,0x68,0x67,0x25,0x23,0x87,0x36,0x0,0x0,0x68,0x67,0x25,0x25,0xe9,0x26,0x0,0x0,0x68,0x67,0x25,0x25,0xe5,0x8,0x0,0x0,0x68,0x67,0x25,0x22,0xb2,0x96,0x0,0x0,3,1,26
2023-10-21 15:08:13.190582,2023-10-21 15:08:13.335103,239698469807976,0x68,0x67,0x25,0x26,0x1,0xda,0x0,0x0,0x0,0x0,0x0,0x0,0x0,0x0,0x0,0x0,0x0,0x0,0x0,0x0,0x0,0x0,0x0,0x0,0x68,0x67,0x25,0x22,0xb2,0x96,0x0,0x0,0x0,0x0,0x0,0x0,0x0,0x0,0x0,0x0,0x68,0x67,0x25,0x25,0xe9,0x26,0x0,0x0,0x0,0x0,0x0,0x0,0x0,0x0,0x0,0x0,3,1,26
2023-10-21 15:08:33.344376,2023-10-21 15:08:33.507395,121917889171288,0x58,0xcf,0x79,0x38,0xe2,0x6e,0x0,0x0,0x0,0x0,0x0,0x0,0x0,0x0,0x0,0x0,0x0,0x0,0x0,0x0,0x0,0x0,0x0,0x0,0x0,0x0,0x0,0x0,0x0,0x0,0x0,0x0,0x68,0x67,0x25,0x22,0xb2,0x96,0x0,0x0,0x68,0x67,0x25,0x23,0x87,0x36,0x0,0x64,0x68,0x67,0x25,0x24,0x8a,0x50,0x0,0x0,4,1,26
2023-10-21 15:08:33.344376,2023-10-21 15:08:33.507395,53455735842664,0x68,0x67,0x25,0x22,0x9e,0x30,0x0,0x0,0x0,0x0,0x0,0x0,0x0,0x0,0x0,0x0,0x0,0x0,0x0,0x0,0x0,0x0,0x0,0x0,0x0,0x0,0x0,0x0,0x0,0x0,0x0,0x0,0x0,0x0,0x0,0x0,0x0,0x0,0x0,0x0,0x68,0x67,0x25,0x25,0xe3,0xb8,0x0,0x0,0x58,0xcf,0x79,0x39,0x12,0xde,0x0,0x0,4,1,26
2023-10-21 15:08:33.344376,2023-10-21 15:08:33.507395,187720708482920,0x68,0x67,0x25,0x22,0xbb,0xaa,0x0,0x0,0x0,0x0,0x0,0x0,0x0,0x0,0x0,0x0,0x0,0x0,0x0,0x0,0x0,0x0,0x0,0x0,0x0,0x0,0x0,0x0,0x0,0x0,0x0,0x0,0x0,0x0,0x0,0x0,0x0,0x0,0x0,0x0,0x58,0xcf,0x79,0x39,0x12,0xde,0x0,0x0,0x68,0x67,0x25,0x26,0x1,0x90,0x0,0x0,4,1,26
2023-10-21 15:08:33.344376,2023-10-21 15:08:33.507395,203285720295272,0x68,0x67,0x25,0x25,0xe3,0xb8,0x0,0x0,0x0,0x0,0x0,0x0,0x0,0x0,0x0,0x0,0x0,0x0,0x0,0x0,0x0,0x0,0x0,0x0,0x0,0x0,0x0,0x0,0x0,0x0,0x0,0x0,0x0,0x0,0x0,0x0,0x0,0x0,0x0,0x0,0x68,0x67,0x25,0x23,0xa6,0x46,0x0,0x0,0x68,0x67,0x25,0x22,0x9e,0x30,0x0,0x64,4,1,26
2023-10-21 15:08:33.344376,2023-10-21 15:08:33.507395,222724725499752,0x68,0x67,0x25,0x24,0x91,0xca,0x0,0x0,0x0,0x0,0x0,0x0,0x0,0x0,0x0,0x0,0x0,0x0,0x0,0x0,0x0,0x0,0x0,0x0,0x0,0x0,0x0,0x0,0x0,0x0,0x0,0x0,0x0,0x0,0x0,0x0,0x0,0x0,0x0,0x0,0x68,0x67,0x25,0x22,0xa7,0x50,0x0,0x0,0x68,0x67,0x25,0x23,0xa6,0x46,0x0,0x0,4,1,26
2023-10-21 15:08:33.344376,2023-10-21 15:08:33.507395,42782792443752,0x68,0x67,0x25,0x25,0xe9,0x26,0x0,0x0,0x0,0x0,0x0,0x0,0x0,0x0,0x0,0x0,0x0,0x0,0x0,0x0,0x0,0x0,0x0,0x0,0x58,0xcf,0x79,0x38,0xe0,0x40,0x0,0x0,0x0,0x0,0x0,0x0,0x0,0x0,0x0,0x0,0x58,0xcf,0x79,0x38,0xdf,0x6e,0x0,0x0,0x68,0x67,0x25,0x26,0x1,0xda,0x0,0x0,4,1,26
2023-10-21 15:08:33.344376,2023-10-21 15:08:33.507395,18383032903528,0x68,0x67,0x25,0x22,0xb8,0x10,0x0,0x0,0x0,0x0,0x0,0x0,0x0,0x0,0x0,0x0,0x0,0x0,0x0,0x0,0x0,0x0,0x0,0x0,0x0,0x0,0x0,0x0,0x0,0x0,0x0,0x0,0x68,0x67,0x25,0x25,0xe5,0x8,0x0,0x0,0x68,0x67,0x25,0x25,0xfc,0xec,0x0,0x0,0x68,0x67,0x25,0x23,0x87,0x36,0x0,0x64,4,1,26
2023-10-21 15:08:33.344376,2023-10-21 15:08:33.507395,88678762637160,0x68,0x67,0x25,0x22,0xa7,0x50,0x0,0x0,0x0,0x0,0x0,0x0,0x0,0x0,0x0,0x0,0x0,0x0,0x0,0x0,0x0,0x0,0x0,0x0,0x0,0x0,0x0,0x0,0x0,0x0,0x0,0x0,0x0,0x0,0x0,0x0,0x0,0x0,0x0,0x0,0x58,0xcf,0x79,0x38,0xe7,0x72,0x0,0x0,0x68,0x67,0x25,0x24,0x91,0xca,0x0,0x0,4,1,26
2023-10-21 15:08:33.344376,2023-10-21 15:08:33.507395,75544752645992,0x68,0x67,0x25,0x22,0xb5,0x44,0x0,0x0,0x0,0x0,0x0,0x0,0x0,0x0,0x0,0x0,0x0,0x0,0x0,0x0,0x0,0x0,0x0,0x0,0x0,0x0,0x0,0x0,0x0,0x0,0x0,0x0,0x58,0xcf,0x79,0x38,0xdf,0xa6,0x0,0x0,0x0,0x0,0x0,0x0,0x0,0x0,0x0,0x0,0x68,0x67,0x25,0x25,0xfc,0xec,0x0,0x0,4,1,26
2023-10-21 15:08:33.344376,2023-10-21 15:08:33.507395,9780263741288,0x68,0x67,0x25,0x25,0xe5,0x8,0x0,0x0,0x0,0x0,0x0,0x0,0x0,0x0,0x0,0x0,0x0,0x0,0x0,0x0,0x0,0x0,0x0,0x0,0x68,0x67,0x25,0x22,0xb8,0x10,0x0,0x0,0x58,0xcf,0x79,0x38,0xdf,0x6e,0x0,0x64,0x58,0xcf,0x79,0x38,0xe0,0xac,0x0,0x0,0x58,0xcf,0x79,0x38,0xe0,0x40,0x0,0x0,4,1,26
2023-10-21 15:08:33.344376,2023-10-21 15:08:33.507395,165691821221736,0x68,0x67,0x25,0x22,0xb2,0x96,0x0,0x0,0x0,0x0,0x0,0x0,0x0,0x0,0x0,0x0,0x0,0x0,0x0,0x0,0x0,0x0,0x0,0x0,0x58,0xcf,0x79,0x38,0xe2,0x6e,0x0,0x0,0x68,0x67,0x25,0x26,0x1,0xda,0x0,0x0,0x58,0xcf,0x79,0x38,0xe0,0x40,0x0,0x0,0x58,0xcf,0x79,0x38,0xe7,0x72,0x0,0x0,4,1,26
2023-10-21 15:08:33.344376,2023-10-21 15:08:33.507395,158334609352552,0x68,0x67,0x25,0x26,0x1,0x90,0x0,0x0,0x0,0x0,0x0,0x0,0x0,0x0,0x0,0x0,0x0,0x0,0x0,0x0,0x0,0x0,0x0,0x0,0x0,0x0,0x0,0x0,0x0,0x0,0x0,0x0,0x0,0x0,0x0,0x0,0x0,0x0,0x0,0x0,0x68,0x67,0x25,0x22,0xbb,0xaa,0x0,0x0,0x0,0x0,0x0,0x0,0x0,0x0,0x0,0x0,4,1,26
2023-10-21 15:08:33.344376,2023-10-21 15:08:33.507395,59954038138728,0x68,0x67,0x25,0x23,0x87,0x36,0x0,0x0,0x0,0x0,0x0,0x0,0x0,0x0,0x0,0x0,0x0,0x0,0x0,0x0,0x0,0x0,0x0,0x0,0x0,0x0,0x0,0x0,0x0,0x0,0x0,0x0,0x58,0xcf,0x79,0x38,0xe0,0x40,0x0,0x0,0x68,0x67,0x25,0x22,0xb8,0x10,0x0,0x0,0x58,0xcf,0x79,0x38,0xe2,0x6e,0x0,0x0,4,1,26
2023-10-21 15:08:33.344376,2023-10-21 15:08:33.507395,167671868254056,0x68,0x67,0x25,0x26,0x7f,0x98,0x0,0x0,0x0,0x0,0x0,0x0,0x0,0x0,0x0,0x0,0x0,0x0,0x0,0x0,0x0,0x0,0x0,0x0,0x58,0xcf,0x79,0x38,0xdf,0xa6,0x0,0x0,0x0,0x0,0x0,0x0,0x0,0x0,0x0,0x0,0x0,0x0,0x0,0x0,0x0,0x0,0x0,0x0,0x68,0x67,0x25,0x22,0xf5,0x8c,0x0,0x0,4,1,26
2023-10-21 15:08:33.344376,2023-10-21 15:08:33.507395,88554242140008,0x68,0x67,0x25,0x24,0x8a,0x50,0x0,0x0,0x0,0x0,0x0,0x0,0x0,0x0,0x0,0x0,0x0,0x0,0x0,0x0,0x0,0x0,0x0,0x0,0x0,0x0,0x0,0x0,0x0,0x0,0x0,0x0,0x58,0xcf,0x79,0x38,0xe7,0x72,0x0,0x0,0x58,0xcf,0x79,0x38,0xe2,0x6e,0x0,0x0,0x0,0x0,0x0,0x0,0x0,0x0,0x0,0x0,4,1,26
2023-10-21 15:08:33.344376,2023-10-21 15:08:33.507395,244169855061848,0x58,0xcf,0x79,0x39,0x12,0xde,0x0,0x0,0x0,0x0,0x0,0x0,0x0,0x0,0x0,0x0,0x0,0x0,0x0,0x0,0x0,0x0,0x0,0x0,0x0,0x0,0x0,0x0,0x0,0x0,0x0,0x0,0x0,0x0,0x0,0x0,0x0,0x0,0x0,0x0,0x68,0x67,0x25,0x22,0x9e,0x30,0x0,0x0,0x68,0x67,0x25,0x22,0xbb,0xaa,0x0,0x0,4,1,26
2023-10-21 15:08:33.344376,2023-10-21 15:08:33.507395,154984467752808,0x68,0x67,0x25,0x22,0xf5,0x8c,0x0,0x0,0x0,0x0,0x0,0x0,0x0,0x0,0x0,0x0,0x0,0x0,0x0,0x0,0x0,0x0,0x0,0x0,0x58,0xcf,0x79,0x38,0xe0,0xac,0x0,0x0,0x0,0x0,0x0,0x0,0x0,0x0,0x0,0x0,0x68,0x67,0x25,0x26,0x7f,0x98,0x0,0x0,0x58,0xcf,0x79,0x38,0xdf,0x6e,0x0,0x64,4,1,26
2023-10-21 15:08:33.344376,2023-10-21 15:08:33.507395,132142620824928,0x60,0x55,0xf9,0xd9,0x2e,0x78,0x0,0x0,0x0,0x0,0x0,0x0,0x0,0x0,0x0,0x0,0x0,0x0,0x0,0x0,0x0,0x0,0x0,0x0,0x0,0x0,0x0,0x0,0x0,0x0,0x0,0x0,0x68,0x67,0x25,0x25,0xfc,0xec,0x0,0x0,0x0,0x0,0x0,0x0,0x0,0x0,0x0,0x0,0x0,0x0,0x0,0x0,0x0,0x0,0x0,0x0,4,1,26
2023-10-21 15:08:33.344376,2023-10-21 15:08:33.507395,77679368169320,0x68,0x67,0x25,0x23,0xa6,0x46,0x0,0x0,0x0,0x0,0x0,0x0,0x0,0x0,0x0,0x0,0x0,0x0,0x0,0x0,0x0,0x0,0x0,0x0,0x0,0x0,0x0,0x0,0x0,0x0,0x0,0x0,0x0,0x0,0x0,0x0,0x0,0x0,0x0,0x0,0x68,0x67,0x25,0x24,0x91,0xca,0x0,0x0,0x68,0x67,0x25,0x25,0xe3,0xb8,0x0,0x0,4,1,26
2023-10-21 15:08:33.344376,2023-10-21 15:08:33.507395,126337410518872,0x58,0xcf,0x79,0x38,0xe7,0x72,0x0,0x0,0x0,0x0,0x0,0x0,0x0,0x0,0x0,0x0,0x0,0x0,0x0,0x0,0x0,0x0,0x0,0x0,0x68,0x67,0x25,0x24,0x8a,0x50,0x0,0x0,0x0,0x0,0x0,0x0,0x0,0x0,0x0,0x0,0x68,0x67,0x25,0x22,0xb2,0x96,0x0,0x0,0x68,0x67,0x25,0x22,0xa7,0x50,0x0,0x0,4,1,26
2023-10-21 15:08:33.344376,2023-10-21 15:08:33.507395,121905004269400,0x58,0xcf,0x79,0x38,0xdf,0x6e,0x0,0x0,0x0,0x0,0x0,0x0,0x0,0x0,0x0,0x0,0x0,0x0,0x0,0x0,0x0,0x0,0x0,0x0,0x68,0x67,0x25,0x25,0xe5,0x8,0x0,0x0,0x0,0x0,0x0,0x0,0x0,0x0,0x0,0x0,0x68,0x67,0x25,0x22,0xf5,0x8c,0x0,0x0,0x68,0x67,0x25,0x25,0xe9,0x26,0x0,0x0,4,1,26
2023-10-21 15:08:33.344376,2023-10-21 15:08:33.507395,260567699122024,0x68,0x67,0x25,0x25,0xfc,0xec,0x0,0x0,0x0,0x0,0x0,0x0,0x0,0x0,0x0,0x0,0x0,0x0,0x0,0x0,0x0,0x0,0x0,0x0,0x60,0x55,0xf9,0xd9,0x2e,0x78,0x0,0x0,0x58,0xcf,0x79,0x38,0xe0,0xac,0x0,0x0,0x68,0x67,0x25,0x22,0xb5,0x44,0x0,0x0,0x68,0x67,0x25,0x22,0xb8,0x10,0x0,0x0,4,1,26
2023-10-21 15:08:33.344376,2023-10-21 15:08:33.507395,190079020158808,0x58,0xcf,0x79,0x38,0xe0,0xac,0x0,0x0,0x0,0x0,0x0,0x0,0x0,0x0,0x0,0x0,0x0,0x0,0x0,0x0,0x0,0x0,0x0,0x0,0x68,0x67,0x25,0x25,0xfc,0xec,0x0,0x0,0x68,0x67,0x25,0x22,0xf5,0x8c,0x0,0x0,0x58,0xcf,0x79,0x38,0xdf,0xa6,0x0,0x0,0x68,0x67,0x25,0x25,0xe5,0x8,0x0,0x0,4,1,26
2023-10-21 15:08:33.344376,2023-10-21 15:08:33.507395,183477655424856,0x58,0xcf,0x79,0x38,0xdf,0xa6,0x0,0x0,0x0,0x0,0x0,0x0,0x0,0x0,0x0,0x0,0x0,0x0,0x0,0x0,0x0,0x0,0x0,0x0,0x68,0x67,0x25,0x22,0xb5,0x44,0x0,0x0,0x68,0x67,0x25,0x26,0x7f,0x98,0x0,0x0,0x0,0x0,0x0,0x0,0x0,0x0,0x0,0x0,0x58,0xcf,0x79,0x38,0xe0,0xac,0x0,0x0,4,1,26
2023-10-21 15:08:33.344376,2023-10-21 15:08:33.507395,71331764359000,0x58,0xcf,0x79,0x38,0xe0,0x40,0x0,0x0,0x0,0x0,0x0,0x0,0x0,0x0,0x0,0x0,0x0,0x0,0x0,0x0,0x0,0x0,0x0,0x0,0x68,0x67,0x25,0x23,0x87,0x36,0x0,0x64,0x68,0x67,0x25,0x25,0xe9,0x26,0x0,0x0,0x68,0x67,0x25,0x25,0xe5,0x8,0x0,0x0,0x68,0x67,0x25,0x22,0xb2,0x96,0x0,0x0,4,1,26
2023-10-21 15:08:33.344376,2023-10-21 15:08:33.507395,239698469807976,0x68,0x67,0x25,0x26,0x1,0xda,0x0,0x0,0x0,0x0,0x0,0x0,0x0,0x0,0x0,0x0,0x0,0x0,0x0,0x0,0x0,0x0,0x0,0x0,0x68,0x67,0x25,0x22,0xb2,0x96,0x0,0x0,0x0,0x0,0x0,0x0,0x0,0x0,0x0,0x0,0x68,0x67,0x25,0x25,0xe9,0x26,0x0,0x0,0x0,0x0,0x0,0x0,0x0,0x0,0x0,0x0,4,1,26
2023-10-21 15:08:53.514343,2023-10-21 15:08:53.683740,121917889171288,0x58,0xcf,0x79,0x38,0xe2,0x6e,0x0,0x0,0x0,0x0,0x0,0x0,0x0,0x0,0x0,0x0,0x0,0x0,0x0,0x0,0x0,0x0,0x0,0x0,0x0,0x0,0x0,0x0,0x0,0x0,0x0,0x0,0x68,0x67,0x25,0x22,0xb2,0x96,0x0,0x0,0x68,0x67,0x25,0x23,0x87,0x36,0x0,0x0,0x68,0x67,0x25,0x24,0x8a,0x50,0x0,0x0,5,1,26
2023-10-21 15:08:53.514343,2023-10-21 15:08:53.683740,53455735842664,0x68,0x67,0x25,0x22,0x9e,0x30,0x0,0x0,0x0,0x0,0x0,0x0,0x0,0x0,0x0,0x0,0x0,0x0,0x0,0x0,0x0,0x0,0x0,0x0,0x0,0x0,0x0,0x0,0x0,0x0,0x0,0x0,0x0,0x0,0x0,0x0,0x0,0x0,0x0,0x0,0x68,0x67,0x25,0x25,0xe3,0xb8,0x0,0x0,0x58,0xcf,0x79,0x39,0x12,0xde,0x0,0x64,5,1,26
2023-10-21 15:08:53.514343,2023-10-21 15:08:53.683740,187720708482920,0x68,0x67,0x25,0x22,0xbb,0xaa,0x0,0x0,0x0,0x0,0x0,0x0,0x0,0x0,0x0,0x0,0x0,0x0,0x0,0x0,0x0,0x0,0x0,0x0,0x0,0x0,0x0,0x0,0x0,0x0,0x0,0x0,0x0,0x0,0x0,0x0,0x0,0x0,0x0,0x0,0x58,0xcf,0x79,0x39,0x12,0xde,0x0,0x0,0x68,0x67,0x25,0x26,0x1,0x90,0x0,0x0,5,1,26
2023-10-21 15:08:53.514343,2023-10-21 15:08:53.683740,203285720295272,0x68,0x67,0x25,0x25,0xe3,0xb8,0x0,0x0,0x0,0x0,0x0,0x0,0x0,0x0,0x0,0x0,0x0,0x0,0x0,0x0,0x0,0x0,0x0,0x0,0x0,0x0,0x0,0x0,0x0,0x0,0x0,0x0,0x0,0x0,0x0,0x0,0x0,0x0,0x0,0x0,0x68,0x67,0x25,0x23,0xa6,0x46,0x0,0x0,0x68,0x67,0x25,0x22,0x9e,0x30,0x0,0x0,5,1,26
2023-10-21 15:08:53.514343,2023-10-21 15:08:53.683740,222724725499752,0x68,0x67,0x25,0x24,0x91,0xca,0x0,0x0,0x0,0x0,0x0,0x0,0x0,0x0,0x0,0x0,0x0,0x0,0x0,0x0,0x0,0x0,0x0,0x0,0x0,0x0,0x0,0x0,0x0,0x0,0x0,0x0,0x0,0x0,0x0,0x0,0x0,0x0,0x0,0x0,0x68,0x67,0x25,0x22,0xa7,0x50,0x0,0x0,0x68,0x67,0x25,0x23,0xa6,0x46,0x0,0x0,5,1,26
2023-10-21 15:08:53.514343,2023-10-21 15:08:53.683740,42782792443752,0x68,0x67,0x25,0x25,0xe9,0x26,0x0,0x0,0x0,0x0,0x0,0x0,0x0,0x0,0x0,0x0,0x0,0x0,0x0,0x0,0x0,0x0,0x0,0x0,0x58,0xcf,0x79,0x38,0xe0,0x40,0x0,0x0,0x0,0x0,0x0,0x0,0x0,0x0,0x0,0x0,0x58,0xcf,0x79,0x38,0xdf,0x6e,0x0,0x0,0x68,0x67,0x25,0x26,0x1,0xda,0x0,0x0,5,1,26
2023-10-21 15:08:53.514343,2023-10-21 15:08:53.683740,18383032903528,0x68,0x67,0x25,0x22,0xb8,0x10,0x0,0x0,0x0,0x0,0x0,0x0,0x0,0x0,0x0,0x0,0x0,0x0,0x0,0x0,0x0,0x0,0x0,0x0,0x0,0x0,0x0,0x0,0x0,0x0,0x0,0x0,0x68,0x67,0x25,0x25,0xe5,0x8,0x0,0x0,0x68,0x67,0x25,0x25,0xfc,0xec,0x0,0x0,0x68,0x67,0x25,0x23,0x87,0x36,0x0,0x0,5,1,26
2023-10-21 15:08:53.514343,2023-10-21 15:08:53.683740,88678762637160,0x68,0x67,0x25,0x22,0xa7,0x50,0x0,0x0,0x0,0x0,0x0,0x0,0x0,0x0,0x0,0x0,0x0,0x0,0x0,0x0,0x0,0x0,0x0,0x0,0x0,0x0,0x0,0x0,0x0,0x0,0x0,0x0,0x0,0x0,0x0,0x0,0x0,0x0,0x0,0x0,0x58,0xcf,0x79,0x38,0xe7,0x72,0x0,0x0,0x68,0x67,0x25,0x24,0x91,0xca,0x0,0x0,5,1,26
2023-10-21 15:08:53.514343,2023-10-21 15:08:53.683740,75544752645992,0x68,0x67,0x25,0x22,0xb5,0x44,0x0,0x0,0x0,0x0,0x0,0x0,0x0,0x0,0x0,0x0,0x0,0x0,0x0,0x0,0x0,0x0,0x0,0x0,0x0,0x0,0x0,0x0,0x0,0x0,0x0,0x0,0x58,0xcf,0x79,0x38,0xdf,0xa6,0x0,0x64,0x0,0x0,0x0,0x0,0x0,0x0,0x0,0x0,0x68,0x67,0x25,0x25,0xfc,0xec,0x0,0x0,5,1,26
2023-10-21 15:08:53.514343,2023-10-21 15:08:53.683740,9780263741288,0x68,0x67,0x25,0x25,0xe5,0x8,0x0,0x0,0x0,0x0,0x0,0x0,0x0,0x0,0x0,0x0,0x0,0x0,0x0,0x0,0x0,0x0,0x0,0x0,0x68,0x67,0x25,0x22,0xb8,0x10,0x0,0x0,0x58,0xcf,0x79,0x38,0xdf,0x6e,0x0,0x0,0x58,0xcf,0x79,0x38,0xe0,0xac,0x0,0x0,0x58,0xcf,0x79,0x38,0xe0,0x40,0x0,0x0,5,1,26
2023-10-21 15:08:53.514343,2023-10-21 15:08:53.683740,165691821221736,0x68,0x67,0x25,0x22,0xb2,0x96,0x0,0x0,0x0,0x0,0x0,0x0,0x0,0x0,0x0,0x0,0x0,0x0,0x0,0x0,0x0,0x0,0x0,0x0,0x58,0xcf,0x79,0x38,0xe2,0x6e,0x0,0x0,0x68,0x67,0x25,0x26,0x1,0xda,0x0,0x0,0x58,0xcf,0x79,0x38,0xe0,0x40,0x0,0x0,0x58,0xcf,0x79,0x38,0xe7,0x72,0x0,0x0,5,1,26
2023-10-21 15:08:53.514343,2023-10-21 15:08:53.683740,158334609352552,0x68,0x67,0x25,0x26,0x1,0x90,0x0,0x0,0x0,0x0,0x0,0x0,0x0,0x0,0x0,0x0,0x0,0x0,0x0,0x0,0x0,0x0,0x0,0x0,0x0,0x0,0x0,0x0,0x0,0x0,0x0,0x0,0x0,0x0,0x0,0x0,0x0,0x0,0x0,0x0,0x68,0x67,0x25,0x22,0xbb,0xaa,0x0,0x0,0x0,0x0,0x0,0x0,0x0,0x0,0x0,0x0,5,1,26
2023-10-21 15:08:53.514343,2023-10-21 15:08:53.683740,59954038138728,0x68,0x67,0x25,0x23,0x87,0x36,0x0,0x0,0x0,0x0,0x0,0x0,0x0,0x0,0x0,0x0,0x0,0x0,0x0,0x0,0x0,0x0,0x0,0x0,0x0,0x0,0x0,0x0,0x0,0x0,0x0,0x0,0x58,0xcf,0x79,0x38,0xe0,0x40,0x0,0x0,0x68,0x67,0x25,0x22,0xb8,0x10,0x0,0x0,0x58,0xcf,0x79,0x38,0xe2,0x6e,0x0,0x0,5,1,26
2023-10-21 15:08:53.514343,2023-10-21 15:08:53.683740,167671868254056,0x68,0x67,0x25,0x26,0x7f,0x98,0x0,0x0,0x0,0x0,0x0,0x0,0x0,0x0,0x0,0x0,0x0,0x0,0x0,0x0,0x0,0x0,0x0,0x0,0x58,0xcf,0x79,0x38,0xdf,0xa6,0x0,0x0,0x0,0x0,0x0,0x0,0x0,0x0,0x0,0x0,0x0,0x0,0x0,0x0,0x0,0x0,0x0,0x0,0x68,0x67,0x25,0x22,0xf5,0x8c,0x0,0x0,5,1,26
2023-10-21 15:08:53.514343,2023-10-21 15:08:53.683740,88554242140008,0x68,0x67,0x25,0x24,0x8a,0x50,0x0,0x0,0x0,0x0,0x0,0x0,0x0,0x0,0x0,0x0,0x0,0x0,0x0,0x0,0x0,0x0,0x0,0x0,0x0,0x0,0x0,0x0,0x0,0x0,0x0,0x0,0x58,0xcf,0x79,0x38,0xe7,0x72,0x0,0x0,0x58,0xcf,0x79,0x38,0xe2,0x6e,0x0,0x64,0x0,0x0,0x0,0x0,0x0,0x0,0x0,0x0,5,1,26
2023-10-21 15:08:53.514343,2023-10-21 15:08:53.683740,244169855061848,0x58,0xcf,0x79,0x39,0x12,0xde,0x0,0x0,0x0,0x0,0x0,0x0,0x0,0x0,0x0,0x0,0x0,0x0,0x0,0x0,0x0,0x0,0x0,0x0,0x0,0x0,0x0,0x0,0x0,0x0,0x0,0x0,0x0,0x0,0x0,0x0,0x0,0x0,0x0,0x0,0x68,0x67,0x25,0x22,0x9e,0x30,0x0,0x0,0x68,0x67,0x25,0x22,0xbb,0xaa,0x0,0x0,5,1,26
2023-10-21 15:08:53.514343,2023-10-21 15:08:53.683740,154984467752808,0x68,0x67,0x25,0x22,0xf5,0x8c,0x0,0x0,0x0,0x0,0x0,0x0,0x0,0x0,0x0,0x0,0x0,0x0,0x0,0x0,0x0,0x0,0x0,0x0,0x58,0xcf,0x79,0x38,0xe0,0xac,0x0,0x64,0x0,0x0,0x0,0x0,0x0,0x0,0x0,0x0,0x68,0x67,0x25,0x26,0x7f,0x98,0x0,0x0,0x58,0xcf,0x79,0x38,0xdf,0x6e,0x0,0x0,5,1,26
2023-10-21 15:08:53.514343,2023-10-21 15:08:53.683740,132142620824928,0x60,0x55,0xf9,0xd9,0x2e,0x78,0x0,0x0,0x0,0x0,0x0,0x0,0x0,0x0,0x0,0x0,0x0,0x0,0x0,0x0,0x0,0x0,0x0,0x0,0x0,0x0,0x0,0x0,0x0,0x0,0x0,0x0,0x68,0x67,0x25,0x25,0xfc,0xec,0x0,0x0,0x0,0x0,0x0,0x0,0x0,0x0,0x0,0x0,0x0,0x0,0x0,0x0,0x0,0x0,0x0,0x0,5,1,26
2023-10-21 15:08:53.514343,2023-10-21 15:08:53.683740,77679368169320,0x68,0x67,0x25,0x23,0xa6,0x46,0x0,0x0,0x0,0x0,0x0,0x0,0x0,0x0,0x0,0x0,0x0,0x0,0x0,0x0,0x0,0x0,0x0,0x0,0x0,0x0,0x0,0x0,0x0,0x0,0x0,0x0,0x0,0x0,0x0,0x0,0x0,0x0,0x0,0x0,0x68,0x67,0x25,0x24,0x91,0xca,0x0,0x0,0x68,0x67,0x25,0x25,0xe3,0xb8,0x0,0x0,5,1,26
2023-10-21 15:08:53.514343,2023-10-21 15:08:53.683740,126337410518872,0x58,0xcf,0x79,0x38,0xe7,0x72,0x0,0x0,0x0,0x0,0x0,0x0,0x0,0x0,0x0,0x0,0x0,0x0,0x0,0x0,0x0,0x0,0x0,0x0,0x68,0x67,0x25,0x24,0x8a,0x50,0x0,0x0,0x0,0x0,0x0,0x0,0x0,0x0,0x0,0x0,0x68,0x67,0x25,0x22,0xb2,0x96,0x0,0x0,0x68,0x67,0x25,0x22,0xa7,0x50,0x0,0x0,5,1,26
2023-10-21 15:08:53.514343,2023-10-21 15:08:53.683740,121905004269400,0x58,0xcf,0x79,0x38,0xdf,0x6e,0x0,0x0,0x0,0x0,0x0,0x0,0x0,0x0,0x0,0x0,0x0,0x0,0x0,0x0,0x0,0x0,0x0,0x0,0x68,0x67,0x25,0x25,0xe5,0x8,0x0,0x0,0x0,0x0,0x0,0x0,0x0,0x0,0x0,0x0,0x68,0x67,0x25,0x22,0xf5,0x8c,0x0,0x0,0x68,0x67,0x25,0x25,0xe9,0x26,0x0,0x0,5,1,26
2023-10-21 15:08:53.514343,2023-10-21 15:08:53.683740,260567699122024,0x68,0x67,0x25,0x25,0xfc,0xec,0x0,0x0,0x0,0x0,0x0,0x0,0x0,0x0,0x0,0x0,0x0,0x0,0x0,0x0,0x0,0x0,0x0,0x0,0x60,0x55,0xf9,0xd9,0x2e,0x78,0x0,0x0,0x58,0xcf,0x79,0x38,0xe0,0xac,0x0,0x0,0x68,0x67,0x25,0x22,0xb5,0x44,0x0,0x0,0x68,0x67,0x25,0x22,0xb8,0x10,0x0,0x0,5,1,26
2023-10-21 15:08:53.514343,2023-10-21 15:08:53.683740,190079020158808,0x58,0xcf,0x79,0x38,0xe0,0xac,0x0,0x0,0x0,0x0,0x0,0x0,0x0,0x0,0x0,0x0,0x0,0x0,0x0,0x0,0x0,0x0,0x0,0x0,0x68,0x67,0x25,0x25,0xfc,0xec,0x0,0x0,0x68,0x67,0x25,0x22,0xf5,0x8c,0x0,0x64,0x58,0xcf,0x79,0x38,0xdf,0xa6,0x0,0x0,0x68,0x67,0x25,0x25,0xe5,0x8,0x0,0x0,5,1,26
2023-10-21 15:08:53.514343,2023-10-21 15:08:53.683740,183477655424856,0x58,0xcf,0x79,0x38,0xdf,0xa6,0x0,0x0,0x0,0x0,0x0,0x0,0x0,0x0,0x0,0x0,0x0,0x0,0x0,0x0,0x0,0x0,0x0,0x0,0x68,0x67,0x25,0x22,0xb5,0x44,0x0,0x0,0x68,0x67,0x25,0x26,0x7f,0x98,0x0,0x0,0x0,0x0,0x0,0x0,0x0,0x0,0x0,0x0,0x58,0xcf,0x79,0x38,0xe0,0xac,0x0,0x0,5,1,26
2023-10-21 15:08:53.514343,2023-10-21 15:08:53.683740,71331764359000,0x58,0xcf,0x79,0x38,0xe0,0x40,0x0,0x0,0x0,0x0,0x0,0x0,0x0,0x0,0x0,0x0,0x0,0x0,0x0,0x0,0x0,0x0,0x0,0x0,0x68,0x67,0x25,0x23,0x87,0x36,0x0,0x0,0x68,0x67,0x25,0x25,0xe9,0x26,0x0,0x0,0x68,0x67,0x25,0x25,0xe5,0x8,0x0,0x0,0x68,0x67,0x25,0x22,0xb2,0x96,0x0,0x0,5,1,26
2023-10-21 15:08:53.514343,2023-10-21 15:08:53.683740,239698469807976,0x68,0x67,0x25,0x26,0x1,0xda,0x0,0x0,0x0,0x0,0x0,0x0,0x0,0x0,0x0,0x0,0x0,0x0,0x0,0x0,0x0,0x0,0x0,0x0,0x68,0x67,0x25,0x22,0xb2,0x96,0x0,0x0,0x0,0x0,0x0,0x0,0x0,0x0,0x0,0x0,0x68,0x67,0x25,0x25,0xe9,0x26,0x0,0x0,0x0,0x0,0x0,0x0,0x0,0x0,0x0,0x0,5,1,26
